# {"archival": false, "configuration": "regime_negative", "formula_version": "menthorq_eod_v1", "menthorq_context_version": "menthorq_eod_v1", "report_only": true, "run_identity": {"core_replay_id": "915a588d17ac213f2e8ca1007e405568f994df30a2e27dc83964189701a0680f", "evaluation_dates": ["2025-06-16", "2025-06-17", "2025-06-18", "2025-06-19", "2025-06-20", "2025-06-23", "2025-06-24", "2025-06-25", "2025-06-26", "2025-06-27", "2025-06-30", "2025-07-01", "2025-07-02", "2025-07-03", "2025-07-04", "2025-07-07", "2025-07-09", "2025-07-10", "2025-07-11", "2025-07-14", "2025-07-15", "2025-07-16", "2025-07-17", "2025-07-18", "2025-07-21", "2025-07-22", "2025-07-23", "2025-07-24", "2025-07-25", "2025-07-28", "2025-07-29", "2025-07-30", "2025-07-31", "2025-08-01", "2025-08-04", "2025-08-05", "2025-08-06", "2025-08-07", "2025-08-08", "2025-08-11", "2025-08-12", "2025-08-13", "2025-08-14", "2025-08-15", "2025-08-18", "2025-08-19", "2025-08-20", "2025-08-21", "2025-08-22", "2025-08-25", "2025-08-26", "2025-08-27", "2025-08-28", "2025-08-29", "2025-09-01", "2025-09-02", "2025-09-03", "2025-09-04", "2025-09-05", "2025-09-08", "2025-09-09", "2025-09-10", "2025-09-11", "2025-09-12", "2025-09-15", "2025-09-16", "2025-09-17", "2025-09-18", "2025-09-19", "2025-09-22", "2025-09-23", "2025-09-24", "2025-09-25", "2025-09-26", "2025-09-29", "2025-09-30", "2025-10-01", "2025-10-02", "2025-10-03", "2025-10-06", "2025-10-07", "2025-10-08", "2025-10-09", "2025-10-10", "2025-10-13", "2025-10-14", "2025-10-15", "2025-10-16", "2025-10-17", "2025-10-20", "2025-10-21", "2025-10-22", "2025-10-23", "2025-10-24", "2025-10-27", "2025-10-28", "2025-10-29", "2025-10-30", "2025-10-31", "2025-11-03", "2025-11-04", "2025-11-05", "2025-11-06", "2025-11-07", "2025-11-10", "2025-11-11", "2025-11-12", "2025-11-13", "2025-11-17", "2025-11-18", "2025-11-19", "2025-11-21", "2025-11-24", "2025-11-25", "2025-11-26", "2025-11-27", "2025-11-28", "2025-12-01", "2025-12-02", "2025-12-03", "2025-12-04", "2025-12-05", "2025-12-08", "2025-12-09", "2025-12-10", "2025-12-11", "2025-12-12", "2025-12-15", "2025-12-16", "2025-12-17", "2025-12-18", "2025-12-19", "2025-12-22", "2025-12-23", "2025-12-24", "2025-12-26", "2025-12-29", "2025-12-30", "2025-12-31", "2026-01-02", "2026-01-05", "2026-01-06", "2026-01-07", "2026-01-08", "2026-01-09", "2026-01-12", "2026-01-13", "2026-01-14", "2026-01-15", "2026-01-16", "2026-01-19", "2026-01-20", "2026-01-21", "2026-01-22", "2026-01-23", "2026-01-26", "2026-01-27", "2026-01-28", "2026-01-29", "2026-01-30", "2026-02-02", "2026-02-03", "2026-02-04", "2026-02-05", "2026-02-06", "2026-02-09", "2026-02-10", "2026-02-11", "2026-02-12", "2026-02-13", "2026-02-16", "2026-02-17", "2026-02-18", "2026-02-19", "2026-02-20", "2026-02-23", "2026-02-24", "2026-02-25", "2026-02-26", "2026-02-27", "2026-03-02", "2026-03-03", "2026-03-04", "2026-03-05", "2026-03-06", "2026-03-09", "2026-03-10", "2026-03-11", "2026-03-12", "2026-03-13", "2026-03-16", "2026-03-17", "2026-03-18", "2026-03-19", "2026-03-20", "2026-03-23", "2026-03-24", "2026-03-25", "2026-03-26", "2026-03-27", "2026-03-30", "2026-03-31", "2026-04-01", "2026-04-02", "2026-04-03", "2026-04-06", "2026-04-07", "2026-04-08", "2026-04-09", "2026-04-10", "2026-04-13", "2026-04-14", "2026-04-15", "2026-04-16", "2026-04-17", "2026-04-20", "2026-04-21", "2026-04-22", "2026-04-23", "2026-04-24", "2026-04-27", "2026-04-28", "2026-04-29", "2026-04-30", "2026-05-01", "2026-05-04", "2026-05-05", "2026-05-06", "2026-05-07", "2026-05-08", "2026-05-11", "2026-05-12", "2026-05-13", "2026-05-14", "2026-05-15", "2026-05-18", "2026-05-19", "2026-05-20", "2026-05-21", "2026-05-22", "2026-05-25", "2026-05-26", "2026-05-27", "2026-05-28", "2026-05-29", "2026-06-01", "2026-06-02", "2026-06-03", "2026-06-04", "2026-06-05", "2026-06-08", "2026-06-09", "2026-06-10"], "pipeline_semantic_id": "1e3018b11ed0130545aefda0aeca927d625f246d7054b0ba7847e3a5c299e37a", "quant_lab_commit": "8c46f80dc65485c70751785b8edcaf5dfc11c0d2", "quant_lab_replay_source_identity": "affe0fc52ec790dd8c29b1dc171167276975ff72be739f08fd1dfd2ebd41e251", "replay_dates": ["2025-06-02", "2025-06-03", "2025-06-04", "2025-06-05", "2025-06-06", "2025-06-09", "2025-06-10", "2025-06-11", "2025-06-12", "2025-06-13", "2025-06-16", "2025-06-17", "2025-06-18", "2025-06-19", "2025-06-20", "2025-06-23", "2025-06-24", "2025-06-25", "2025-06-26", "2025-06-27", "2025-06-30", "2025-07-01", "2025-07-02", "2025-07-03", "2025-07-04", "2025-07-07", "2025-07-09", "2025-07-10", "2025-07-11", "2025-07-14", "2025-07-15", "2025-07-16", "2025-07-17", "2025-07-18", "2025-07-21", "2025-07-22", "2025-07-23", "2025-07-24", "2025-07-25", "2025-07-28", "2025-07-29", "2025-07-30", "2025-07-31", "2025-08-01", "2025-08-04", "2025-08-05", "2025-08-06", "2025-08-07", "2025-08-08", "2025-08-11", "2025-08-12", "2025-08-13", "2025-08-14", "2025-08-15", "2025-08-18", "2025-08-19", "2025-08-20", "2025-08-21", "2025-08-22", "2025-08-25", "2025-08-26", "2025-08-27", "2025-08-28", "2025-08-29", "2025-09-01", "2025-09-02", "2025-09-03", "2025-09-04", "2025-09-05", "2025-09-08", "2025-09-09", "2025-09-10", "2025-09-11", "2025-09-12", "2025-09-15", "2025-09-16", "2025-09-17", "2025-09-18", "2025-09-19", "2025-09-22", "2025-09-23", "2025-09-24", "2025-09-25", "2025-09-26", "2025-09-29", "2025-09-30", "2025-10-01", "2025-10-02", "2025-10-03", "2025-10-06", "2025-10-07", "2025-10-08", "2025-10-09", "2025-10-10", "2025-10-13", "2025-10-14", "2025-10-15", "2025-10-16", "2025-10-17", "2025-10-20", "2025-10-21", "2025-10-22", "2025-10-23", "2025-10-24", "2025-10-27", "2025-10-28", "2025-10-29", "2025-10-30", "2025-10-31", "2025-11-03", "2025-11-04", "2025-11-05", "2025-11-06", "2025-11-07", "2025-11-10", "2025-11-11", "2025-11-12", "2025-11-13", "2025-11-17", "2025-11-18", "2025-11-19", "2025-11-21", "2025-11-24", "2025-11-25", "2025-11-26", "2025-11-27", "2025-11-28", "2025-12-01", "2025-12-02", "2025-12-03", "2025-12-04", "2025-12-05", "2025-12-08", "2025-12-09", "2025-12-10", "2025-12-11", "2025-12-12", "2025-12-15", "2025-12-16", "2025-12-17", "2025-12-18", "2025-12-19", "2025-12-22", "2025-12-23", "2025-12-24", "2025-12-26", "2025-12-29", "2025-12-30", "2025-12-31", "2026-01-02", "2026-01-05", "2026-01-06", "2026-01-07", "2026-01-08", "2026-01-09", "2026-01-12", "2026-01-13", "2026-01-14", "2026-01-15", "2026-01-16", "2026-01-19", "2026-01-20", "2026-01-21", "2026-01-22", "2026-01-23", "2026-01-26", "2026-01-27", "2026-01-28", "2026-01-29", "2026-01-30", "2026-02-02", "2026-02-03", "2026-02-04", "2026-02-05", "2026-02-06", "2026-02-09", "2026-02-10", "2026-02-11", "2026-02-12", "2026-02-13", "2026-02-16", "2026-02-17", "2026-02-18", "2026-02-19", "2026-02-20", "2026-02-23", "2026-02-24", "2026-02-25", "2026-02-26", "2026-02-27", "2026-03-02", "2026-03-03", "2026-03-04", "2026-03-05", "2026-03-06", "2026-03-09", "2026-03-10", "2026-03-11", "2026-03-12", "2026-03-13", "2026-03-16", "2026-03-17", "2026-03-18", "2026-03-19", "2026-03-20", "2026-03-23", "2026-03-24", "2026-03-25", "2026-03-26", "2026-03-27", "2026-03-30", "2026-03-31", "2026-04-01", "2026-04-02", "2026-04-03", "2026-04-06", "2026-04-07", "2026-04-08", "2026-04-09", "2026-04-10", "2026-04-13", "2026-04-14", "2026-04-15", "2026-04-16", "2026-04-17", "2026-04-20", "2026-04-21", "2026-04-22", "2026-04-23", "2026-04-24", "2026-04-27", "2026-04-28", "2026-04-29", "2026-04-30", "2026-05-01", "2026-05-04", "2026-05-05", "2026-05-06", "2026-05-07", "2026-05-08", "2026-05-11", "2026-05-12", "2026-05-13", "2026-05-14", "2026-05-15", "2026-05-18", "2026-05-19", "2026-05-20", "2026-05-21", "2026-05-22", "2026-05-25", "2026-05-26", "2026-05-27", "2026-05-28", "2026-05-29", "2026-06-01", "2026-06-02", "2026-06-03", "2026-06-04", "2026-06-05", "2026-06-08", "2026-06-09", "2026-06-10"], "replay_input_bundle_id": "8bfc79dfed8bdc85b700c9f3c2e4351ee017c9a4df1c2f5d73c2e08fb3384dd8", "resolved_section_config_hash": "3ea306a39d7fe1ef0a2f309a0d81074a1b461be23750e6c5f4e80bea3095291f", "search_id": "519b5317ebde363e47081db22e3a022378403e2468155d1af0415cdb33290a3b", "strategy_core_commit": "709487bc85ef82a259297c4ad6f3f198f4cabbcd", "strategy_core_source_identity": "30ffab98b2766da326a3712d2639e962e1b72241b9c3327fdb41faa95f5ec57b", "v2_dataset_artifact_id": "908e3831ae8f446281596d44d4d0de19e75570085d14f48119f91690ccb1988f", "warmup_dates": ["2025-06-02", "2025-06-03", "2025-06-04", "2025-06-05", "2025-06-06", "2025-06-09", "2025-06-10", "2025-06-11", "2025-06-12", "2025-06-13"]}, "schema_version": 1, "source_file_sha256": {"daily_total_dealer_gamma_and_regime.csv": "afb8e9bae8c9ae5a6200cb49e3862d222551e168962ac402fefff6ee15c9821d", "eod_gamma_levels_daily_wide.csv": "aeb8bad860db92863af8c5db289eb426dcf765061783264e1a527cd39dac9553"}}
candidate_id,decision_id,trade_id,availability_ts_utc,entry_price_points,tick_size,trading_date,source_eod_date,source_file_sha256,levels,regime,total_net_gex,gex_percentile_1y,implied_move_points,selected_instrument_id,roll_flag,context_available,unavailable_reason,slot_chicago,hvl_side,nearest_above_names,nearest_above_points,nearest_above_distance_points,nearest_above_distance_implied,nearest_below_names,nearest_below_points,nearest_below_distance_points,nearest_below_distance_implied,nearest_support_is_gex1,nearest_support_universe,opening_move_signed,opening_move_abs,regime_gate_blocked,nearest_support_gate_blocked,gate_status,entry_session
bb160f35-c705-5ae7-b9dc-3094b9b187f2,6c06c04e-d50f-5aeb-86f4-b92c89abeb8a,facf8614-4760-58f3-a675-c5f6d94f3473,2025-06-05T10:32:00+00:00,21802.75,0.25,2025-06-05,,aeb8bad860db92863af8c5db289eb426dcf765061783264e1a527cd39dac9553,"{""Call Resistance"": null, ""Put Support"": null, ""HVL"": null, ""1D Min"": null, ""1D Max"": null, ""Call Resistance 0DTE"": null, ""Put Support 0DTE"": null, ""HVL 0DTE"": null, ""Gamma Wall 0DTE"": null, ""GEX 1"": null, ""GEX 2"": null, ""GEX 3"": null, ""GEX 4"": null, ""GEX 5"": null, ""GEX 6"": null, ""GEX 7"": null, ""GEX 8"": null, ""GEX 9"": null, ""GEX 10"": null}",unknown,,,,42005804,False,False,before_0600,outside_cash,,,,,,,,,,,all_19,,,,,not_applicable_outside_hours,london
e67976e5-a5f9-501b-b251-adcfb321586c,,,2025-06-05T10:32:00+00:00,21802.75,0.25,2025-06-05,,aeb8bad860db92863af8c5db289eb426dcf765061783264e1a527cd39dac9553,"{""Call Resistance"": null, ""Put Support"": null, ""HVL"": null, ""1D Min"": null, ""1D Max"": null, ""Call Resistance 0DTE"": null, ""Put Support 0DTE"": null, ""HVL 0DTE"": null, ""Gamma Wall 0DTE"": null, ""GEX 1"": null, ""GEX 2"": null, ""GEX 3"": null, ""GEX 4"": null, ""GEX 5"": null, ""GEX 6"": null, ""GEX 7"": null, ""GEX 8"": null, ""GEX 9"": null, ""GEX 10"": null}",unknown,,,,42005804,False,False,before_0600,outside_cash,,,,,,,,,,,all_19,,,,,not_applicable_outside_hours,london
dec9e498-f902-5d2e-a7f5-16c43333948a,,,2025-06-05T12:11:00+00:00,21772.0,0.25,2025-06-05,2025-06-04,aeb8bad860db92863af8c5db289eb426dcf765061783264e1a527cd39dac9553,"{""Call Resistance"": 21900.0, ""Put Support"": 21780.0, ""HVL"": 21790.0, ""1D Min"": 21511.15, ""1D Max"": 21984.85, ""Call Resistance 0DTE"": 21900.0, ""Put Support 0DTE"": 21750.0, ""HVL 0DTE"": 21790.0, ""Gamma Wall 0DTE"": 21900.0, ""GEX 1"": 21800.0, ""GEX 2"": 21850.0, ""GEX 3"": 21910.0, ""GEX 4"": 21950.0, ""GEX 5"": 21890.0, ""GEX 6"": 22000.0, ""GEX 7"": 21500.0, ""GEX 8"": 21300.0, ""GEX 9"": 22100.0, ""GEX 10"": 22050.0}",positive,2265368.8647174663,0.5254237288135594,236.84999999999854,42005804,False,True,,outside_cash,below,Put Support,21780.0,8.0,0.03377665188938167,Put Support 0DTE,21750.0,22.0,0.0928857926957996,False,all_19,0.07388642600802241,0.07388642600802241,True,False,evaluated,ny
9f92fb8a-cbca-58c8-a0dc-c9ab239f620c,,,2025-06-05T12:14:00+00:00,21779.75,0.25,2025-06-05,2025-06-04,aeb8bad860db92863af8c5db289eb426dcf765061783264e1a527cd39dac9553,"{""Call Resistance"": 21900.0, ""Put Support"": 21780.0, ""HVL"": 21790.0, ""1D Min"": 21511.15, ""1D Max"": 21984.85, ""Call Resistance 0DTE"": 21900.0, ""Put Support 0DTE"": 21750.0, ""HVL 0DTE"": 21790.0, ""Gamma Wall 0DTE"": 21900.0, ""GEX 1"": 21800.0, ""GEX 2"": 21850.0, ""GEX 3"": 21910.0, ""GEX 4"": 21950.0, ""GEX 5"": 21890.0, ""GEX 6"": 22000.0, ""GEX 7"": 21500.0, ""GEX 8"": 21300.0, ""GEX 9"": 22100.0, ""GEX 10"": 22050.0}",positive,2265368.8647174663,0.5254237288135594,236.84999999999854,42005804,False,True,,outside_cash,below,Put Support,21780.0,0.25,0.0010555203715431772,Put Support 0DTE,21750.0,29.75,0.1256069242136381,False,all_19,0.09605235381042913,0.09605235381042913,True,False,evaluated,ny
cef39df4-7dc3-5767-8d03-bbeb72c63d72,0196c03a-d089-5d7e-b706-8ec1c5646d6a,3be59de9-ab51-5b91-b546-aa0d40d9989e,2025-06-06T09:55:00+00:00,21684.5,0.25,2025-06-06,,aeb8bad860db92863af8c5db289eb426dcf765061783264e1a527cd39dac9553,"{""Call Resistance"": null, ""Put Support"": null, ""HVL"": null, ""1D Min"": null, ""1D Max"": null, ""Call Resistance 0DTE"": null, ""Put Support 0DTE"": null, ""HVL 0DTE"": null, ""Gamma Wall 0DTE"": null, ""GEX 1"": null, ""GEX 2"": null, ""GEX 3"": null, ""GEX 4"": null, ""GEX 5"": null, ""GEX 6"": null, ""GEX 7"": null, ""GEX 8"": null, ""GEX 9"": null, ""GEX 10"": null}",unknown,,,,42005804,False,False,before_0600,outside_cash,,,,,,,,,,,all_19,,,,,not_applicable_outside_hours,london
f2f8ee9e-5bb6-5e60-b432-89fac8dee49d,,,2025-06-06T10:02:00+00:00,21673.75,0.25,2025-06-06,,aeb8bad860db92863af8c5db289eb426dcf765061783264e1a527cd39dac9553,"{""Call Resistance"": null, ""Put Support"": null, ""HVL"": null, ""1D Min"": null, ""1D Max"": null, ""Call Resistance 0DTE"": null, ""Put Support 0DTE"": null, ""HVL 0DTE"": null, ""Gamma Wall 0DTE"": null, ""GEX 1"": null, ""GEX 2"": null, ""GEX 3"": null, ""GEX 4"": null, ""GEX 5"": null, ""GEX 6"": null, ""GEX 7"": null, ""GEX 8"": null, ""GEX 9"": null, ""GEX 10"": null}",unknown,,,,42005804,False,False,before_0600,outside_cash,,,,,,,,,,,all_19,,,,,not_applicable_outside_hours,london
0cbe9c56-60d0-5d42-8312-d90abe75fa3a,,,2025-06-06T10:21:00+00:00,21688.0,0.25,2025-06-06,,aeb8bad860db92863af8c5db289eb426dcf765061783264e1a527cd39dac9553,"{""Call Resistance"": null, ""Put Support"": null, ""HVL"": null, ""1D Min"": null, ""1D Max"": null, ""Call Resistance 0DTE"": null, ""Put Support 0DTE"": null, ""HVL 0DTE"": null, ""Gamma Wall 0DTE"": null, ""GEX 1"": null, ""GEX 2"": null, ""GEX 3"": null, ""GEX 4"": null, ""GEX 5"": null, ""GEX 6"": null, ""GEX 7"": null, ""GEX 8"": null, ""GEX 9"": null, ""GEX 10"": null}",unknown,,,,42005804,False,False,before_0600,outside_cash,,,,,,,,,,,all_19,,,,,not_applicable_outside_hours,london
d431d8a0-2de9-5db2-aa2f-9b7c3a321fd4,,,2025-06-06T10:40:00+00:00,21676.0,0.25,2025-06-06,,aeb8bad860db92863af8c5db289eb426dcf765061783264e1a527cd39dac9553,"{""Call Resistance"": null, ""Put Support"": null, ""HVL"": null, ""1D Min"": null, ""1D Max"": null, ""Call Resistance 0DTE"": null, ""Put Support 0DTE"": null, ""HVL 0DTE"": null, ""Gamma Wall 0DTE"": null, ""GEX 1"": null, ""GEX 2"": null, ""GEX 3"": null, ""GEX 4"": null, ""GEX 5"": null, ""GEX 6"": null, ""GEX 7"": null, ""GEX 8"": null, ""GEX 9"": null, ""GEX 10"": null}",unknown,,,,42005804,False,False,before_0600,outside_cash,,,,,,,,,,,all_19,,,,,not_applicable_outside_hours,london
f93907b9-5a4d-56ff-a8b6-5077e43ffa8e,41d721bd-a80f-5be5-8507-d99f07182b91,af44ba46-87a3-5b3d-860b-ecd68b652698,2025-06-10T03:54:00+00:00,21943.75,0.25,2025-06-09,,aeb8bad860db92863af8c5db289eb426dcf765061783264e1a527cd39dac9553,"{""Call Resistance"": null, ""Put Support"": null, ""HVL"": null, ""1D Min"": null, ""1D Max"": null, ""Call Resistance 0DTE"": null, ""Put Support 0DTE"": null, ""HVL 0DTE"": null, ""Gamma Wall 0DTE"": null, ""GEX 1"": null, ""GEX 2"": null, ""GEX 3"": null, ""GEX 4"": null, ""GEX 5"": null, ""GEX 6"": null, ""GEX 7"": null, ""GEX 8"": null, ""GEX 9"": null, ""GEX 10"": null}",unknown,,,,42005804,False,False,after_1700,outside_cash,,,,,,,,,,,all_19,,,,,not_applicable_outside_hours,asia
269fbaef-9eca-54ce-8ad2-696887ff9255,,,2025-06-10T03:56:00+00:00,21942.0,0.25,2025-06-09,,aeb8bad860db92863af8c5db289eb426dcf765061783264e1a527cd39dac9553,"{""Call Resistance"": null, ""Put Support"": null, ""HVL"": null, ""1D Min"": null, ""1D Max"": null, ""Call Resistance 0DTE"": null, ""Put Support 0DTE"": null, ""HVL 0DTE"": null, ""Gamma Wall 0DTE"": null, ""GEX 1"": null, ""GEX 2"": null, ""GEX 3"": null, ""GEX 4"": null, ""GEX 5"": null, ""GEX 6"": null, ""GEX 7"": null, ""GEX 8"": null, ""GEX 9"": null, ""GEX 10"": null}",unknown,,,,42005804,False,False,after_1700,outside_cash,,,,,,,,,,,all_19,,,,,not_applicable_outside_hours,asia
de8e864a-f0bd-53dd-972f-8ce3094db998,,,2025-06-18T05:55:00+00:00,21987.75,0.25,2025-06-18,,aeb8bad860db92863af8c5db289eb426dcf765061783264e1a527cd39dac9553,"{""Call Resistance"": null, ""Put Support"": null, ""HVL"": null, ""1D Min"": null, ""1D Max"": null, ""Call Resistance 0DTE"": null, ""Put Support 0DTE"": null, ""HVL 0DTE"": null, ""Gamma Wall 0DTE"": null, ""GEX 1"": null, ""GEX 2"": null, ""GEX 3"": null, ""GEX 4"": null, ""GEX 5"": null, ""GEX 6"": null, ""GEX 7"": null, ""GEX 8"": null, ""GEX 9"": null, ""GEX 10"": null}",unknown,,,,42008487,False,False,before_0600,outside_cash,,,,,,,,,,,all_19,,,,,not_applicable_outside_hours,none
b83e8377-21d0-562f-9f2e-852c2637dc67,,,2025-06-18T05:56:00+00:00,21987.75,0.25,2025-06-18,,aeb8bad860db92863af8c5db289eb426dcf765061783264e1a527cd39dac9553,"{""Call Resistance"": null, ""Put Support"": null, ""HVL"": null, ""1D Min"": null, ""1D Max"": null, ""Call Resistance 0DTE"": null, ""Put Support 0DTE"": null, ""HVL 0DTE"": null, ""Gamma Wall 0DTE"": null, ""GEX 1"": null, ""GEX 2"": null, ""GEX 3"": null, ""GEX 4"": null, ""GEX 5"": null, ""GEX 6"": null, ""GEX 7"": null, ""GEX 8"": null, ""GEX 9"": null, ""GEX 10"": null}",unknown,,,,42008487,False,False,before_0600,outside_cash,,,,,,,,,,,all_19,,,,,not_applicable_outside_hours,none
0a798bbd-ac06-51ff-bc69-d93c22e60eb1,,,2025-06-18T06:02:00+00:00,21987.5,0.25,2025-06-18,,aeb8bad860db92863af8c5db289eb426dcf765061783264e1a527cd39dac9553,"{""Call Resistance"": null, ""Put Support"": null, ""HVL"": null, ""1D Min"": null, ""1D Max"": null, ""Call Resistance 0DTE"": null, ""Put Support 0DTE"": null, ""HVL 0DTE"": null, ""Gamma Wall 0DTE"": null, ""GEX 1"": null, ""GEX 2"": null, ""GEX 3"": null, ""GEX 4"": null, ""GEX 5"": null, ""GEX 6"": null, ""GEX 7"": null, ""GEX 8"": null, ""GEX 9"": null, ""GEX 10"": null}",unknown,,,,42008487,False,False,before_0600,outside_cash,,,,,,,,,,,all_19,,,,,not_applicable_outside_hours,london
f502482e-5d98-583e-9a71-927ec16b62ff,af7b6870-7829-5f5b-9343-2b1cc6b7d187,4f856895-95f0-5f53-b1b6-e1c7a6ddd9df,2025-06-18T06:10:00+00:00,22000.75,0.25,2025-06-18,,aeb8bad860db92863af8c5db289eb426dcf765061783264e1a527cd39dac9553,"{""Call Resistance"": null, ""Put Support"": null, ""HVL"": null, ""1D Min"": null, ""1D Max"": null, ""Call Resistance 0DTE"": null, ""Put Support 0DTE"": null, ""HVL 0DTE"": null, ""Gamma Wall 0DTE"": null, ""GEX 1"": null, ""GEX 2"": null, ""GEX 3"": null, ""GEX 4"": null, ""GEX 5"": null, ""GEX 6"": null, ""GEX 7"": null, ""GEX 8"": null, ""GEX 9"": null, ""GEX 10"": null}",unknown,,,,42008487,False,False,before_0600,outside_cash,,,,,,,,,,,all_19,,,,,not_applicable_outside_hours,london
6fbbc882-6348-5fd4-adca-4e5c3ca62c0c,,,2025-06-18T06:11:00+00:00,22000.75,0.25,2025-06-18,,aeb8bad860db92863af8c5db289eb426dcf765061783264e1a527cd39dac9553,"{""Call Resistance"": null, ""Put Support"": null, ""HVL"": null, ""1D Min"": null, ""1D Max"": null, ""Call Resistance 0DTE"": null, ""Put Support 0DTE"": null, ""HVL 0DTE"": null, ""Gamma Wall 0DTE"": null, ""GEX 1"": null, ""GEX 2"": null, ""GEX 3"": null, ""GEX 4"": null, ""GEX 5"": null, ""GEX 6"": null, ""GEX 7"": null, ""GEX 8"": null, ""GEX 9"": null, ""GEX 10"": null}",unknown,,,,42008487,False,False,before_0600,outside_cash,,,,,,,,,,,all_19,,,,,not_applicable_outside_hours,london
4f05fcd5-49ee-5286-bc67-999796a99399,,,2025-06-18T06:13:00+00:00,22010.25,0.25,2025-06-18,,aeb8bad860db92863af8c5db289eb426dcf765061783264e1a527cd39dac9553,"{""Call Resistance"": null, ""Put Support"": null, ""HVL"": null, ""1D Min"": null, ""1D Max"": null, ""Call Resistance 0DTE"": null, ""Put Support 0DTE"": null, ""HVL 0DTE"": null, ""Gamma Wall 0DTE"": null, ""GEX 1"": null, ""GEX 2"": null, ""GEX 3"": null, ""GEX 4"": null, ""GEX 5"": null, ""GEX 6"": null, ""GEX 7"": null, ""GEX 8"": null, ""GEX 9"": null, ""GEX 10"": null}",unknown,,,,42008487,False,False,before_0600,outside_cash,,,,,,,,,,,all_19,,,,,not_applicable_outside_hours,london
cd474f75-5a50-5fc6-a110-acaafe28db1f,,,2025-06-18T06:24:00+00:00,22009.0,0.25,2025-06-18,,aeb8bad860db92863af8c5db289eb426dcf765061783264e1a527cd39dac9553,"{""Call Resistance"": null, ""Put Support"": null, ""HVL"": null, ""1D Min"": null, ""1D Max"": null, ""Call Resistance 0DTE"": null, ""Put Support 0DTE"": null, ""HVL 0DTE"": null, ""Gamma Wall 0DTE"": null, ""GEX 1"": null, ""GEX 2"": null, ""GEX 3"": null, ""GEX 4"": null, ""GEX 5"": null, ""GEX 6"": null, ""GEX 7"": null, ""GEX 8"": null, ""GEX 9"": null, ""GEX 10"": null}",unknown,,,,42008487,False,False,before_0600,outside_cash,,,,,,,,,,,all_19,,,,,not_applicable_outside_hours,london
c62afc22-1901-55dd-857b-e1f15394bedf,,,2025-06-18T06:28:00+00:00,22015.0,0.25,2025-06-18,,aeb8bad860db92863af8c5db289eb426dcf765061783264e1a527cd39dac9553,"{""Call Resistance"": null, ""Put Support"": null, ""HVL"": null, ""1D Min"": null, ""1D Max"": null, ""Call Resistance 0DTE"": null, ""Put Support 0DTE"": null, ""HVL 0DTE"": null, ""Gamma Wall 0DTE"": null, ""GEX 1"": null, ""GEX 2"": null, ""GEX 3"": null, ""GEX 4"": null, ""GEX 5"": null, ""GEX 6"": null, ""GEX 7"": null, ""GEX 8"": null, ""GEX 9"": null, ""GEX 10"": null}",unknown,,,,42008487,False,False,before_0600,outside_cash,,,,,,,,,,,all_19,,,,,not_applicable_outside_hours,london
c14308f3-467b-5511-aa7a-37bff43890f0,881172af-03ca-529f-ba8d-ffddeca462ab,2b26e02d-7904-5b7a-82b7-22a28bb0b2c6,2025-06-20T16:21:00+00:00,21857.5,0.25,2025-06-20,2025-06-19,aeb8bad860db92863af8c5db289eb426dcf765061783264e1a527cd39dac9553,"{""Call Resistance"": 22500.0, ""Put Support"": 21300.0, ""HVL"": 21675.0, ""1D Min"": 21565.5, ""1D Max"": 21840.5, ""Call Resistance 0DTE"": 21700.0, ""Put Support 0DTE"": 21450.0, ""HVL 0DTE"": 21675.0, ""Gamma Wall 0DTE"": 21700.0, ""GEX 1"": 21750.0, ""GEX 2"": 21800.0, ""GEX 3"": 21600.0, ""GEX 4"": 21650.0, ""GEX 5"": 21575.0, ""GEX 6"": 21900.0, ""GEX 7"": 21500.0, ""GEX 8"": 21950.0, ""GEX 9"": 21940.0, ""GEX 10"": 21860.0}",unknown,,,137.5,42008487,False,True,,s2_1000_1200,above,GEX 10,21860.0,2.5,0.01818181818181818,1D Max,21840.5,17.0,0.12363636363636364,False,all_19,1.1636363636363636,1.1636363636363636,False,False,context_unavailable,ny
1186417f-9c93-5371-aca1-62efbeaa7d65,,,2025-06-20T16:24:00+00:00,21848.75,0.25,2025-06-20,2025-06-19,aeb8bad860db92863af8c5db289eb426dcf765061783264e1a527cd39dac9553,"{""Call Resistance"": 22500.0, ""Put Support"": 21300.0, ""HVL"": 21675.0, ""1D Min"": 21565.5, ""1D Max"": 21840.5, ""Call Resistance 0DTE"": 21700.0, ""Put Support 0DTE"": 21450.0, ""HVL 0DTE"": 21675.0, ""Gamma Wall 0DTE"": 21700.0, ""GEX 1"": 21750.0, ""GEX 2"": 21800.0, ""GEX 3"": 21600.0, ""GEX 4"": 21650.0, ""GEX 5"": 21575.0, ""GEX 6"": 21900.0, ""GEX 7"": 21500.0, ""GEX 8"": 21950.0, ""GEX 9"": 21940.0, ""GEX 10"": 21860.0}",unknown,,,137.5,42008487,False,True,,s2_1000_1200,above,GEX 10,21860.0,11.25,0.08181818181818182,1D Max,21840.5,8.25,0.06,False,all_19,1.1509090909090909,1.1509090909090909,False,False,context_unavailable,ny
5484f2e7-b673-5cd8-b306-a519a086f426,,,2025-06-20T19:34:00+00:00,21822.0,0.25,2025-06-20,2025-06-19,aeb8bad860db92863af8c5db289eb426dcf765061783264e1a527cd39dac9553,"{""Call Resistance"": 22500.0, ""Put Support"": 21300.0, ""HVL"": 21675.0, ""1D Min"": 21565.5, ""1D Max"": 21840.5, ""Call Resistance 0DTE"": 21700.0, ""Put Support 0DTE"": 21450.0, ""HVL 0DTE"": 21675.0, ""Gamma Wall 0DTE"": 21700.0, ""GEX 1"": 21750.0, ""GEX 2"": 21800.0, ""GEX 3"": 21600.0, ""GEX 4"": 21650.0, ""GEX 5"": 21575.0, ""GEX 6"": 21900.0, ""GEX 7"": 21500.0, ""GEX 8"": 21950.0, ""GEX 9"": 21940.0, ""GEX 10"": 21860.0}",unknown,,,137.5,42008487,False,True,,s4_1330_1510,above,1D Max,21840.5,18.5,0.13454545454545455,GEX 2,21800.0,22.0,0.16,False,all_19,0.8472727272727273,0.8472727272727273,False,False,context_unavailable,none
37aaa73a-b76d-59ba-8165-21e50410e6bf,,,2025-06-20T19:57:00+00:00,21845.75,0.25,2025-06-20,2025-06-19,aeb8bad860db92863af8c5db289eb426dcf765061783264e1a527cd39dac9553,"{""Call Resistance"": 22500.0, ""Put Support"": 21300.0, ""HVL"": 21675.0, ""1D Min"": 21565.5, ""1D Max"": 21840.5, ""Call Resistance 0DTE"": 21700.0, ""Put Support 0DTE"": 21450.0, ""HVL 0DTE"": 21675.0, ""Gamma Wall 0DTE"": 21700.0, ""GEX 1"": 21750.0, ""GEX 2"": 21800.0, ""GEX 3"": 21600.0, ""GEX 4"": 21650.0, ""GEX 5"": 21575.0, ""GEX 6"": 21900.0, ""GEX 7"": 21500.0, ""GEX 8"": 21950.0, ""GEX 9"": 21940.0, ""GEX 10"": 21860.0}",unknown,,,137.5,42008487,False,True,,s4_1330_1510,above,GEX 10,21860.0,14.25,0.10363636363636364,1D Max,21840.5,5.25,0.038181818181818185,False,all_19,1.0436363636363637,1.0436363636363637,False,False,context_unavailable,none
071418fb-3766-5aa0-a395-b0b0a6345820,31b1c68f-2aaa-584a-b41c-1e7247534407,a0a35e1b-68f7-58df-ba64-b1861395b4fa,2025-06-20T20:02:00+00:00,21893.25,0.25,2025-06-20,2025-06-19,aeb8bad860db92863af8c5db289eb426dcf765061783264e1a527cd39dac9553,"{""Call Resistance"": 22500.0, ""Put Support"": 21300.0, ""HVL"": 21675.0, ""1D Min"": 21565.5, ""1D Max"": 21840.5, ""Call Resistance 0DTE"": 21700.0, ""Put Support 0DTE"": 21450.0, ""HVL 0DTE"": 21675.0, ""Gamma Wall 0DTE"": 21700.0, ""GEX 1"": 21750.0, ""GEX 2"": 21800.0, ""GEX 3"": 21600.0, ""GEX 4"": 21650.0, ""GEX 5"": 21575.0, ""GEX 6"": 21900.0, ""GEX 7"": 21500.0, ""GEX 8"": 21950.0, ""GEX 9"": 21940.0, ""GEX 10"": 21860.0}",unknown,,,137.5,42008487,False,True,,s4_1330_1510,above,GEX 6,21900.0,6.75,0.04909090909090909,GEX 10,21860.0,33.25,0.24181818181818182,False,all_19,1.3109090909090908,1.3109090909090908,False,False,context_unavailable,asia
be665ec1-7208-5a9c-876f-9114ede0af32,,,2025-06-20T20:16:00+00:00,21864.25,0.25,2025-06-20,2025-06-19,aeb8bad860db92863af8c5db289eb426dcf765061783264e1a527cd39dac9553,"{""Call Resistance"": 22500.0, ""Put Support"": 21300.0, ""HVL"": 21675.0, ""1D Min"": 21565.5, ""1D Max"": 21840.5, ""Call Resistance 0DTE"": 21700.0, ""Put Support 0DTE"": 21450.0, ""HVL 0DTE"": 21675.0, ""Gamma Wall 0DTE"": 21700.0, ""GEX 1"": 21750.0, ""GEX 2"": 21800.0, ""GEX 3"": 21600.0, ""GEX 4"": 21650.0, ""GEX 5"": 21575.0, ""GEX 6"": 21900.0, ""GEX 7"": 21500.0, ""GEX 8"": 21950.0, ""GEX 9"": 21940.0, ""GEX 10"": 21860.0}",unknown,,,137.5,42008487,False,True,,outside_cash,above,GEX 6,21900.0,35.75,0.26,GEX 10,21860.0,4.25,0.03090909090909091,False,all_19,1.1436363636363636,1.1436363636363636,False,False,context_unavailable,asia
ec1eebf2-9031-5f8c-b400-cbbc266456e6,,,2025-06-20T20:34:00+00:00,21867.25,0.25,2025-06-20,2025-06-19,aeb8bad860db92863af8c5db289eb426dcf765061783264e1a527cd39dac9553,"{""Call Resistance"": 22500.0, ""Put Support"": 21300.0, ""HVL"": 21675.0, ""1D Min"": 21565.5, ""1D Max"": 21840.5, ""Call Resistance 0DTE"": 21700.0, ""Put Support 0DTE"": 21450.0, ""HVL 0DTE"": 21675.0, ""Gamma Wall 0DTE"": 21700.0, ""GEX 1"": 21750.0, ""GEX 2"": 21800.0, ""GEX 3"": 21600.0, ""GEX 4"": 21650.0, ""GEX 5"": 21575.0, ""GEX 6"": 21900.0, ""GEX 7"": 21500.0, ""GEX 8"": 21950.0, ""GEX 9"": 21940.0, ""GEX 10"": 21860.0}",unknown,,,137.5,42008487,False,True,,outside_cash,above,GEX 6,21900.0,32.75,0.2381818181818182,GEX 10,21860.0,7.25,0.05272727272727273,False,all_19,1.170909090909091,1.170909090909091,False,False,context_unavailable,asia
e2178469-e51d-5d9b-8f44-9652c9235262,,,2025-06-20T20:47:00+00:00,21875.0,0.25,2025-06-20,2025-06-19,aeb8bad860db92863af8c5db289eb426dcf765061783264e1a527cd39dac9553,"{""Call Resistance"": 22500.0, ""Put Support"": 21300.0, ""HVL"": 21675.0, ""1D Min"": 21565.5, ""1D Max"": 21840.5, ""Call Resistance 0DTE"": 21700.0, ""Put Support 0DTE"": 21450.0, ""HVL 0DTE"": 21675.0, ""Gamma Wall 0DTE"": 21700.0, ""GEX 1"": 21750.0, ""GEX 2"": 21800.0, ""GEX 3"": 21600.0, ""GEX 4"": 21650.0, ""GEX 5"": 21575.0, ""GEX 6"": 21900.0, ""GEX 7"": 21500.0, ""GEX 8"": 21950.0, ""GEX 9"": 21940.0, ""GEX 10"": 21860.0}",unknown,,,137.5,42008487,False,True,,outside_cash,above,GEX 6,21900.0,25.0,0.18181818181818182,GEX 10,21860.0,15.0,0.10909090909090909,False,all_19,1.2472727272727273,1.2472727272727273,False,False,context_unavailable,asia
ad097730-2fe6-5ed3-b184-d18a27e6b7bb,,,2025-06-23T12:16:00+00:00,21848.0,0.25,2025-06-23,2025-06-20,aeb8bad860db92863af8c5db289eb426dcf765061783264e1a527cd39dac9553,"{""Call Resistance"": 22500.0, ""Put Support"": 21500.0, ""HVL"": 21950.0, ""1D Min"": 21611.08, ""1D Max"": 22136.92, ""Call Resistance 0DTE"": 22200.0, ""Put Support 0DTE"": 21300.0, ""HVL 0DTE"": 22030.0, ""Gamma Wall 0DTE"": 22200.0, ""GEX 1"": 21800.0, ""GEX 2"": 21900.0, ""GEX 3"": 21850.0, ""GEX 4"": 22100.0, ""GEX 5"": 21700.0, ""GEX 6"": 22250.0, ""GEX 7"": 22300.0, ""GEX 8"": 21600.0, ""GEX 9"": 21400.0, ""GEX 10"": 21550.0}",positive,65359.33591154963,0.3024193548387097,262.91999999999825,42008487,False,True,,outside_cash,below,GEX 3,21850.0,2.0,0.007606876616461332,GEX 1,21800.0,48.0,0.18256503879507197,True,all_19,-0.07321618743344031,0.07321618743344031,True,False,evaluated,ny
83397142-732a-57d0-8901-ce6cbe7b100a,,,2025-06-23T12:21:00+00:00,21836.5,0.25,2025-06-23,2025-06-20,aeb8bad860db92863af8c5db289eb426dcf765061783264e1a527cd39dac9553,"{""Call Resistance"": 22500.0, ""Put Support"": 21500.0, ""HVL"": 21950.0, ""1D Min"": 21611.08, ""1D Max"": 22136.92, ""Call Resistance 0DTE"": 22200.0, ""Put Support 0DTE"": 21300.0, ""HVL 0DTE"": 22030.0, ""Gamma Wall 0DTE"": 22200.0, ""GEX 1"": 21800.0, ""GEX 2"": 21900.0, ""GEX 3"": 21850.0, ""GEX 4"": 22100.0, ""GEX 5"": 21700.0, ""GEX 6"": 22250.0, ""GEX 7"": 22300.0, ""GEX 8"": 21600.0, ""GEX 9"": 21400.0, ""GEX 10"": 21550.0}",positive,65359.33591154963,0.3024193548387097,262.91999999999825,42008487,False,True,,outside_cash,below,GEX 3,21850.0,13.5,0.05134641716111399,GEX 1,21800.0,36.5,0.1388254982504193,True,all_19,-0.09888939601399731,0.09888939601399731,True,False,evaluated,ny
d4ee3574-1e76-5f99-8190-6a89fddebd90,,,2025-06-23T12:27:00+00:00,21849.0,0.25,2025-06-23,2025-06-20,aeb8bad860db92863af8c5db289eb426dcf765061783264e1a527cd39dac9553,"{""Call Resistance"": 22500.0, ""Put Support"": 21500.0, ""HVL"": 21950.0, ""1D Min"": 21611.08, ""1D Max"": 22136.92, ""Call Resistance 0DTE"": 22200.0, ""Put Support 0DTE"": 21300.0, ""HVL 0DTE"": 22030.0, ""Gamma Wall 0DTE"": 22200.0, ""GEX 1"": 21800.0, ""GEX 2"": 21900.0, ""GEX 3"": 21850.0, ""GEX 4"": 22100.0, ""GEX 5"": 21700.0, ""GEX 6"": 22250.0, ""GEX 7"": 22300.0, ""GEX 8"": 21600.0, ""GEX 9"": 21400.0, ""GEX 10"": 21550.0}",positive,65359.33591154963,0.3024193548387097,262.91999999999825,42008487,False,True,,outside_cash,below,GEX 3,21850.0,1.0,0.003803438308230666,GEX 1,21800.0,49.0,0.18636847710330262,True,all_19,-0.060855012931690655,0.060855012931690655,True,False,evaluated,ny
23377d06-b85c-51ac-8ebf-ec1ec8b157d8,,,2025-06-23T12:33:00+00:00,21848.0,0.25,2025-06-23,2025-06-20,aeb8bad860db92863af8c5db289eb426dcf765061783264e1a527cd39dac9553,"{""Call Resistance"": 22500.0, ""Put Support"": 21500.0, ""HVL"": 21950.0, ""1D Min"": 21611.08, ""1D Max"": 22136.92, ""Call Resistance 0DTE"": 22200.0, ""Put Support 0DTE"": 21300.0, ""HVL 0DTE"": 22030.0, ""Gamma Wall 0DTE"": 22200.0, ""GEX 1"": 21800.0, ""GEX 2"": 21900.0, ""GEX 3"": 21850.0, ""GEX 4"": 22100.0, ""GEX 5"": 21700.0, ""GEX 6"": 22250.0, ""GEX 7"": 22300.0, ""GEX 8"": 21600.0, ""GEX 9"": 21400.0, ""GEX 10"": 21550.0}",positive,65359.33591154963,0.3024193548387097,262.91999999999825,42008487,False,True,,outside_cash,below,GEX 3,21850.0,2.0,0.007606876616461332,GEX 1,21800.0,48.0,0.18256503879507197,True,all_19,-0.07606876616461332,0.07606876616461332,True,False,evaluated,ny
021c0228-55fa-5734-92ab-aa414c61f8df,,,2025-06-23T12:34:00+00:00,21854.0,0.25,2025-06-23,2025-06-20,aeb8bad860db92863af8c5db289eb426dcf765061783264e1a527cd39dac9553,"{""Call Resistance"": 22500.0, ""Put Support"": 21500.0, ""HVL"": 21950.0, ""1D Min"": 21611.08, ""1D Max"": 22136.92, ""Call Resistance 0DTE"": 22200.0, ""Put Support 0DTE"": 21300.0, ""HVL 0DTE"": 22030.0, ""Gamma Wall 0DTE"": 22200.0, ""GEX 1"": 21800.0, ""GEX 2"": 21900.0, ""GEX 3"": 21850.0, ""GEX 4"": 22100.0, ""GEX 5"": 21700.0, ""GEX 6"": 22250.0, ""GEX 7"": 22300.0, ""GEX 8"": 21600.0, ""GEX 9"": 21400.0, ""GEX 10"": 21550.0}",positive,65359.33591154963,0.3024193548387097,262.91999999999825,42008487,False,True,,outside_cash,below,GEX 2,21900.0,46.0,0.17495816217861063,GEX 3,21850.0,4.0,0.015213753232922664,False,all_19,-0.059904153354632984,0.059904153354632984,True,False,evaluated,ny
77a4eca9-1730-5db0-a4e5-d284dcc0ad73,,,2025-06-23T12:35:00+00:00,21857.75,0.25,2025-06-23,2025-06-20,aeb8bad860db92863af8c5db289eb426dcf765061783264e1a527cd39dac9553,"{""Call Resistance"": 22500.0, ""Put Support"": 21500.0, ""HVL"": 21950.0, ""1D Min"": 21611.08, ""1D Max"": 22136.92, ""Call Resistance 0DTE"": 22200.0, ""Put Support 0DTE"": 21300.0, ""HVL 0DTE"": 22030.0, ""Gamma Wall 0DTE"": 22200.0, ""GEX 1"": 21800.0, ""GEX 2"": 21900.0, ""GEX 3"": 21850.0, ""GEX 4"": 22100.0, ""GEX 5"": 21700.0, ""GEX 6"": 22250.0, ""GEX 7"": 22300.0, ""GEX 8"": 21600.0, ""GEX 9"": 21400.0, ""GEX 10"": 21550.0}",positive,65359.33591154963,0.3024193548387097,262.91999999999825,42008487,False,True,,outside_cash,below,GEX 2,21900.0,42.25,0.16069526852274563,GEX 3,21850.0,7.75,0.02947664688878766,False,all_19,-0.036132663928191325,0.036132663928191325,True,False,evaluated,ny
b2ee7996-0d37-5395-9c0c-17504f9c5ecb,,,2025-06-23T12:36:00+00:00,21857.25,0.25,2025-06-23,2025-06-20,aeb8bad860db92863af8c5db289eb426dcf765061783264e1a527cd39dac9553,"{""Call Resistance"": 22500.0, ""Put Support"": 21500.0, ""HVL"": 21950.0, ""1D Min"": 21611.08, ""1D Max"": 22136.92, ""Call Resistance 0DTE"": 22200.0, ""Put Support 0DTE"": 21300.0, ""HVL 0DTE"": 22030.0, ""Gamma Wall 0DTE"": 22200.0, ""GEX 1"": 21800.0, ""GEX 2"": 21900.0, ""GEX 3"": 21850.0, ""GEX 4"": 22100.0, ""GEX 5"": 21700.0, ""GEX 6"": 22250.0, ""GEX 7"": 22300.0, ""GEX 8"": 21600.0, ""GEX 9"": 21400.0, ""GEX 10"": 21550.0}",positive,65359.33591154963,0.3024193548387097,262.91999999999825,42008487,False,True,,outside_cash,below,GEX 2,21900.0,42.75,0.16259698767686095,GEX 3,21850.0,7.25,0.027574927734672326,False,all_19,-0.02186977027232633,0.02186977027232633,True,False,evaluated,ny
f888d0db-342c-55e6-bfba-ff589be45847,,,2025-06-23T12:52:00+00:00,21875.75,0.25,2025-06-23,2025-06-20,aeb8bad860db92863af8c5db289eb426dcf765061783264e1a527cd39dac9553,"{""Call Resistance"": 22500.0, ""Put Support"": 21500.0, ""HVL"": 21950.0, ""1D Min"": 21611.08, ""1D Max"": 22136.92, ""Call Resistance 0DTE"": 22200.0, ""Put Support 0DTE"": 21300.0, ""HVL 0DTE"": 22030.0, ""Gamma Wall 0DTE"": 22200.0, ""GEX 1"": 21800.0, ""GEX 2"": 21900.0, ""GEX 3"": 21850.0, ""GEX 4"": 22100.0, ""GEX 5"": 21700.0, ""GEX 6"": 22250.0, ""GEX 7"": 22300.0, ""GEX 8"": 21600.0, ""GEX 9"": 21400.0, ""GEX 10"": 21550.0}",positive,65359.33591154963,0.3024193548387097,262.91999999999825,42008487,False,True,,outside_cash,below,GEX 2,21900.0,24.25,0.09223337897459365,GEX 3,21850.0,25.75,0.09793853643693964,False,all_19,0.04088696181347966,0.04088696181347966,True,False,evaluated,ny
de3586c5-557f-5c7f-abc9-ae1c4360d3f9,,,2025-06-23T12:58:00+00:00,21880.0,0.25,2025-06-23,2025-06-20,aeb8bad860db92863af8c5db289eb426dcf765061783264e1a527cd39dac9553,"{""Call Resistance"": 22500.0, ""Put Support"": 21500.0, ""HVL"": 21950.0, ""1D Min"": 21611.08, ""1D Max"": 22136.92, ""Call Resistance 0DTE"": 22200.0, ""Put Support 0DTE"": 21300.0, ""HVL 0DTE"": 22030.0, ""Gamma Wall 0DTE"": 22200.0, ""GEX 1"": 21800.0, ""GEX 2"": 21900.0, ""GEX 3"": 21850.0, ""GEX 4"": 22100.0, ""GEX 5"": 21700.0, ""GEX 6"": 22250.0, ""GEX 7"": 22300.0, ""GEX 8"": 21600.0, ""GEX 9"": 21400.0, ""GEX 10"": 21550.0}",positive,65359.33591154963,0.3024193548387097,262.91999999999825,42008487,False,True,,outside_cash,below,GEX 2,21900.0,20.0,0.07606876616461332,GEX 3,21850.0,30.0,0.11410314924691997,False,all_19,0.07131446827932499,0.07131446827932499,True,False,evaluated,ny
093fd82f-107f-543d-92d8-a71fbc7dfd51,,,2025-06-23T13:08:00+00:00,21888.5,0.25,2025-06-23,2025-06-20,aeb8bad860db92863af8c5db289eb426dcf765061783264e1a527cd39dac9553,"{""Call Resistance"": 22500.0, ""Put Support"": 21500.0, ""HVL"": 21950.0, ""1D Min"": 21611.08, ""1D Max"": 22136.92, ""Call Resistance 0DTE"": 22200.0, ""Put Support 0DTE"": 21300.0, ""HVL 0DTE"": 22030.0, ""Gamma Wall 0DTE"": 22200.0, ""GEX 1"": 21800.0, ""GEX 2"": 21900.0, ""GEX 3"": 21850.0, ""GEX 4"": 22100.0, ""GEX 5"": 21700.0, ""GEX 6"": 22250.0, ""GEX 7"": 22300.0, ""GEX 8"": 21600.0, ""GEX 9"": 21400.0, ""GEX 10"": 21550.0}",positive,65359.33591154963,0.3024193548387097,262.91999999999825,42008487,False,True,,outside_cash,below,GEX 2,21900.0,11.5,0.04373954054465266,GEX 3,21850.0,38.5,0.14643237486688063,False,all_19,0.08842994066636298,0.08842994066636298,True,False,evaluated,ny
f3bd82a3-c93f-5c5a-a62c-546cfe396c9f,,,2025-06-23T13:19:00+00:00,21883.75,0.25,2025-06-23,2025-06-20,aeb8bad860db92863af8c5db289eb426dcf765061783264e1a527cd39dac9553,"{""Call Resistance"": 22500.0, ""Put Support"": 21500.0, ""HVL"": 21950.0, ""1D Min"": 21611.08, ""1D Max"": 22136.92, ""Call Resistance 0DTE"": 22200.0, ""Put Support 0DTE"": 21300.0, ""HVL 0DTE"": 22030.0, ""Gamma Wall 0DTE"": 22200.0, ""GEX 1"": 21800.0, ""GEX 2"": 21900.0, ""GEX 3"": 21850.0, ""GEX 4"": 22100.0, ""GEX 5"": 21700.0, ""GEX 6"": 22250.0, ""GEX 7"": 22300.0, ""GEX 8"": 21600.0, ""GEX 9"": 21400.0, ""GEX 10"": 21550.0}",positive,65359.33591154963,0.3024193548387097,262.91999999999825,42008487,False,True,,outside_cash,below,GEX 2,21900.0,16.25,0.06180587250874832,GEX 3,21850.0,33.75,0.12836604290278497,False,all_19,0.07797048531872865,0.07797048531872865,True,False,evaluated,ny
4e9c0207-586e-5ace-86f6-fe703a8e3097,,,2025-07-01T16:33:00+00:00,22687.75,0.25,2025-07-01,2025-06-30,aeb8bad860db92863af8c5db289eb426dcf765061783264e1a527cd39dac9553,"{""Call Resistance"": 23000.0, ""Put Support"": 22875.0, ""HVL"": 22790.0, ""1D Min"": 22610.07, ""1D Max"": 23123.43, ""Call Resistance 0DTE"": 22950.0, ""Put Support 0DTE"": 22700.0, ""HVL 0DTE"": 22875.0, ""Gamma Wall 0DTE"": 22950.0, ""GEX 1"": 22900.0, ""GEX 2"": 23100.0, ""GEX 3"": 22800.0, ""GEX 4"": 22850.0, ""GEX 5"": 22890.0, ""GEX 6"": 22500.0, ""GEX 7"": 22600.0, ""GEX 8"": 23200.0, ""GEX 9"": 23300.0, ""GEX 10"": 23250.0}",positive,3981343.558812388,0.7559055118110236,256.6800000000003,42008487,False,True,,s2_1000_1200,below,Put Support 0DTE,22700.0,12.25,0.04772479351721983,1D Min,22610.07,77.68000000000029,0.302633629421849,False,all_19,-0.7363253856942488,0.7363253856942488,True,False,evaluated,ny
9b61908a-3b01-5b15-a79d-7f684d3bd4af,,,2025-07-01T16:34:00+00:00,22692.0,0.25,2025-07-01,2025-06-30,aeb8bad860db92863af8c5db289eb426dcf765061783264e1a527cd39dac9553,"{""Call Resistance"": 23000.0, ""Put Support"": 22875.0, ""HVL"": 22790.0, ""1D Min"": 22610.07, ""1D Max"": 23123.43, ""Call Resistance 0DTE"": 22950.0, ""Put Support 0DTE"": 22700.0, ""HVL 0DTE"": 22875.0, ""Gamma Wall 0DTE"": 22950.0, ""GEX 1"": 22900.0, ""GEX 2"": 23100.0, ""GEX 3"": 22800.0, ""GEX 4"": 22850.0, ""GEX 5"": 22890.0, ""GEX 6"": 22500.0, ""GEX 7"": 22600.0, ""GEX 8"": 23200.0, ""GEX 9"": 23300.0, ""GEX 10"": 23250.0}",positive,3981343.558812388,0.7559055118110236,256.6800000000003,42008487,False,True,,s2_1000_1200,below,Put Support 0DTE,22700.0,8.0,0.031167212092878257,1D Min,22610.07,81.93000000000029,0.31919121084619057,False,all_19,-0.725611656537322,0.725611656537322,True,False,evaluated,ny
1731a84a-7753-535e-857f-816f50de78c7,,,2025-07-01T16:39:00+00:00,22708.0,0.25,2025-07-01,2025-06-30,aeb8bad860db92863af8c5db289eb426dcf765061783264e1a527cd39dac9553,"{""Call Resistance"": 23000.0, ""Put Support"": 22875.0, ""HVL"": 22790.0, ""1D Min"": 22610.07, ""1D Max"": 23123.43, ""Call Resistance 0DTE"": 22950.0, ""Put Support 0DTE"": 22700.0, ""HVL 0DTE"": 22875.0, ""Gamma Wall 0DTE"": 22950.0, ""GEX 1"": 22900.0, ""GEX 2"": 23100.0, ""GEX 3"": 22800.0, ""GEX 4"": 22850.0, ""GEX 5"": 22890.0, ""GEX 6"": 22500.0, ""GEX 7"": 22600.0, ""GEX 8"": 23200.0, ""GEX 9"": 23300.0, ""GEX 10"": 23250.0}",positive,3981343.558812388,0.7559055118110236,256.6800000000003,42008487,False,True,,s2_1000_1200,below,HVL,22790.0,82.0,0.3194639239520021,Put Support 0DTE,22700.0,8.0,0.031167212092878257,False,all_19,-0.6642512077294679,0.6642512077294679,True,False,evaluated,ny
9e518efc-2bc4-53b3-a6be-310c2f2726d0,,,2025-07-01T16:44:00+00:00,22704.75,0.25,2025-07-01,2025-06-30,aeb8bad860db92863af8c5db289eb426dcf765061783264e1a527cd39dac9553,"{""Call Resistance"": 23000.0, ""Put Support"": 22875.0, ""HVL"": 22790.0, ""1D Min"": 22610.07, ""1D Max"": 23123.43, ""Call Resistance 0DTE"": 22950.0, ""Put Support 0DTE"": 22700.0, ""HVL 0DTE"": 22875.0, ""Gamma Wall 0DTE"": 22950.0, ""GEX 1"": 22900.0, ""GEX 2"": 23100.0, ""GEX 3"": 22800.0, ""GEX 4"": 22850.0, ""GEX 5"": 22890.0, ""GEX 6"": 22500.0, ""GEX 7"": 22600.0, ""GEX 8"": 23200.0, ""GEX 9"": 23300.0, ""GEX 10"": 23250.0}",positive,3981343.558812388,0.7559055118110236,256.6800000000003,42008487,False,True,,s2_1000_1200,below,HVL,22790.0,85.25,0.33212560386473394,Put Support 0DTE,22700.0,4.75,0.018505532180146465,False,all_19,-0.6593813308399556,0.6593813308399556,True,False,evaluated,ny
18042bd2-eb60-5ea2-bb3a-7398313aa26c,,,2025-07-01T16:49:00+00:00,22717.25,0.25,2025-07-01,2025-06-30,aeb8bad860db92863af8c5db289eb426dcf765061783264e1a527cd39dac9553,"{""Call Resistance"": 23000.0, ""Put Support"": 22875.0, ""HVL"": 22790.0, ""1D Min"": 22610.07, ""1D Max"": 23123.43, ""Call Resistance 0DTE"": 22950.0, ""Put Support 0DTE"": 22700.0, ""HVL 0DTE"": 22875.0, ""Gamma Wall 0DTE"": 22950.0, ""GEX 1"": 22900.0, ""GEX 2"": 23100.0, ""GEX 3"": 22800.0, ""GEX 4"": 22850.0, ""GEX 5"": 22890.0, ""GEX 6"": 22500.0, ""GEX 7"": 22600.0, ""GEX 8"": 23200.0, ""GEX 9"": 23300.0, ""GEX 10"": 23250.0}",positive,3981343.558812388,0.7559055118110236,256.6800000000003,42008487,False,True,,s2_1000_1200,below,HVL,22790.0,72.75,0.28342683496961163,Put Support 0DTE,22700.0,17.25,0.06720430107526874,False,all_19,-0.6262661679912724,0.6262661679912724,True,False,evaluated,ny
b9f3d5f3-bafb-5bbb-99e5-19e73914ccbd,,,2025-07-01T16:54:00+00:00,22732.25,0.25,2025-07-01,2025-06-30,aeb8bad860db92863af8c5db289eb426dcf765061783264e1a527cd39dac9553,"{""Call Resistance"": 23000.0, ""Put Support"": 22875.0, ""HVL"": 22790.0, ""1D Min"": 22610.07, ""1D Max"": 23123.43, ""Call Resistance 0DTE"": 22950.0, ""Put Support 0DTE"": 22700.0, ""HVL 0DTE"": 22875.0, ""Gamma Wall 0DTE"": 22950.0, ""GEX 1"": 22900.0, ""GEX 2"": 23100.0, ""GEX 3"": 22800.0, ""GEX 4"": 22850.0, ""GEX 5"": 22890.0, ""GEX 6"": 22500.0, ""GEX 7"": 22600.0, ""GEX 8"": 23200.0, ""GEX 9"": 23300.0, ""GEX 10"": 23250.0}",positive,3981343.558812388,0.7559055118110236,256.6800000000003,42008487,False,True,,s2_1000_1200,below,HVL,22790.0,57.75,0.22498831229546493,Put Support 0DTE,22700.0,32.25,0.12564282374941546,False,all_19,-0.5688016206950282,0.5688016206950282,True,False,evaluated,ny
9cde3f94-40e6-57f5-bd58-eee46f9bb6d7,,,2025-07-01T17:07:00+00:00,22729.25,0.25,2025-07-01,2025-06-30,aeb8bad860db92863af8c5db289eb426dcf765061783264e1a527cd39dac9553,"{""Call Resistance"": 23000.0, ""Put Support"": 22875.0, ""HVL"": 22790.0, ""1D Min"": 22610.07, ""1D Max"": 23123.43, ""Call Resistance 0DTE"": 22950.0, ""Put Support 0DTE"": 22700.0, ""HVL 0DTE"": 22875.0, ""Gamma Wall 0DTE"": 22950.0, ""GEX 1"": 22900.0, ""GEX 2"": 23100.0, ""GEX 3"": 22800.0, ""GEX 4"": 22850.0, ""GEX 5"": 22890.0, ""GEX 6"": 22500.0, ""GEX 7"": 22600.0, ""GEX 8"": 23200.0, ""GEX 9"": 23300.0, ""GEX 10"": 23250.0}",positive,3981343.558812388,0.7559055118110236,256.6800000000003,42008487,False,True,,s3_1200_1330,below,HVL,22790.0,60.75,0.23667601683029427,Put Support 0DTE,22700.0,29.25,0.11395511921458612,False,all_19,-0.5600358422939061,0.5600358422939061,True,False,evaluated,ny
63fb7b8b-3d15-5e07-89f3-479e2e081bc1,,,2025-07-01T17:13:00+00:00,22742.0,0.25,2025-07-01,2025-06-30,aeb8bad860db92863af8c5db289eb426dcf765061783264e1a527cd39dac9553,"{""Call Resistance"": 23000.0, ""Put Support"": 22875.0, ""HVL"": 22790.0, ""1D Min"": 22610.07, ""1D Max"": 23123.43, ""Call Resistance 0DTE"": 22950.0, ""Put Support 0DTE"": 22700.0, ""HVL 0DTE"": 22875.0, ""Gamma Wall 0DTE"": 22950.0, ""GEX 1"": 22900.0, ""GEX 2"": 23100.0, ""GEX 3"": 22800.0, ""GEX 4"": 22850.0, ""GEX 5"": 22890.0, ""GEX 6"": 22500.0, ""GEX 7"": 22600.0, ""GEX 8"": 23200.0, ""GEX 9"": 23300.0, ""GEX 10"": 23250.0}",positive,3981343.558812388,0.7559055118110236,256.6800000000003,42008487,False,True,,s3_1200_1330,below,HVL,22790.0,48.0,0.18700327255726953,Put Support 0DTE,22700.0,42.0,0.16362786348761085,False,all_19,-0.5288686302010279,0.5288686302010279,True,False,evaluated,ny
21a6270b-2e56-5eea-9014-84b7114ff276,,,2025-07-01T17:24:00+00:00,22738.5,0.25,2025-07-01,2025-06-30,aeb8bad860db92863af8c5db289eb426dcf765061783264e1a527cd39dac9553,"{""Call Resistance"": 23000.0, ""Put Support"": 22875.0, ""HVL"": 22790.0, ""1D Min"": 22610.07, ""1D Max"": 23123.43, ""Call Resistance 0DTE"": 22950.0, ""Put Support 0DTE"": 22700.0, ""HVL 0DTE"": 22875.0, ""Gamma Wall 0DTE"": 22950.0, ""GEX 1"": 22900.0, ""GEX 2"": 23100.0, ""GEX 3"": 22800.0, ""GEX 4"": 22850.0, ""GEX 5"": 22890.0, ""GEX 6"": 22500.0, ""GEX 7"": 22600.0, ""GEX 8"": 23200.0, ""GEX 9"": 23300.0, ""GEX 10"": 23250.0}",positive,3981343.558812388,0.7559055118110236,256.6800000000003,42008487,False,True,,s3_1200_1330,below,HVL,22790.0,51.5,0.20063892784790377,Put Support 0DTE,22700.0,38.5,0.14999220819697662,False,all_19,-0.5444522362474671,0.5444522362474671,True,False,evaluated,ny
05599c44-e9f7-5eb2-93f7-28c80dd3ed0c,,,2025-07-01T17:52:00+00:00,22744.75,0.25,2025-07-01,2025-06-30,aeb8bad860db92863af8c5db289eb426dcf765061783264e1a527cd39dac9553,"{""Call Resistance"": 23000.0, ""Put Support"": 22875.0, ""HVL"": 22790.0, ""1D Min"": 22610.07, ""1D Max"": 23123.43, ""Call Resistance 0DTE"": 22950.0, ""Put Support 0DTE"": 22700.0, ""HVL 0DTE"": 22875.0, ""Gamma Wall 0DTE"": 22950.0, ""GEX 1"": 22900.0, ""GEX 2"": 23100.0, ""GEX 3"": 22800.0, ""GEX 4"": 22850.0, ""GEX 5"": 22890.0, ""GEX 6"": 22500.0, ""GEX 7"": 22600.0, ""GEX 8"": 23200.0, ""GEX 9"": 23300.0, ""GEX 10"": 23250.0}",positive,3981343.558812388,0.7559055118110236,256.6800000000003,42008487,False,True,,s3_1200_1330,below,HVL,22790.0,45.25,0.17628954340034264,Put Support 0DTE,22700.0,44.75,0.17434159264453775,False,all_19,-0.49575346735234477,0.49575346735234477,True,False,evaluated,ny
596f545f-1542-5b3e-bd91-6d334cb5e053,,,2025-07-07T19:46:00+00:00,22857.25,0.25,2025-07-07,2025-07-04,aeb8bad860db92863af8c5db289eb426dcf765061783264e1a527cd39dac9553,"{""Call Resistance"": 23000.0, ""Put Support"": 22850.0, ""HVL"": 22450.0, ""1D Min"": 22864.06, ""1D Max"": 22949.44, ""Call Resistance 0DTE"": 23000.0, ""Put Support 0DTE"": 22900.0, ""HVL 0DTE"": 22600.0, ""Gamma Wall 0DTE"": 23000.0, ""GEX 1"": 22875.0, ""GEX 2"": 22920.0, ""GEX 3"": 22930.0, ""GEX 4"": 22925.0, ""GEX 5"": 22870.0, ""GEX 6"": 22825.0, ""GEX 7"": 22975.0, ""GEX 8"": 22950.0, ""GEX 9"": 22840.0, ""GEX 10"": 22830.0}",unknown,,,42.68999999999869,42008487,False,True,,s4_1330_1510,above,1D Min,22864.06,6.81000000000131,0.15952213633172918,Put Support,22850.0,7.25,0.16982899976575833,False,all_19,-1.194659170766024,1.194659170766024,False,False,context_unavailable,none
248ca1a0-5d30-516c-9906-6fcbf07152ac,,,2025-07-07T19:47:00+00:00,22847.5,0.25,2025-07-07,2025-07-04,aeb8bad860db92863af8c5db289eb426dcf765061783264e1a527cd39dac9553,"{""Call Resistance"": 23000.0, ""Put Support"": 22850.0, ""HVL"": 22450.0, ""1D Min"": 22864.06, ""1D Max"": 22949.44, ""Call Resistance 0DTE"": 23000.0, ""Put Support 0DTE"": 22900.0, ""HVL 0DTE"": 22600.0, ""Gamma Wall 0DTE"": 23000.0, ""GEX 1"": 22875.0, ""GEX 2"": 22920.0, ""GEX 3"": 22930.0, ""GEX 4"": 22925.0, ""GEX 5"": 22870.0, ""GEX 6"": 22825.0, ""GEX 7"": 22975.0, ""GEX 8"": 22950.0, ""GEX 9"": 22840.0, ""GEX 10"": 22830.0}",unknown,,,42.68999999999869,42008487,False,True,,s4_1330_1510,above,Put Support,22850.0,2.5,0.05856172405715804,GEX 9,22840.0,7.5,0.1756851721714741,False,all_19,-1.0833918950574237,1.0833918950574237,False,False,context_unavailable,none
a4cf094d-5f28-5ec0-a7b4-3487cebb642d,,,2025-07-07T19:52:00+00:00,22869.0,0.25,2025-07-07,2025-07-04,aeb8bad860db92863af8c5db289eb426dcf765061783264e1a527cd39dac9553,"{""Call Resistance"": 23000.0, ""Put Support"": 22850.0, ""HVL"": 22450.0, ""1D Min"": 22864.06, ""1D Max"": 22949.44, ""Call Resistance 0DTE"": 23000.0, ""Put Support 0DTE"": 22900.0, ""HVL 0DTE"": 22600.0, ""Gamma Wall 0DTE"": 23000.0, ""GEX 1"": 22875.0, ""GEX 2"": 22920.0, ""GEX 3"": 22930.0, ""GEX 4"": 22925.0, ""GEX 5"": 22870.0, ""GEX 6"": 22825.0, ""GEX 7"": 22975.0, ""GEX 8"": 22950.0, ""GEX 9"": 22840.0, ""GEX 10"": 22830.0}",unknown,,,42.68999999999869,42008487,False,True,,s4_1330_1510,above,GEX 5,22870.0,1.0,0.023424689622863214,1D Min,22864.06,4.93999999999869,0.1157179667369136,False,all_19,-0.808151791988781,0.808151791988781,False,False,context_unavailable,none
da62a082-40cf-5c57-b0bb-8b2d23e9c815,,,2025-07-07T19:57:00+00:00,22885.0,0.25,2025-07-07,2025-07-04,aeb8bad860db92863af8c5db289eb426dcf765061783264e1a527cd39dac9553,"{""Call Resistance"": 23000.0, ""Put Support"": 22850.0, ""HVL"": 22450.0, ""1D Min"": 22864.06, ""1D Max"": 22949.44, ""Call Resistance 0DTE"": 23000.0, ""Put Support 0DTE"": 22900.0, ""HVL 0DTE"": 22600.0, ""Gamma Wall 0DTE"": 23000.0, ""GEX 1"": 22875.0, ""GEX 2"": 22920.0, ""GEX 3"": 22930.0, ""GEX 4"": 22925.0, ""GEX 5"": 22870.0, ""GEX 6"": 22825.0, ""GEX 7"": 22975.0, ""GEX 8"": 22950.0, ""GEX 9"": 22840.0, ""GEX 10"": 22830.0}",unknown,,,42.68999999999869,42008487,False,True,,s4_1330_1510,above,Put Support 0DTE,22900.0,15.0,0.3513703443429482,GEX 1,22875.0,10.0,0.23424689622863215,True,all_19,-0.5153431717029907,0.5153431717029907,False,False,context_unavailable,none
34469910-139d-5afb-b788-f56d8c8319ea,7330373e-4e35-53b6-bea0-ca55bff5771b,496e8e89-cc96-5df1-94d7-c2b3927584d3,2025-07-07T20:16:00+00:00,22858.75,0.25,2025-07-07,2025-07-04,aeb8bad860db92863af8c5db289eb426dcf765061783264e1a527cd39dac9553,"{""Call Resistance"": 23000.0, ""Put Support"": 22850.0, ""HVL"": 22450.0, ""1D Min"": 22864.06, ""1D Max"": 22949.44, ""Call Resistance 0DTE"": 23000.0, ""Put Support 0DTE"": 22900.0, ""HVL 0DTE"": 22600.0, ""Gamma Wall 0DTE"": 23000.0, ""GEX 1"": 22875.0, ""GEX 2"": 22920.0, ""GEX 3"": 22930.0, ""GEX 4"": 22925.0, ""GEX 5"": 22870.0, ""GEX 6"": 22825.0, ""GEX 7"": 22975.0, ""GEX 8"": 22950.0, ""GEX 9"": 22840.0, ""GEX 10"": 22830.0}",unknown,,,42.68999999999869,42008487,False,True,,outside_cash,above,1D Min,22864.06,5.31000000000131,0.12438510189743436,Put Support,22850.0,8.75,0.20496603420005313,False,all_19,-1.0599672054345606,1.0599672054345606,False,False,context_unavailable,asia
b6a1b1a2-af69-5015-95b4-325b4b3eca4a,,,2025-07-07T20:21:00+00:00,22864.25,0.25,2025-07-07,2025-07-04,aeb8bad860db92863af8c5db289eb426dcf765061783264e1a527cd39dac9553,"{""Call Resistance"": 23000.0, ""Put Support"": 22850.0, ""HVL"": 22450.0, ""1D Min"": 22864.06, ""1D Max"": 22949.44, ""Call Resistance 0DTE"": 23000.0, ""Put Support 0DTE"": 22900.0, ""HVL 0DTE"": 22600.0, ""Gamma Wall 0DTE"": 23000.0, ""GEX 1"": 22875.0, ""GEX 2"": 22920.0, ""GEX 3"": 22930.0, ""GEX 4"": 22925.0, ""GEX 5"": 22870.0, ""GEX 6"": 22825.0, ""GEX 7"": 22975.0, ""GEX 8"": 22950.0, ""GEX 9"": 22840.0, ""GEX 10"": 22830.0}",unknown,,,42.68999999999869,42008487,False,True,,outside_cash,above,GEX 5,22870.0,5.75,0.1346919653314635,1D Min,22864.06,0.18999999999869033,0.004450691028313332,False,all_19,-0.9428437573202444,0.9428437573202444,False,False,context_unavailable,asia
0114ab7e-bea5-5709-856e-604e5c090512,70ec5cef-e842-5732-b21c-1acaf7daf792,33a5e05c-78cb-5cd0-a5b8-a514322275a0,2025-07-14T01:19:00+00:00,22857.25,0.25,2025-07-13,,aeb8bad860db92863af8c5db289eb426dcf765061783264e1a527cd39dac9553,"{""Call Resistance"": null, ""Put Support"": null, ""HVL"": null, ""1D Min"": null, ""1D Max"": null, ""Call Resistance 0DTE"": null, ""Put Support 0DTE"": null, ""HVL 0DTE"": null, ""Gamma Wall 0DTE"": null, ""GEX 1"": null, ""GEX 2"": null, ""GEX 3"": null, ""GEX 4"": null, ""GEX 5"": null, ""GEX 6"": null, ""GEX 7"": null, ""GEX 8"": null, ""GEX 9"": null, ""GEX 10"": null}",unknown,,,,42008487,False,False,after_1700,outside_cash,,,,,,,,,,,all_19,,,,,not_applicable_outside_hours,asia
7249a729-748e-518f-977b-e6a5be0489a0,,,2025-07-14T01:19:00+00:00,22857.25,0.25,2025-07-13,,aeb8bad860db92863af8c5db289eb426dcf765061783264e1a527cd39dac9553,"{""Call Resistance"": null, ""Put Support"": null, ""HVL"": null, ""1D Min"": null, ""1D Max"": null, ""Call Resistance 0DTE"": null, ""Put Support 0DTE"": null, ""HVL 0DTE"": null, ""Gamma Wall 0DTE"": null, ""GEX 1"": null, ""GEX 2"": null, ""GEX 3"": null, ""GEX 4"": null, ""GEX 5"": null, ""GEX 6"": null, ""GEX 7"": null, ""GEX 8"": null, ""GEX 9"": null, ""GEX 10"": null}",unknown,,,,42008487,False,False,after_1700,outside_cash,,,,,,,,,,,all_19,,,,,not_applicable_outside_hours,asia
e053751f-8345-5b7e-b4ad-ae892c5f50c9,,,2025-07-14T01:30:00+00:00,22847.5,0.25,2025-07-13,,aeb8bad860db92863af8c5db289eb426dcf765061783264e1a527cd39dac9553,"{""Call Resistance"": null, ""Put Support"": null, ""HVL"": null, ""1D Min"": null, ""1D Max"": null, ""Call Resistance 0DTE"": null, ""Put Support 0DTE"": null, ""HVL 0DTE"": null, ""Gamma Wall 0DTE"": null, ""GEX 1"": null, ""GEX 2"": null, ""GEX 3"": null, ""GEX 4"": null, ""GEX 5"": null, ""GEX 6"": null, ""GEX 7"": null, ""GEX 8"": null, ""GEX 9"": null, ""GEX 10"": null}",unknown,,,,42008487,False,False,after_1700,outside_cash,,,,,,,,,,,all_19,,,,,not_applicable_outside_hours,asia
4eea8eee-92ec-5d4b-aaf6-9952df76ab44,,,2025-07-14T01:32:00+00:00,22851.75,0.25,2025-07-13,,aeb8bad860db92863af8c5db289eb426dcf765061783264e1a527cd39dac9553,"{""Call Resistance"": null, ""Put Support"": null, ""HVL"": null, ""1D Min"": null, ""1D Max"": null, ""Call Resistance 0DTE"": null, ""Put Support 0DTE"": null, ""HVL 0DTE"": null, ""Gamma Wall 0DTE"": null, ""GEX 1"": null, ""GEX 2"": null, ""GEX 3"": null, ""GEX 4"": null, ""GEX 5"": null, ""GEX 6"": null, ""GEX 7"": null, ""GEX 8"": null, ""GEX 9"": null, ""GEX 10"": null}",unknown,,,,42008487,False,False,after_1700,outside_cash,,,,,,,,,,,all_19,,,,,not_applicable_outside_hours,asia
11c0608d-5c37-56e4-a2b3-115a37dad4ae,,,2025-07-14T01:42:00+00:00,22856.75,0.25,2025-07-13,,aeb8bad860db92863af8c5db289eb426dcf765061783264e1a527cd39dac9553,"{""Call Resistance"": null, ""Put Support"": null, ""HVL"": null, ""1D Min"": null, ""1D Max"": null, ""Call Resistance 0DTE"": null, ""Put Support 0DTE"": null, ""HVL 0DTE"": null, ""Gamma Wall 0DTE"": null, ""GEX 1"": null, ""GEX 2"": null, ""GEX 3"": null, ""GEX 4"": null, ""GEX 5"": null, ""GEX 6"": null, ""GEX 7"": null, ""GEX 8"": null, ""GEX 9"": null, ""GEX 10"": null}",unknown,,,,42008487,False,False,after_1700,outside_cash,,,,,,,,,,,all_19,,,,,not_applicable_outside_hours,asia
8898dd6d-32e9-5d93-a950-097bdad2c1d5,,,2025-07-14T02:02:00+00:00,22860.25,0.25,2025-07-13,,aeb8bad860db92863af8c5db289eb426dcf765061783264e1a527cd39dac9553,"{""Call Resistance"": null, ""Put Support"": null, ""HVL"": null, ""1D Min"": null, ""1D Max"": null, ""Call Resistance 0DTE"": null, ""Put Support 0DTE"": null, ""HVL 0DTE"": null, ""Gamma Wall 0DTE"": null, ""GEX 1"": null, ""GEX 2"": null, ""GEX 3"": null, ""GEX 4"": null, ""GEX 5"": null, ""GEX 6"": null, ""GEX 7"": null, ""GEX 8"": null, ""GEX 9"": null, ""GEX 10"": null}",unknown,,,,42008487,False,False,after_1700,outside_cash,,,,,,,,,,,all_19,,,,,not_applicable_outside_hours,asia
605077f7-c4ad-5936-b38b-bc2a846984f4,,,2025-07-14T02:14:00+00:00,22864.25,0.25,2025-07-13,,aeb8bad860db92863af8c5db289eb426dcf765061783264e1a527cd39dac9553,"{""Call Resistance"": null, ""Put Support"": null, ""HVL"": null, ""1D Min"": null, ""1D Max"": null, ""Call Resistance 0DTE"": null, ""Put Support 0DTE"": null, ""HVL 0DTE"": null, ""Gamma Wall 0DTE"": null, ""GEX 1"": null, ""GEX 2"": null, ""GEX 3"": null, ""GEX 4"": null, ""GEX 5"": null, ""GEX 6"": null, ""GEX 7"": null, ""GEX 8"": null, ""GEX 9"": null, ""GEX 10"": null}",unknown,,,,42008487,False,False,after_1700,outside_cash,,,,,,,,,,,all_19,,,,,not_applicable_outside_hours,asia
7e0b4262-2fe8-5d38-aab6-443f8a56fa4c,,,2025-07-14T02:45:00+00:00,22863.75,0.25,2025-07-13,,aeb8bad860db92863af8c5db289eb426dcf765061783264e1a527cd39dac9553,"{""Call Resistance"": null, ""Put Support"": null, ""HVL"": null, ""1D Min"": null, ""1D Max"": null, ""Call Resistance 0DTE"": null, ""Put Support 0DTE"": null, ""HVL 0DTE"": null, ""Gamma Wall 0DTE"": null, ""GEX 1"": null, ""GEX 2"": null, ""GEX 3"": null, ""GEX 4"": null, ""GEX 5"": null, ""GEX 6"": null, ""GEX 7"": null, ""GEX 8"": null, ""GEX 9"": null, ""GEX 10"": null}",unknown,,,,42008487,False,False,after_1700,outside_cash,,,,,,,,,,,all_19,,,,,not_applicable_outside_hours,asia
05f6e111-7741-59cc-8932-d6401dd6f7f3,,,2025-07-14T02:48:00+00:00,22866.75,0.25,2025-07-13,,aeb8bad860db92863af8c5db289eb426dcf765061783264e1a527cd39dac9553,"{""Call Resistance"": null, ""Put Support"": null, ""HVL"": null, ""1D Min"": null, ""1D Max"": null, ""Call Resistance 0DTE"": null, ""Put Support 0DTE"": null, ""HVL 0DTE"": null, ""Gamma Wall 0DTE"": null, ""GEX 1"": null, ""GEX 2"": null, ""GEX 3"": null, ""GEX 4"": null, ""GEX 5"": null, ""GEX 6"": null, ""GEX 7"": null, ""GEX 8"": null, ""GEX 9"": null, ""GEX 10"": null}",unknown,,,,42008487,False,False,after_1700,outside_cash,,,,,,,,,,,all_19,,,,,not_applicable_outside_hours,asia
2282c037-d9c5-5d42-9950-e6ca22177989,,,2025-07-14T03:07:00+00:00,22859.5,0.25,2025-07-13,,aeb8bad860db92863af8c5db289eb426dcf765061783264e1a527cd39dac9553,"{""Call Resistance"": null, ""Put Support"": null, ""HVL"": null, ""1D Min"": null, ""1D Max"": null, ""Call Resistance 0DTE"": null, ""Put Support 0DTE"": null, ""HVL 0DTE"": null, ""Gamma Wall 0DTE"": null, ""GEX 1"": null, ""GEX 2"": null, ""GEX 3"": null, ""GEX 4"": null, ""GEX 5"": null, ""GEX 6"": null, ""GEX 7"": null, ""GEX 8"": null, ""GEX 9"": null, ""GEX 10"": null}",unknown,,,,42008487,False,False,after_1700,outside_cash,,,,,,,,,,,all_19,,,,,not_applicable_outside_hours,asia
1287cae4-827b-5d93-9fbc-dd9545bb07a8,,,2025-07-14T03:08:00+00:00,22861.25,0.25,2025-07-13,,aeb8bad860db92863af8c5db289eb426dcf765061783264e1a527cd39dac9553,"{""Call Resistance"": null, ""Put Support"": null, ""HVL"": null, ""1D Min"": null, ""1D Max"": null, ""Call Resistance 0DTE"": null, ""Put Support 0DTE"": null, ""HVL 0DTE"": null, ""Gamma Wall 0DTE"": null, ""GEX 1"": null, ""GEX 2"": null, ""GEX 3"": null, ""GEX 4"": null, ""GEX 5"": null, ""GEX 6"": null, ""GEX 7"": null, ""GEX 8"": null, ""GEX 9"": null, ""GEX 10"": null}",unknown,,,,42008487,False,False,after_1700,outside_cash,,,,,,,,,,,all_19,,,,,not_applicable_outside_hours,asia
d8acc965-9111-595c-b187-ecc082e7f4f2,,,2025-07-14T03:14:00+00:00,22865.0,0.25,2025-07-13,,aeb8bad860db92863af8c5db289eb426dcf765061783264e1a527cd39dac9553,"{""Call Resistance"": null, ""Put Support"": null, ""HVL"": null, ""1D Min"": null, ""1D Max"": null, ""Call Resistance 0DTE"": null, ""Put Support 0DTE"": null, ""HVL 0DTE"": null, ""Gamma Wall 0DTE"": null, ""GEX 1"": null, ""GEX 2"": null, ""GEX 3"": null, ""GEX 4"": null, ""GEX 5"": null, ""GEX 6"": null, ""GEX 7"": null, ""GEX 8"": null, ""GEX 9"": null, ""GEX 10"": null}",unknown,,,,42008487,False,False,after_1700,outside_cash,,,,,,,,,,,all_19,,,,,not_applicable_outside_hours,asia
84638ad4-a757-5afd-b598-8b23be105d1e,,,2025-07-14T03:21:00+00:00,22862.75,0.25,2025-07-13,,aeb8bad860db92863af8c5db289eb426dcf765061783264e1a527cd39dac9553,"{""Call Resistance"": null, ""Put Support"": null, ""HVL"": null, ""1D Min"": null, ""1D Max"": null, ""Call Resistance 0DTE"": null, ""Put Support 0DTE"": null, ""HVL 0DTE"": null, ""Gamma Wall 0DTE"": null, ""GEX 1"": null, ""GEX 2"": null, ""GEX 3"": null, ""GEX 4"": null, ""GEX 5"": null, ""GEX 6"": null, ""GEX 7"": null, ""GEX 8"": null, ""GEX 9"": null, ""GEX 10"": null}",unknown,,,,42008487,False,False,after_1700,outside_cash,,,,,,,,,,,all_19,,,,,not_applicable_outside_hours,asia
6efeecdb-d51d-5c92-ab3b-5ef06040e6bb,,,2025-07-14T03:29:00+00:00,22865.25,0.25,2025-07-13,,aeb8bad860db92863af8c5db289eb426dcf765061783264e1a527cd39dac9553,"{""Call Resistance"": null, ""Put Support"": null, ""HVL"": null, ""1D Min"": null, ""1D Max"": null, ""Call Resistance 0DTE"": null, ""Put Support 0DTE"": null, ""HVL 0DTE"": null, ""Gamma Wall 0DTE"": null, ""GEX 1"": null, ""GEX 2"": null, ""GEX 3"": null, ""GEX 4"": null, ""GEX 5"": null, ""GEX 6"": null, ""GEX 7"": null, ""GEX 8"": null, ""GEX 9"": null, ""GEX 10"": null}",unknown,,,,42008487,False,False,after_1700,outside_cash,,,,,,,,,,,all_19,,,,,not_applicable_outside_hours,asia
62c29f9e-f4d4-5b25-9f91-ee8768a26164,,,2025-07-14T03:44:00+00:00,22869.75,0.25,2025-07-13,,aeb8bad860db92863af8c5db289eb426dcf765061783264e1a527cd39dac9553,"{""Call Resistance"": null, ""Put Support"": null, ""HVL"": null, ""1D Min"": null, ""1D Max"": null, ""Call Resistance 0DTE"": null, ""Put Support 0DTE"": null, ""HVL 0DTE"": null, ""Gamma Wall 0DTE"": null, ""GEX 1"": null, ""GEX 2"": null, ""GEX 3"": null, ""GEX 4"": null, ""GEX 5"": null, ""GEX 6"": null, ""GEX 7"": null, ""GEX 8"": null, ""GEX 9"": null, ""GEX 10"": null}",unknown,,,,42008487,False,False,after_1700,outside_cash,,,,,,,,,,,all_19,,,,,not_applicable_outside_hours,asia
963e7d58-7d01-523f-9baf-a581320c94be,,,2025-07-14T04:10:00+00:00,22872.25,0.25,2025-07-13,,aeb8bad860db92863af8c5db289eb426dcf765061783264e1a527cd39dac9553,"{""Call Resistance"": null, ""Put Support"": null, ""HVL"": null, ""1D Min"": null, ""1D Max"": null, ""Call Resistance 0DTE"": null, ""Put Support 0DTE"": null, ""HVL 0DTE"": null, ""Gamma Wall 0DTE"": null, ""GEX 1"": null, ""GEX 2"": null, ""GEX 3"": null, ""GEX 4"": null, ""GEX 5"": null, ""GEX 6"": null, ""GEX 7"": null, ""GEX 8"": null, ""GEX 9"": null, ""GEX 10"": null}",unknown,,,,42008487,False,False,after_1700,outside_cash,,,,,,,,,,,all_19,,,,,not_applicable_outside_hours,asia
07de8d74-6e93-56fc-8f60-25f2a2f13b78,,,2025-07-14T04:12:00+00:00,22874.5,0.25,2025-07-13,,aeb8bad860db92863af8c5db289eb426dcf765061783264e1a527cd39dac9553,"{""Call Resistance"": null, ""Put Support"": null, ""HVL"": null, ""1D Min"": null, ""1D Max"": null, ""Call Resistance 0DTE"": null, ""Put Support 0DTE"": null, ""HVL 0DTE"": null, ""Gamma Wall 0DTE"": null, ""GEX 1"": null, ""GEX 2"": null, ""GEX 3"": null, ""GEX 4"": null, ""GEX 5"": null, ""GEX 6"": null, ""GEX 7"": null, ""GEX 8"": null, ""GEX 9"": null, ""GEX 10"": null}",unknown,,,,42008487,False,False,after_1700,outside_cash,,,,,,,,,,,all_19,,,,,not_applicable_outside_hours,asia
1212ade3-d4bf-56e4-a381-8d80d5e4a180,4099fe7e-8b41-5bb4-b6aa-b4e5b21e5281,c558e1d6-5e3f-58a5-931d-c063553889e1,2025-07-15T02:43:00+00:00,23065.25,0.25,2025-07-14,,aeb8bad860db92863af8c5db289eb426dcf765061783264e1a527cd39dac9553,"{""Call Resistance"": null, ""Put Support"": null, ""HVL"": null, ""1D Min"": null, ""1D Max"": null, ""Call Resistance 0DTE"": null, ""Put Support 0DTE"": null, ""HVL 0DTE"": null, ""Gamma Wall 0DTE"": null, ""GEX 1"": null, ""GEX 2"": null, ""GEX 3"": null, ""GEX 4"": null, ""GEX 5"": null, ""GEX 6"": null, ""GEX 7"": null, ""GEX 8"": null, ""GEX 9"": null, ""GEX 10"": null}",unknown,,,,42008487,False,False,after_1700,outside_cash,,,,,,,,,,,all_19,,,,,not_applicable_outside_hours,asia
a56e9026-05f2-53c8-9cee-7d8ecab64be7,,,2025-07-15T02:44:00+00:00,23067.25,0.25,2025-07-14,,aeb8bad860db92863af8c5db289eb426dcf765061783264e1a527cd39dac9553,"{""Call Resistance"": null, ""Put Support"": null, ""HVL"": null, ""1D Min"": null, ""1D Max"": null, ""Call Resistance 0DTE"": null, ""Put Support 0DTE"": null, ""HVL 0DTE"": null, ""Gamma Wall 0DTE"": null, ""GEX 1"": null, ""GEX 2"": null, ""GEX 3"": null, ""GEX 4"": null, ""GEX 5"": null, ""GEX 6"": null, ""GEX 7"": null, ""GEX 8"": null, ""GEX 9"": null, ""GEX 10"": null}",unknown,,,,42008487,False,False,after_1700,outside_cash,,,,,,,,,,,all_19,,,,,not_applicable_outside_hours,asia
988a83b2-4488-54a7-89b9-b6f742c3fdd5,,,2025-07-15T02:46:00+00:00,23055.5,0.25,2025-07-14,,aeb8bad860db92863af8c5db289eb426dcf765061783264e1a527cd39dac9553,"{""Call Resistance"": null, ""Put Support"": null, ""HVL"": null, ""1D Min"": null, ""1D Max"": null, ""Call Resistance 0DTE"": null, ""Put Support 0DTE"": null, ""HVL 0DTE"": null, ""Gamma Wall 0DTE"": null, ""GEX 1"": null, ""GEX 2"": null, ""GEX 3"": null, ""GEX 4"": null, ""GEX 5"": null, ""GEX 6"": null, ""GEX 7"": null, ""GEX 8"": null, ""GEX 9"": null, ""GEX 10"": null}",unknown,,,,42008487,False,False,after_1700,outside_cash,,,,,,,,,,,all_19,,,,,not_applicable_outside_hours,asia
83970aad-7768-52bb-9a89-0207e319b058,,,2025-08-05T16:35:00+00:00,23208.75,0.25,2025-08-05,2025-08-04,aeb8bad860db92863af8c5db289eb426dcf765061783264e1a527cd39dac9553,"{""Call Resistance"": 23500.0, ""Put Support"": 23000.0, ""HVL"": 23230.0, ""1D Min"": 23108.94, ""1D Max"": 23592.56, ""Call Resistance 0DTE"": 23450.0, ""Put Support 0DTE"": 23200.0, ""HVL 0DTE"": 23230.0, ""Gamma Wall 0DTE"": 23450.0, ""GEX 1"": 23300.0, ""GEX 2"": 23400.0, ""GEX 3"": 23275.0, ""GEX 4"": 23250.0, ""GEX 5"": 23240.0, ""GEX 6"": 23100.0, ""GEX 7"": 23800.0, ""GEX 8"": 23750.0, ""GEX 9"": 23025.0, ""GEX 10"": 23700.0}",positive,1319043.5085819839,0.3861003861003861,241.8100000000013,42008487,False,True,,s2_1000_1200,below,HVL|HVL 0DTE,23230.0,21.25,0.08787891319631068,Put Support 0DTE,23200.0,8.75,0.03618543484553969,False,all_19,-0.5231380009098023,0.5231380009098023,True,False,evaluated,ny
ff319fbc-9331-5e38-8428-778ed4f03ad8,,,2025-08-07T18:39:00+00:00,23381.75,0.25,2025-08-07,2025-08-06,aeb8bad860db92863af8c5db289eb426dcf765061783264e1a527cd39dac9553,"{""Call Resistance"": 23500.0, ""Put Support"": 23120.0, ""HVL"": 23225.0, ""1D Min"": 23173.64, ""1D Max"": 23652.86, ""Call Resistance 0DTE"": 23400.0, ""Put Support 0DTE"": 23120.0, ""HVL 0DTE"": 23250.0, ""Gamma Wall 0DTE"": 23400.0, ""GEX 1"": 23300.0, ""GEX 2"": 23550.0, ""GEX 3"": 23600.0, ""GEX 4"": 23450.0, ""GEX 5"": 23200.0, ""GEX 6"": 23100.0, ""GEX 7"": 23800.0, ""GEX 8"": 23000.0, ""GEX 9"": 23750.0, ""GEX 10"": 23110.0}",positive,947322.5221641208,0.3590733590733591,239.61000000000058,42008487,False,True,,s4_1330_1510,above,Call Resistance 0DTE|Gamma Wall 0DTE,23400.0,18.25,0.07616543549935292,GEX 1,23300.0,81.75,0.341179416551896,True,all_19,-0.16589457869037144,0.16589457869037144,True,False,evaluated,none
12ade3bb-4ca2-57e0-a8b1-b353a4a0b30d,,,2025-08-07T18:41:00+00:00,23363.0,0.25,2025-08-07,2025-08-06,aeb8bad860db92863af8c5db289eb426dcf765061783264e1a527cd39dac9553,"{""Call Resistance"": 23500.0, ""Put Support"": 23120.0, ""HVL"": 23225.0, ""1D Min"": 23173.64, ""1D Max"": 23652.86, ""Call Resistance 0DTE"": 23400.0, ""Put Support 0DTE"": 23120.0, ""HVL 0DTE"": 23250.0, ""Gamma Wall 0DTE"": 23400.0, ""GEX 1"": 23300.0, ""GEX 2"": 23550.0, ""GEX 3"": 23600.0, ""GEX 4"": 23450.0, ""GEX 5"": 23200.0, ""GEX 6"": 23100.0, ""GEX 7"": 23800.0, ""GEX 8"": 23000.0, ""GEX 9"": 23750.0, ""GEX 10"": 23110.0}",positive,947322.5221641208,0.3590733590733591,239.61000000000058,42008487,False,True,,s4_1330_1510,above,Call Resistance 0DTE|Gamma Wall 0DTE,23400.0,37.0,0.1544175952589621,GEX 1,23300.0,63.0,0.26292725679228685,True,all_19,-0.1690246650807558,0.1690246650807558,True,False,evaluated,none
7f42ff6e-6a70-537c-9750-8d7aae3e1046,,,2025-08-07T18:48:00+00:00,23377.25,0.25,2025-08-07,2025-08-06,aeb8bad860db92863af8c5db289eb426dcf765061783264e1a527cd39dac9553,"{""Call Resistance"": 23500.0, ""Put Support"": 23120.0, ""HVL"": 23225.0, ""1D Min"": 23173.64, ""1D Max"": 23652.86, ""Call Resistance 0DTE"": 23400.0, ""Put Support 0DTE"": 23120.0, ""HVL 0DTE"": 23250.0, ""Gamma Wall 0DTE"": 23400.0, ""GEX 1"": 23300.0, ""GEX 2"": 23550.0, ""GEX 3"": 23600.0, ""GEX 4"": 23450.0, ""GEX 5"": 23200.0, ""GEX 6"": 23100.0, ""GEX 7"": 23800.0, ""GEX 8"": 23000.0, ""GEX 9"": 23750.0, ""GEX 10"": 23110.0}",positive,947322.5221641208,0.3590733590733591,239.61000000000058,42008487,False,True,,s4_1330_1510,above,Call Resistance 0DTE|Gamma Wall 0DTE,23400.0,22.75,0.09494595384165913,GEX 1,23300.0,77.25,0.3223988982095898,True,all_19,-0.22119277158716194,0.22119277158716194,True,False,evaluated,none
19d1c71f-9ccb-5963-b762-5b813f4fc0ba,,,2025-08-07T18:49:00+00:00,23374.25,0.25,2025-08-07,2025-08-06,aeb8bad860db92863af8c5db289eb426dcf765061783264e1a527cd39dac9553,"{""Call Resistance"": 23500.0, ""Put Support"": 23120.0, ""HVL"": 23225.0, ""1D Min"": 23173.64, ""1D Max"": 23652.86, ""Call Resistance 0DTE"": 23400.0, ""Put Support 0DTE"": 23120.0, ""HVL 0DTE"": 23250.0, ""Gamma Wall 0DTE"": 23400.0, ""GEX 1"": 23300.0, ""GEX 2"": 23550.0, ""GEX 3"": 23600.0, ""GEX 4"": 23450.0, ""GEX 5"": 23200.0, ""GEX 6"": 23100.0, ""GEX 7"": 23800.0, ""GEX 8"": 23000.0, ""GEX 9"": 23750.0, ""GEX 10"": 23110.0}",positive,947322.5221641208,0.3590733590733591,239.61000000000058,42008487,False,True,,s4_1330_1510,above,Call Resistance 0DTE|Gamma Wall 0DTE,23400.0,25.75,0.1074662994031966,GEX 1,23300.0,74.25,0.3098785526480523,True,all_19,-0.1492007846083215,0.1492007846083215,True,False,evaluated,none
9ffcb27c-52f7-5e1b-ac28-8dca16dcdde0,,,2025-08-07T18:54:00+00:00,23396.75,0.25,2025-08-07,2025-08-06,aeb8bad860db92863af8c5db289eb426dcf765061783264e1a527cd39dac9553,"{""Call Resistance"": 23500.0, ""Put Support"": 23120.0, ""HVL"": 23225.0, ""1D Min"": 23173.64, ""1D Max"": 23652.86, ""Call Resistance 0DTE"": 23400.0, ""Put Support 0DTE"": 23120.0, ""HVL 0DTE"": 23250.0, ""Gamma Wall 0DTE"": 23400.0, ""GEX 1"": 23300.0, ""GEX 2"": 23550.0, ""GEX 3"": 23600.0, ""GEX 4"": 23450.0, ""GEX 5"": 23200.0, ""GEX 6"": 23100.0, ""GEX 7"": 23800.0, ""GEX 8"": 23000.0, ""GEX 9"": 23750.0, ""GEX 10"": 23110.0}",positive,947322.5221641208,0.3590733590733591,239.61000000000058,42008487,False,True,,s4_1330_1510,above,Call Resistance 0DTE|Gamma Wall 0DTE,23400.0,3.25,0.01356370769166559,GEX 1,23300.0,96.75,0.40378114435958334,True,all_19,-0.13146362839614342,0.13146362839614342,True,False,evaluated,none
7169370f-996a-5da0-bb86-4117c4196a37,,,2025-08-07T18:55:00+00:00,23399.0,0.25,2025-08-07,2025-08-06,aeb8bad860db92863af8c5db289eb426dcf765061783264e1a527cd39dac9553,"{""Call Resistance"": 23500.0, ""Put Support"": 23120.0, ""HVL"": 23225.0, ""1D Min"": 23173.64, ""1D Max"": 23652.86, ""Call Resistance 0DTE"": 23400.0, ""Put Support 0DTE"": 23120.0, ""HVL 0DTE"": 23250.0, ""Gamma Wall 0DTE"": 23400.0, ""GEX 1"": 23300.0, ""GEX 2"": 23550.0, ""GEX 3"": 23600.0, ""GEX 4"": 23450.0, ""GEX 5"": 23200.0, ""GEX 6"": 23100.0, ""GEX 7"": 23800.0, ""GEX 8"": 23000.0, ""GEX 9"": 23750.0, ""GEX 10"": 23110.0}",positive,947322.5221641208,0.3590733590733591,239.61000000000058,42008487,False,True,,s4_1330_1510,above,Call Resistance 0DTE|Gamma Wall 0DTE,23400.0,1.0,0.00417344852051249,GEX 1,23300.0,99.0,0.41317140353073645,True,all_19,-0.06677517632819983,0.06677517632819983,True,False,evaluated,none
6f47287e-8d6a-5e9a-b9b7-d90cd955141e,,,2025-08-07T18:57:00+00:00,23419.75,0.25,2025-08-07,2025-08-06,aeb8bad860db92863af8c5db289eb426dcf765061783264e1a527cd39dac9553,"{""Call Resistance"": 23500.0, ""Put Support"": 23120.0, ""HVL"": 23225.0, ""1D Min"": 23173.64, ""1D Max"": 23652.86, ""Call Resistance 0DTE"": 23400.0, ""Put Support 0DTE"": 23120.0, ""HVL 0DTE"": 23250.0, ""Gamma Wall 0DTE"": 23400.0, ""GEX 1"": 23300.0, ""GEX 2"": 23550.0, ""GEX 3"": 23600.0, ""GEX 4"": 23450.0, ""GEX 5"": 23200.0, ""GEX 6"": 23100.0, ""GEX 7"": 23800.0, ""GEX 8"": 23000.0, ""GEX 9"": 23750.0, ""GEX 10"": 23110.0}",positive,947322.5221641208,0.3590733590733591,239.61000000000058,42008487,False,True,,s4_1330_1510,above,GEX 4,23450.0,30.25,0.1262468177455028,Call Resistance 0DTE|Gamma Wall 0DTE,23400.0,19.75,0.08242560828012166,False,all_19,-0.020867242602562446,0.020867242602562446,True,False,evaluated,none
cd22142b-5563-592b-97f5-543022616d80,,,2025-08-07T18:58:00+00:00,23415.5,0.25,2025-08-07,2025-08-06,aeb8bad860db92863af8c5db289eb426dcf765061783264e1a527cd39dac9553,"{""Call Resistance"": 23500.0, ""Put Support"": 23120.0, ""HVL"": 23225.0, ""1D Min"": 23173.64, ""1D Max"": 23652.86, ""Call Resistance 0DTE"": 23400.0, ""Put Support 0DTE"": 23120.0, ""HVL 0DTE"": 23250.0, ""Gamma Wall 0DTE"": 23400.0, ""GEX 1"": 23300.0, ""GEX 2"": 23550.0, ""GEX 3"": 23600.0, ""GEX 4"": 23450.0, ""GEX 5"": 23200.0, ""GEX 6"": 23100.0, ""GEX 7"": 23800.0, ""GEX 8"": 23000.0, ""GEX 9"": 23750.0, ""GEX 10"": 23110.0}",positive,947322.5221641208,0.3590733590733591,239.61000000000058,42008487,False,True,,s4_1330_1510,above,GEX 4,23450.0,34.5,0.1439839739576809,Call Resistance 0DTE|Gamma Wall 0DTE,23400.0,15.5,0.06468845206794359,False,all_19,0.029214139643587426,0.029214139643587426,True,False,evaluated,none
da76769f-b6a4-52b1-a933-286ac2eafb3b,,,2025-08-07T19:32:00+00:00,23417.0,0.25,2025-08-07,2025-08-06,aeb8bad860db92863af8c5db289eb426dcf765061783264e1a527cd39dac9553,"{""Call Resistance"": 23500.0, ""Put Support"": 23120.0, ""HVL"": 23225.0, ""1D Min"": 23173.64, ""1D Max"": 23652.86, ""Call Resistance 0DTE"": 23400.0, ""Put Support 0DTE"": 23120.0, ""HVL 0DTE"": 23250.0, ""Gamma Wall 0DTE"": 23400.0, ""GEX 1"": 23300.0, ""GEX 2"": 23550.0, ""GEX 3"": 23600.0, ""GEX 4"": 23450.0, ""GEX 5"": 23200.0, ""GEX 6"": 23100.0, ""GEX 7"": 23800.0, ""GEX 8"": 23000.0, ""GEX 9"": 23750.0, ""GEX 10"": 23110.0}",positive,947322.5221641208,0.3590733590733591,239.61000000000058,42008487,False,True,,s4_1330_1510,above,GEX 4,23450.0,33.0,0.13772380117691216,Call Resistance 0DTE|Gamma Wall 0DTE,23400.0,17.0,0.07094862484871232,False,all_19,-0.015650431951921836,0.015650431951921836,True,False,evaluated,none
d3344af5-57b0-5575-b474-1209db701b2b,,,2025-08-07T19:37:00+00:00,23425.5,0.25,2025-08-07,2025-08-06,aeb8bad860db92863af8c5db289eb426dcf765061783264e1a527cd39dac9553,"{""Call Resistance"": 23500.0, ""Put Support"": 23120.0, ""HVL"": 23225.0, ""1D Min"": 23173.64, ""1D Max"": 23652.86, ""Call Resistance 0DTE"": 23400.0, ""Put Support 0DTE"": 23120.0, ""HVL 0DTE"": 23250.0, ""Gamma Wall 0DTE"": 23400.0, ""GEX 1"": 23300.0, ""GEX 2"": 23550.0, ""GEX 3"": 23600.0, ""GEX 4"": 23450.0, ""GEX 5"": 23200.0, ""GEX 6"": 23100.0, ""GEX 7"": 23800.0, ""GEX 8"": 23000.0, ""GEX 9"": 23750.0, ""GEX 10"": 23110.0}",positive,947322.5221641208,0.3590733590733591,239.61000000000058,42008487,False,True,,s4_1330_1510,above,GEX 4,23450.0,24.5,0.10224948875255599,Call Resistance 0DTE|Gamma Wall 0DTE,23400.0,25.5,0.10642293727306848,False,all_19,0.03338758816409992,0.03338758816409992,True,False,evaluated,none
fa1f1fa0-e84c-58e1-98c0-f4ec44de6abd,,,2025-08-07T19:42:00+00:00,23435.5,0.25,2025-08-07,2025-08-06,aeb8bad860db92863af8c5db289eb426dcf765061783264e1a527cd39dac9553,"{""Call Resistance"": 23500.0, ""Put Support"": 23120.0, ""HVL"": 23225.0, ""1D Min"": 23173.64, ""1D Max"": 23652.86, ""Call Resistance 0DTE"": 23400.0, ""Put Support 0DTE"": 23120.0, ""HVL 0DTE"": 23250.0, ""Gamma Wall 0DTE"": 23400.0, ""GEX 1"": 23300.0, ""GEX 2"": 23550.0, ""GEX 3"": 23600.0, ""GEX 4"": 23450.0, ""GEX 5"": 23200.0, ""GEX 6"": 23100.0, ""GEX 7"": 23800.0, ""GEX 8"": 23000.0, ""GEX 9"": 23750.0, ""GEX 10"": 23110.0}",positive,947322.5221641208,0.3590733590733591,239.61000000000058,42008487,False,True,,s4_1330_1510,above,GEX 4,23450.0,14.5,0.0605150035474311,Call Resistance 0DTE|Gamma Wall 0DTE,23400.0,35.5,0.14815742247819338,False,all_19,0.0605150035474311,0.0605150035474311,True,False,evaluated,none
da3d18c5-15ff-5043-91b4-3aa591a85480,,,2025-08-07T19:43:00+00:00,23437.5,0.25,2025-08-07,2025-08-06,aeb8bad860db92863af8c5db289eb426dcf765061783264e1a527cd39dac9553,"{""Call Resistance"": 23500.0, ""Put Support"": 23120.0, ""HVL"": 23225.0, ""1D Min"": 23173.64, ""1D Max"": 23652.86, ""Call Resistance 0DTE"": 23400.0, ""Put Support 0DTE"": 23120.0, ""HVL 0DTE"": 23250.0, ""Gamma Wall 0DTE"": 23400.0, ""GEX 1"": 23300.0, ""GEX 2"": 23550.0, ""GEX 3"": 23600.0, ""GEX 4"": 23450.0, ""GEX 5"": 23200.0, ""GEX 6"": 23100.0, ""GEX 7"": 23800.0, ""GEX 8"": 23000.0, ""GEX 9"": 23750.0, ""GEX 10"": 23110.0}",positive,947322.5221641208,0.3590733590733591,239.61000000000058,42008487,False,True,,s4_1330_1510,above,GEX 4,23450.0,12.5,0.05216810650640612,Call Resistance 0DTE|Gamma Wall 0DTE,23400.0,37.5,0.15650431951921834,False,all_19,0.09181586745127476,0.09181586745127476,True,False,evaluated,none
0d3a5d80-dd89-585a-a921-cd3c78897733,,,2025-08-11T20:45:00+00:00,23628.75,0.25,2025-08-11,2025-08-08,aeb8bad860db92863af8c5db289eb426dcf765061783264e1a527cd39dac9553,"{""Call Resistance"": 24000.0, ""Put Support"": 22700.0, ""HVL"": 23240.0, ""1D Min"": 23547.56, ""1D Max"": 23983.44, ""Call Resistance 0DTE"": 23800.0, ""Put Support 0DTE"": 23410.0, ""HVL 0DTE"": 23520.0, ""Gamma Wall 0DTE"": 23800.0, ""GEX 1"": 23750.0, ""GEX 2"": 23600.0, ""GEX 3"": 23700.0, ""GEX 4"": 23900.0, ""GEX 5"": 23550.0, ""GEX 6"": 23500.0, ""GEX 7"": 23400.0, ""GEX 8"": 24100.0, ""GEX 9"": 24200.0, ""GEX 10"": 23525.0}",positive,3319369.6949205766,0.6833976833976834,217.9399999999987,42008487,False,True,,outside_cash,above,GEX 3,23700.0,71.25,0.3269248416995523,GEX 2,23600.0,28.75,0.13191704138753865,False,all_19,-0.509314490226671,0.509314490226671,True,False,evaluated,asia
fdf1057f-0669-5587-8cb0-31b5a4925e87,a21c1bb5-b2b3-5f53-ad28-914e2bcd8150,2b5b773a-0d10-52f5-a771-8c26718aa02f,2025-08-11T22:02:00+00:00,23647.75,0.25,2025-08-11,,aeb8bad860db92863af8c5db289eb426dcf765061783264e1a527cd39dac9553,"{""Call Resistance"": null, ""Put Support"": null, ""HVL"": null, ""1D Min"": null, ""1D Max"": null, ""Call Resistance 0DTE"": null, ""Put Support 0DTE"": null, ""HVL 0DTE"": null, ""Gamma Wall 0DTE"": null, ""GEX 1"": null, ""GEX 2"": null, ""GEX 3"": null, ""GEX 4"": null, ""GEX 5"": null, ""GEX 6"": null, ""GEX 7"": null, ""GEX 8"": null, ""GEX 9"": null, ""GEX 10"": null}",unknown,,,,42008487,False,False,after_1700,outside_cash,,,,,,,,,,,all_19,,,,,not_applicable_outside_hours,asia
128a94fa-b005-5213-baa8-de5aad961ae8,,,2025-08-11T22:12:00+00:00,23638.25,0.25,2025-08-11,,aeb8bad860db92863af8c5db289eb426dcf765061783264e1a527cd39dac9553,"{""Call Resistance"": null, ""Put Support"": null, ""HVL"": null, ""1D Min"": null, ""1D Max"": null, ""Call Resistance 0DTE"": null, ""Put Support 0DTE"": null, ""HVL 0DTE"": null, ""Gamma Wall 0DTE"": null, ""GEX 1"": null, ""GEX 2"": null, ""GEX 3"": null, ""GEX 4"": null, ""GEX 5"": null, ""GEX 6"": null, ""GEX 7"": null, ""GEX 8"": null, ""GEX 9"": null, ""GEX 10"": null}",unknown,,,,42008487,False,False,after_1700,outside_cash,,,,,,,,,,,all_19,,,,,not_applicable_outside_hours,asia
a568af39-b076-53f4-994f-a2fa3b7016fb,,,2025-08-13T15:42:00+00:00,23946.75,0.25,2025-08-13,2025-08-12,aeb8bad860db92863af8c5db289eb426dcf765061783264e1a527cd39dac9553,"{""Call Resistance"": 24000.0, ""Put Support"": 23000.0, ""HVL"": 23390.0, ""1D Min"": 23730.43, ""1D Max"": 24168.57, ""Call Resistance 0DTE"": 23950.0, ""Put Support 0DTE"": 23890.0, ""HVL 0DTE"": 23890.0, ""Gamma Wall 0DTE"": 23950.0, ""GEX 1"": 23750.0, ""GEX 2"": 23900.0, ""GEX 3"": 23800.0, ""GEX 4"": 24100.0, ""GEX 5"": 23850.0, ""GEX 6"": 24300.0, ""GEX 7"": 24200.0, ""GEX 8"": 23600.0, ""GEX 9"": 23700.0, ""GEX 10"": 24250.0}",positive,3606872.8745253123,0.7181467181467182,219.0699999999997,42008487,False,True,,s2_1000_1200,above,Call Resistance 0DTE|Gamma Wall 0DTE,23950.0,3.25,0.014835440726708378,GEX 2,23900.0,46.75,0.21340210891495898,False,all_19,0.022823754964166734,0.022823754964166734,True,False,evaluated,ny
8887bdd7-e9b4-53b7-9a48-5b905fff9572,,,2025-08-13T15:42:00+00:00,23946.75,0.25,2025-08-13,2025-08-12,aeb8bad860db92863af8c5db289eb426dcf765061783264e1a527cd39dac9553,"{""Call Resistance"": 24000.0, ""Put Support"": 23000.0, ""HVL"": 23390.0, ""1D Min"": 23730.43, ""1D Max"": 24168.57, ""Call Resistance 0DTE"": 23950.0, ""Put Support 0DTE"": 23890.0, ""HVL 0DTE"": 23890.0, ""Gamma Wall 0DTE"": 23950.0, ""GEX 1"": 23750.0, ""GEX 2"": 23900.0, ""GEX 3"": 23800.0, ""GEX 4"": 24100.0, ""GEX 5"": 23850.0, ""GEX 6"": 24300.0, ""GEX 7"": 24200.0, ""GEX 8"": 23600.0, ""GEX 9"": 23700.0, ""GEX 10"": 24250.0}",positive,3606872.8745253123,0.7181467181467182,219.0699999999997,42008487,False,True,,s2_1000_1200,above,Call Resistance 0DTE|Gamma Wall 0DTE,23950.0,3.25,0.014835440726708378,GEX 2,23900.0,46.75,0.21340210891495898,False,all_19,0.022823754964166734,0.022823754964166734,True,False,evaluated,ny
b01397ff-7d4b-5414-a547-b4ba5262494f,,,2025-08-13T15:43:00+00:00,23950.0,0.25,2025-08-13,2025-08-12,aeb8bad860db92863af8c5db289eb426dcf765061783264e1a527cd39dac9553,"{""Call Resistance"": 24000.0, ""Put Support"": 23000.0, ""HVL"": 23390.0, ""1D Min"": 23730.43, ""1D Max"": 24168.57, ""Call Resistance 0DTE"": 23950.0, ""Put Support 0DTE"": 23890.0, ""HVL 0DTE"": 23890.0, ""Gamma Wall 0DTE"": 23950.0, ""GEX 1"": 23750.0, ""GEX 2"": 23900.0, ""GEX 3"": 23800.0, ""GEX 4"": 24100.0, ""GEX 5"": 23850.0, ""GEX 6"": 24300.0, ""GEX 7"": 24200.0, ""GEX 8"": 23600.0, ""GEX 9"": 23700.0, ""GEX 10"": 24250.0}",positive,3606872.8745253123,0.7181467181467182,219.0699999999997,42008487,False,True,,s2_1000_1200,above,Call Resistance,24000.0,50.0,0.22823754964166734,GEX 2,23900.0,50.0,0.22823754964166734,False,all_19,0.05249463641758349,0.05249463641758349,True,False,evaluated,ny
2e08a21a-1ee5-5465-8b84-755d603dc6f7,,,2025-08-13T19:06:00+00:00,23932.0,0.25,2025-08-13,2025-08-12,aeb8bad860db92863af8c5db289eb426dcf765061783264e1a527cd39dac9553,"{""Call Resistance"": 24000.0, ""Put Support"": 23000.0, ""HVL"": 23390.0, ""1D Min"": 23730.43, ""1D Max"": 24168.57, ""Call Resistance 0DTE"": 23950.0, ""Put Support 0DTE"": 23890.0, ""HVL 0DTE"": 23890.0, ""Gamma Wall 0DTE"": 23950.0, ""GEX 1"": 23750.0, ""GEX 2"": 23900.0, ""GEX 3"": 23800.0, ""GEX 4"": 24100.0, ""GEX 5"": 23850.0, ""GEX 6"": 24300.0, ""GEX 7"": 24200.0, ""GEX 8"": 23600.0, ""GEX 9"": 23700.0, ""GEX 10"": 24250.0}",positive,3606872.8745253123,0.7181467181467182,219.0699999999997,42008487,False,True,,s4_1330_1510,above,Call Resistance 0DTE|Gamma Wall 0DTE,23950.0,18.0,0.08216551787100025,GEX 2,23900.0,32.0,0.1460720317706671,False,all_19,-0.010270689733875031,0.010270689733875031,True,False,evaluated,none
788a2dc3-e175-5418-a7a3-407ca11702e9,,,2025-08-13T19:22:00+00:00,23949.25,0.25,2025-08-13,2025-08-12,aeb8bad860db92863af8c5db289eb426dcf765061783264e1a527cd39dac9553,"{""Call Resistance"": 24000.0, ""Put Support"": 23000.0, ""HVL"": 23390.0, ""1D Min"": 23730.43, ""1D Max"": 24168.57, ""Call Resistance 0DTE"": 23950.0, ""Put Support 0DTE"": 23890.0, ""HVL 0DTE"": 23890.0, ""Gamma Wall 0DTE"": 23950.0, ""GEX 1"": 23750.0, ""GEX 2"": 23900.0, ""GEX 3"": 23800.0, ""GEX 4"": 24100.0, ""GEX 5"": 23850.0, ""GEX 6"": 24300.0, ""GEX 7"": 24200.0, ""GEX 8"": 23600.0, ""GEX 9"": 23700.0, ""GEX 10"": 24250.0}",positive,3606872.8745253123,0.7181467181467182,219.0699999999997,42008487,False,True,,s4_1330_1510,above,Call Resistance 0DTE|Gamma Wall 0DTE,23950.0,0.75,0.00342356324462501,GEX 2,23900.0,49.25,0.22481398639704234,False,all_19,0.043365134431916794,0.043365134431916794,True,False,evaluated,none
c83ddc18-4ded-503b-96d1-b81363c246f7,,,2025-08-13T19:23:00+00:00,23953.0,0.25,2025-08-13,2025-08-12,aeb8bad860db92863af8c5db289eb426dcf765061783264e1a527cd39dac9553,"{""Call Resistance"": 24000.0, ""Put Support"": 23000.0, ""HVL"": 23390.0, ""1D Min"": 23730.43, ""1D Max"": 24168.57, ""Call Resistance 0DTE"": 23950.0, ""Put Support 0DTE"": 23890.0, ""HVL 0DTE"": 23890.0, ""Gamma Wall 0DTE"": 23950.0, ""GEX 1"": 23750.0, ""GEX 2"": 23900.0, ""GEX 3"": 23800.0, ""GEX 4"": 24100.0, ""GEX 5"": 23850.0, ""GEX 6"": 24300.0, ""GEX 7"": 24200.0, ""GEX 8"": 23600.0, ""GEX 9"": 23700.0, ""GEX 10"": 24250.0}",positive,3606872.8745253123,0.7181467181467182,219.0699999999997,42008487,False,True,,s4_1330_1510,above,Call Resistance,24000.0,47.0,0.21454329666316732,Call Resistance 0DTE|Gamma Wall 0DTE,23950.0,3.0,0.01369425297850004,False,all_19,0.06618888939608353,0.06618888939608353,True,False,evaluated,none
cb039c96-5a74-54eb-91c5-77a37c14dd7a,,,2025-08-20T10:45:00+00:00,23414.0,0.25,2025-08-20,,aeb8bad860db92863af8c5db289eb426dcf765061783264e1a527cd39dac9553,"{""Call Resistance"": null, ""Put Support"": null, ""HVL"": null, ""1D Min"": null, ""1D Max"": null, ""Call Resistance 0DTE"": null, ""Put Support 0DTE"": null, ""HVL 0DTE"": null, ""Gamma Wall 0DTE"": null, ""GEX 1"": null, ""GEX 2"": null, ""GEX 3"": null, ""GEX 4"": null, ""GEX 5"": null, ""GEX 6"": null, ""GEX 7"": null, ""GEX 8"": null, ""GEX 9"": null, ""GEX 10"": null}",unknown,,,,42008487,False,False,before_0600,outside_cash,,,,,,,,,,,all_19,,,,,not_applicable_outside_hours,london
00e4b3f0-34b9-5779-83ec-a0d84d415222,,,2025-08-20T11:03:00+00:00,23445.0,0.25,2025-08-20,2025-08-19,aeb8bad860db92863af8c5db289eb426dcf765061783264e1a527cd39dac9553,"{""Call Resistance"": 23500.0, ""Put Support"": 23000.0, ""HVL"": 23475.0, ""1D Min"": 23238.01, ""1D Max"": 23708.99, ""Call Resistance 0DTE"": 23600.0, ""Put Support 0DTE"": 23400.0, ""HVL 0DTE"": 23460.0, ""Gamma Wall 0DTE"": 23600.0, ""GEX 1"": 23700.0, ""GEX 2"": 23300.0, ""GEX 3"": 23450.0, ""GEX 4"": 23250.0, ""GEX 5"": 23350.0, ""GEX 6"": 23900.0, ""GEX 7"": 23750.0, ""GEX 8"": 23100.0, ""GEX 9"": 23850.0, ""GEX 10"": 23200.0}",negative,-1171526.8916403514,0.13127413127413126,235.4900000000016,42008487,False,True,,outside_cash,below,GEX 3,23450.0,5.0,0.02123232409019477,Put Support 0DTE,23400.0,45.0,0.19109091681175291,False,all_19,-0.20276869506136003,0.20276869506136003,False,False,evaluated,none
c6f1c05c-8b2a-5581-b283-bb4715636e22,,,2025-08-20T11:04:00+00:00,23446.75,0.25,2025-08-20,2025-08-19,aeb8bad860db92863af8c5db289eb426dcf765061783264e1a527cd39dac9553,"{""Call Resistance"": 23500.0, ""Put Support"": 23000.0, ""HVL"": 23475.0, ""1D Min"": 23238.01, ""1D Max"": 23708.99, ""Call Resistance 0DTE"": 23600.0, ""Put Support 0DTE"": 23400.0, ""HVL 0DTE"": 23460.0, ""Gamma Wall 0DTE"": 23600.0, ""GEX 1"": 23700.0, ""GEX 2"": 23300.0, ""GEX 3"": 23450.0, ""GEX 4"": 23250.0, ""GEX 5"": 23350.0, ""GEX 6"": 23900.0, ""GEX 7"": 23750.0, ""GEX 8"": 23100.0, ""GEX 9"": 23850.0, ""GEX 10"": 23200.0}",negative,-1171526.8916403514,0.13127413127413126,235.4900000000016,42008487,False,True,,outside_cash,below,GEX 3,23450.0,3.25,0.0138010106586266,Put Support 0DTE,23400.0,46.75,0.19852223024332108,False,all_19,-0.15499596585842182,0.15499596585842182,False,False,evaluated,none
f38ae987-e6ef-503b-8343-cfa1efc37d31,,,2025-08-20T12:00:00+00:00,23414.25,0.25,2025-08-20,2025-08-19,aeb8bad860db92863af8c5db289eb426dcf765061783264e1a527cd39dac9553,"{""Call Resistance"": 23500.0, ""Put Support"": 23000.0, ""HVL"": 23475.0, ""1D Min"": 23238.01, ""1D Max"": 23708.99, ""Call Resistance 0DTE"": 23600.0, ""Put Support 0DTE"": 23400.0, ""HVL 0DTE"": 23460.0, ""Gamma Wall 0DTE"": 23600.0, ""GEX 1"": 23700.0, ""GEX 2"": 23300.0, ""GEX 3"": 23450.0, ""GEX 4"": 23250.0, ""GEX 5"": 23350.0, ""GEX 6"": 23900.0, ""GEX 7"": 23750.0, ""GEX 8"": 23100.0, ""GEX 9"": 23850.0, ""GEX 10"": 23200.0}",negative,-1171526.8916403514,0.13127413127413126,235.4900000000016,42008487,False,True,,outside_cash,below,GEX 3,23450.0,35.75,0.1518111172448926,Put Support 0DTE,23400.0,14.25,0.06051212365705509,False,all_19,-0.2792050617860612,0.2792050617860612,False,False,evaluated,ny
a4999010-d950-5042-b2d4-87875dea6b64,4e973b2b-3540-5b37-bde9-3580e1d91c75,27e7c2ad-6022-5031-9133-3c431846f401,2025-08-20T12:02:00+00:00,23424.5,0.25,2025-08-20,2025-08-19,aeb8bad860db92863af8c5db289eb426dcf765061783264e1a527cd39dac9553,"{""Call Resistance"": 23500.0, ""Put Support"": 23000.0, ""HVL"": 23475.0, ""1D Min"": 23238.01, ""1D Max"": 23708.99, ""Call Resistance 0DTE"": 23600.0, ""Put Support 0DTE"": 23400.0, ""HVL 0DTE"": 23460.0, ""Gamma Wall 0DTE"": 23600.0, ""GEX 1"": 23700.0, ""GEX 2"": 23300.0, ""GEX 3"": 23450.0, ""GEX 4"": 23250.0, ""GEX 5"": 23350.0, ""GEX 6"": 23900.0, ""GEX 7"": 23750.0, ""GEX 8"": 23100.0, ""GEX 9"": 23850.0, ""GEX 10"": 23200.0}",negative,-1171526.8916403514,0.13127413127413126,235.4900000000016,42008487,False,True,,outside_cash,below,GEX 3,23450.0,25.5,0.10828485285999331,Put Support 0DTE,23400.0,24.5,0.10403838804195437,False,all_19,-0.2622192025139054,0.2622192025139054,False,False,evaluated,ny
93a3552d-b49a-5ad6-879a-0b45c6d68fd5,,,2025-08-20T12:18:00+00:00,23421.25,0.25,2025-08-20,2025-08-19,aeb8bad860db92863af8c5db289eb426dcf765061783264e1a527cd39dac9553,"{""Call Resistance"": 23500.0, ""Put Support"": 23000.0, ""HVL"": 23475.0, ""1D Min"": 23238.01, ""1D Max"": 23708.99, ""Call Resistance 0DTE"": 23600.0, ""Put Support 0DTE"": 23400.0, ""HVL 0DTE"": 23460.0, ""Gamma Wall 0DTE"": 23600.0, ""GEX 1"": 23700.0, ""GEX 2"": 23300.0, ""GEX 3"": 23450.0, ""GEX 4"": 23250.0, ""GEX 5"": 23350.0, ""GEX 6"": 23900.0, ""GEX 7"": 23750.0, ""GEX 8"": 23100.0, ""GEX 9"": 23850.0, ""GEX 10"": 23200.0}",negative,-1171526.8916403514,0.13127413127413126,235.4900000000016,42008487,False,True,,outside_cash,below,GEX 3,23450.0,28.75,0.12208586351861991,Put Support 0DTE,23400.0,21.25,0.09023737738332777,False,all_19,-0.25584950528684697,0.25584950528684697,False,False,evaluated,ny
d4d4cea1-8e7d-506e-80b0-08ff0881ddfa,,,2025-08-25T11:47:00+00:00,23495.5,0.25,2025-08-25,2025-08-22,aeb8bad860db92863af8c5db289eb426dcf765061783264e1a527cd39dac9553,"{""Call Resistance"": 23500.0, ""Put Support"": 23000.0, ""HVL"": 23300.0, ""1D Min"": 23358.99, ""1D Max"": 23806.51, ""Call Resistance 0DTE"": 23750.0, ""Put Support 0DTE"": 23625.0, ""HVL 0DTE"": 23250.0, ""Gamma Wall 0DTE"": 23750.0, ""GEX 1"": 23800.0, ""GEX 2"": 23600.0, ""GEX 3"": 23450.0, ""GEX 4"": 23425.0, ""GEX 5"": 23475.0, ""GEX 6"": 24000.0, ""GEX 7"": 23900.0, ""GEX 8"": 23200.0, ""GEX 9"": 23325.0, ""GEX 10"": 23350.0}",positive,1528003.2349350327,0.4015444015444015,223.7599999999984,42008487,False,True,,outside_cash,above,Call Resistance,23500.0,4.5,0.02011083303539521,GEX 5,23475.0,20.5,0.09161601716124484,False,all_19,-0.3564086521272818,0.3564086521272818,True,False,evaluated,none
48efd820-5906-56c3-a48f-682469bce9f3,,,2025-08-25T11:47:00+00:00,23495.5,0.25,2025-08-25,2025-08-22,aeb8bad860db92863af8c5db289eb426dcf765061783264e1a527cd39dac9553,"{""Call Resistance"": 23500.0, ""Put Support"": 23000.0, ""HVL"": 23300.0, ""1D Min"": 23358.99, ""1D Max"": 23806.51, ""Call Resistance 0DTE"": 23750.0, ""Put Support 0DTE"": 23625.0, ""HVL 0DTE"": 23250.0, ""Gamma Wall 0DTE"": 23750.0, ""GEX 1"": 23800.0, ""GEX 2"": 23600.0, ""GEX 3"": 23450.0, ""GEX 4"": 23425.0, ""GEX 5"": 23475.0, ""GEX 6"": 24000.0, ""GEX 7"": 23900.0, ""GEX 8"": 23200.0, ""GEX 9"": 23325.0, ""GEX 10"": 23350.0}",positive,1528003.2349350327,0.4015444015444015,223.7599999999984,42008487,False,True,,outside_cash,above,Call Resistance,23500.0,4.5,0.02011083303539521,GEX 5,23475.0,20.5,0.09161601716124484,False,all_19,-0.3564086521272818,0.3564086521272818,True,False,evaluated,none
fd31fedc-231f-55f1-8f2a-5a07c248eac7,,,2025-08-25T11:55:00+00:00,23499.25,0.25,2025-08-25,2025-08-22,aeb8bad860db92863af8c5db289eb426dcf765061783264e1a527cd39dac9553,"{""Call Resistance"": 23500.0, ""Put Support"": 23000.0, ""HVL"": 23300.0, ""1D Min"": 23358.99, ""1D Max"": 23806.51, ""Call Resistance 0DTE"": 23750.0, ""Put Support 0DTE"": 23625.0, ""HVL 0DTE"": 23250.0, ""Gamma Wall 0DTE"": 23750.0, ""GEX 1"": 23800.0, ""GEX 2"": 23600.0, ""GEX 3"": 23450.0, ""GEX 4"": 23425.0, ""GEX 5"": 23475.0, ""GEX 6"": 24000.0, ""GEX 7"": 23900.0, ""GEX 8"": 23200.0, ""GEX 9"": 23325.0, ""GEX 10"": 23350.0}",positive,1528003.2349350327,0.4015444015444015,223.7599999999984,42008487,False,True,,outside_cash,above,Call Resistance,23500.0,0.75,0.0033518055058992017,GEX 5,23475.0,24.25,0.10837504469074086,False,all_19,-0.3351805505899202,0.3351805505899202,True,False,evaluated,none
e9161499-64a7-52ca-8e0d-5798c7c43e82,cb7c2486-87f8-57bb-8ab1-bd279f80ef02,c07eb139-57f3-5692-acfb-b234b6640f62,2025-08-25T23:02:00+00:00,23513.5,0.25,2025-08-25,,aeb8bad860db92863af8c5db289eb426dcf765061783264e1a527cd39dac9553,"{""Call Resistance"": null, ""Put Support"": null, ""HVL"": null, ""1D Min"": null, ""1D Max"": null, ""Call Resistance 0DTE"": null, ""Put Support 0DTE"": null, ""HVL 0DTE"": null, ""Gamma Wall 0DTE"": null, ""GEX 1"": null, ""GEX 2"": null, ""GEX 3"": null, ""GEX 4"": null, ""GEX 5"": null, ""GEX 6"": null, ""GEX 7"": null, ""GEX 8"": null, ""GEX 9"": null, ""GEX 10"": null}",unknown,,,,42008487,False,False,after_1700,outside_cash,,,,,,,,,,,all_19,,,,,not_applicable_outside_hours,asia
1ec4235a-a4e6-56cd-ae87-e4715f36813c,,,2025-08-25T23:04:00+00:00,23516.25,0.25,2025-08-25,,aeb8bad860db92863af8c5db289eb426dcf765061783264e1a527cd39dac9553,"{""Call Resistance"": null, ""Put Support"": null, ""HVL"": null, ""1D Min"": null, ""1D Max"": null, ""Call Resistance 0DTE"": null, ""Put Support 0DTE"": null, ""HVL 0DTE"": null, ""Gamma Wall 0DTE"": null, ""GEX 1"": null, ""GEX 2"": null, ""GEX 3"": null, ""GEX 4"": null, ""GEX 5"": null, ""GEX 6"": null, ""GEX 7"": null, ""GEX 8"": null, ""GEX 9"": null, ""GEX 10"": null}",unknown,,,,42008487,False,False,after_1700,outside_cash,,,,,,,,,,,all_19,,,,,not_applicable_outside_hours,asia
4f4cb1e2-63d1-59cf-9799-a55006c16613,,,2025-08-25T23:08:00+00:00,23510.0,0.25,2025-08-25,,aeb8bad860db92863af8c5db289eb426dcf765061783264e1a527cd39dac9553,"{""Call Resistance"": null, ""Put Support"": null, ""HVL"": null, ""1D Min"": null, ""1D Max"": null, ""Call Resistance 0DTE"": null, ""Put Support 0DTE"": null, ""HVL 0DTE"": null, ""Gamma Wall 0DTE"": null, ""GEX 1"": null, ""GEX 2"": null, ""GEX 3"": null, ""GEX 4"": null, ""GEX 5"": null, ""GEX 6"": null, ""GEX 7"": null, ""GEX 8"": null, ""GEX 9"": null, ""GEX 10"": null}",unknown,,,,42008487,False,False,after_1700,outside_cash,,,,,,,,,,,all_19,,,,,not_applicable_outside_hours,asia
d332ad03-0944-5867-ae09-eff873518059,95681ee9-e776-5cf0-a484-e9564b473c10,8fac0c92-a003-56ef-a9dd-e38ba9296f22,2025-08-26T10:50:00+00:00,23495.75,0.25,2025-08-26,,aeb8bad860db92863af8c5db289eb426dcf765061783264e1a527cd39dac9553,"{""Call Resistance"": null, ""Put Support"": null, ""HVL"": null, ""1D Min"": null, ""1D Max"": null, ""Call Resistance 0DTE"": null, ""Put Support 0DTE"": null, ""HVL 0DTE"": null, ""Gamma Wall 0DTE"": null, ""GEX 1"": null, ""GEX 2"": null, ""GEX 3"": null, ""GEX 4"": null, ""GEX 5"": null, ""GEX 6"": null, ""GEX 7"": null, ""GEX 8"": null, ""GEX 9"": null, ""GEX 10"": null}",unknown,,,,42008487,False,False,before_0600,outside_cash,,,,,,,,,,,all_19,,,,,not_applicable_outside_hours,london
bdbb669f-628a-526a-b5fd-1cdff5722195,,,2025-08-26T10:51:00+00:00,23496.25,0.25,2025-08-26,,aeb8bad860db92863af8c5db289eb426dcf765061783264e1a527cd39dac9553,"{""Call Resistance"": null, ""Put Support"": null, ""HVL"": null, ""1D Min"": null, ""1D Max"": null, ""Call Resistance 0DTE"": null, ""Put Support 0DTE"": null, ""HVL 0DTE"": null, ""Gamma Wall 0DTE"": null, ""GEX 1"": null, ""GEX 2"": null, ""GEX 3"": null, ""GEX 4"": null, ""GEX 5"": null, ""GEX 6"": null, ""GEX 7"": null, ""GEX 8"": null, ""GEX 9"": null, ""GEX 10"": null}",unknown,,,,42008487,False,False,before_0600,outside_cash,,,,,,,,,,,all_19,,,,,not_applicable_outside_hours,london
3fb15fce-8a86-563d-ab7d-086e19bbd33c,,,2025-08-26T17:58:00+00:00,23501.0,0.25,2025-08-26,2025-08-25,aeb8bad860db92863af8c5db289eb426dcf765061783264e1a527cd39dac9553,"{""Call Resistance"": 23500.0, ""Put Support"": 23000.0, ""HVL"": 23490.0, ""1D Min"": 23271.42, ""1D Max"": 23733.08, ""Call Resistance 0DTE"": 23650.0, ""Put Support 0DTE"": 23450.0, ""HVL 0DTE"": 23490.0, ""Gamma Wall 0DTE"": 23650.0, ""GEX 1"": 23400.0, ""GEX 2"": 23300.0, ""GEX 3"": 23700.0, ""GEX 4"": 23625.0, ""GEX 5"": 23600.0, ""GEX 6"": 23800.0, ""GEX 7"": 23750.0, ""GEX 8"": 23100.0, ""GEX 9"": 23900.0, ""GEX 10"": 23950.0}",positive,852028.4634433782,0.33976833976833976,230.83000000000175,42008487,False,True,,s3_1200_1330,above,GEX 5,23600.0,99.0,0.42888705974093166,Call Resistance,23500.0,1.0,0.004332192522635673,False,all_19,-0.061733743447558345,0.061733743447558345,True,False,evaluated,ny
ed6c9af8-aead-5d10-baec-284b7fb75c93,,,2025-08-26T17:58:00+00:00,23501.0,0.25,2025-08-26,2025-08-25,aeb8bad860db92863af8c5db289eb426dcf765061783264e1a527cd39dac9553,"{""Call Resistance"": 23500.0, ""Put Support"": 23000.0, ""HVL"": 23490.0, ""1D Min"": 23271.42, ""1D Max"": 23733.08, ""Call Resistance 0DTE"": 23650.0, ""Put Support 0DTE"": 23450.0, ""HVL 0DTE"": 23490.0, ""Gamma Wall 0DTE"": 23650.0, ""GEX 1"": 23400.0, ""GEX 2"": 23300.0, ""GEX 3"": 23700.0, ""GEX 4"": 23625.0, ""GEX 5"": 23600.0, ""GEX 6"": 23800.0, ""GEX 7"": 23750.0, ""GEX 8"": 23100.0, ""GEX 9"": 23900.0, ""GEX 10"": 23950.0}",positive,852028.4634433782,0.33976833976833976,230.83000000000175,42008487,False,True,,s3_1200_1330,above,GEX 5,23600.0,99.0,0.42888705974093166,Call Resistance,23500.0,1.0,0.004332192522635673,False,all_19,-0.061733743447558345,0.061733743447558345,True,False,evaluated,ny
dc516ef6-2048-5ad9-8366-85e391b378a0,,,2025-08-26T18:12:00+00:00,23524.0,0.25,2025-08-26,2025-08-25,aeb8bad860db92863af8c5db289eb426dcf765061783264e1a527cd39dac9553,"{""Call Resistance"": 23500.0, ""Put Support"": 23000.0, ""HVL"": 23490.0, ""1D Min"": 23271.42, ""1D Max"": 23733.08, ""Call Resistance 0DTE"": 23650.0, ""Put Support 0DTE"": 23450.0, ""HVL 0DTE"": 23490.0, ""Gamma Wall 0DTE"": 23650.0, ""GEX 1"": 23400.0, ""GEX 2"": 23300.0, ""GEX 3"": 23700.0, ""GEX 4"": 23625.0, ""GEX 5"": 23600.0, ""GEX 6"": 23800.0, ""GEX 7"": 23750.0, ""GEX 8"": 23100.0, ""GEX 9"": 23900.0, ""GEX 10"": 23950.0}",positive,852028.4634433782,0.33976833976833976,230.83000000000175,42008487,False,True,,s3_1200_1330,above,GEX 5,23600.0,76.0,0.32924663172031116,Call Resistance,23500.0,24.0,0.10397262054325615,False,all_19,0.06714898410085293,0.06714898410085293,True,False,evaluated,none
25b20812-fddc-583d-988c-199d93bdfde9,,,2025-08-26T18:17:00+00:00,23531.0,0.25,2025-08-26,2025-08-25,aeb8bad860db92863af8c5db289eb426dcf765061783264e1a527cd39dac9553,"{""Call Resistance"": 23500.0, ""Put Support"": 23000.0, ""HVL"": 23490.0, ""1D Min"": 23271.42, ""1D Max"": 23733.08, ""Call Resistance 0DTE"": 23650.0, ""Put Support 0DTE"": 23450.0, ""HVL 0DTE"": 23490.0, ""Gamma Wall 0DTE"": 23650.0, ""GEX 1"": 23400.0, ""GEX 2"": 23300.0, ""GEX 3"": 23700.0, ""GEX 4"": 23625.0, ""GEX 5"": 23600.0, ""GEX 6"": 23800.0, ""GEX 7"": 23750.0, ""GEX 8"": 23100.0, ""GEX 9"": 23900.0, ""GEX 10"": 23950.0}",positive,852028.4634433782,0.33976833976833976,230.83000000000175,42008487,False,True,,s3_1200_1330,above,GEX 5,23600.0,69.0,0.29892128406186147,Call Resistance,23500.0,31.0,0.13429796820170586,False,all_19,0.06931508036217077,0.06931508036217077,True,False,evaluated,none
8c637127-24a8-59fe-b9fe-ad455f4761ed,,,2025-08-26T18:18:00+00:00,23530.5,0.25,2025-08-26,2025-08-25,aeb8bad860db92863af8c5db289eb426dcf765061783264e1a527cd39dac9553,"{""Call Resistance"": 23500.0, ""Put Support"": 23000.0, ""HVL"": 23490.0, ""1D Min"": 23271.42, ""1D Max"": 23733.08, ""Call Resistance 0DTE"": 23650.0, ""Put Support 0DTE"": 23450.0, ""HVL 0DTE"": 23490.0, ""Gamma Wall 0DTE"": 23650.0, ""GEX 1"": 23400.0, ""GEX 2"": 23300.0, ""GEX 3"": 23700.0, ""GEX 4"": 23625.0, ""GEX 5"": 23600.0, ""GEX 6"": 23800.0, ""GEX 7"": 23750.0, ""GEX 8"": 23100.0, ""GEX 9"": 23900.0, ""GEX 10"": 23950.0}",positive,852028.4634433782,0.33976833976833976,230.83000000000175,42008487,False,True,,s3_1200_1330,above,GEX 5,23600.0,69.5,0.3010873803231793,Call Resistance,23500.0,30.5,0.13213187194038803,False,all_19,0.08989299484469022,0.08989299484469022,True,False,evaluated,none
54a8f433-4d04-58ab-9cf4-05a0699c346a,,,2025-08-26T18:28:00+00:00,23537.5,0.25,2025-08-26,2025-08-25,aeb8bad860db92863af8c5db289eb426dcf765061783264e1a527cd39dac9553,"{""Call Resistance"": 23500.0, ""Put Support"": 23000.0, ""HVL"": 23490.0, ""1D Min"": 23271.42, ""1D Max"": 23733.08, ""Call Resistance 0DTE"": 23650.0, ""Put Support 0DTE"": 23450.0, ""HVL 0DTE"": 23490.0, ""Gamma Wall 0DTE"": 23650.0, ""GEX 1"": 23400.0, ""GEX 2"": 23300.0, ""GEX 3"": 23700.0, ""GEX 4"": 23625.0, ""GEX 5"": 23600.0, ""GEX 6"": 23800.0, ""GEX 7"": 23750.0, ""GEX 8"": 23100.0, ""GEX 9"": 23900.0, ""GEX 10"": 23950.0}",positive,852028.4634433782,0.33976833976833976,230.83000000000175,42008487,False,True,,s3_1200_1330,above,GEX 5,23600.0,62.5,0.2707620326647296,Call Resistance,23500.0,37.5,0.16245721959883774,False,all_19,0.11047090932720967,0.11047090932720967,True,False,evaluated,none
deeaf7b5-1536-5843-a659-10ec5d62d4bd,,,2025-08-26T18:31:00+00:00,23544.25,0.25,2025-08-26,2025-08-25,aeb8bad860db92863af8c5db289eb426dcf765061783264e1a527cd39dac9553,"{""Call Resistance"": 23500.0, ""Put Support"": 23000.0, ""HVL"": 23490.0, ""1D Min"": 23271.42, ""1D Max"": 23733.08, ""Call Resistance 0DTE"": 23650.0, ""Put Support 0DTE"": 23450.0, ""HVL 0DTE"": 23490.0, ""Gamma Wall 0DTE"": 23650.0, ""GEX 1"": 23400.0, ""GEX 2"": 23300.0, ""GEX 3"": 23700.0, ""GEX 4"": 23625.0, ""GEX 5"": 23600.0, ""GEX 6"": 23800.0, ""GEX 7"": 23750.0, ""GEX 8"": 23100.0, ""GEX 9"": 23900.0, ""GEX 10"": 23950.0}",positive,852028.4634433782,0.33976833976833976,230.83000000000175,42008487,False,True,,s4_1330_1510,above,GEX 5,23600.0,55.75,0.24151973313693878,Call Resistance,23500.0,44.25,0.19169951912662853,False,all_19,0.12238443876445777,0.12238443876445777,True,False,evaluated,none
0f38bf96-d261-5088-91eb-e7677d1caab5,,,2025-08-26T18:38:00+00:00,23547.0,0.25,2025-08-26,2025-08-25,aeb8bad860db92863af8c5db289eb426dcf765061783264e1a527cd39dac9553,"{""Call Resistance"": 23500.0, ""Put Support"": 23000.0, ""HVL"": 23490.0, ""1D Min"": 23271.42, ""1D Max"": 23733.08, ""Call Resistance 0DTE"": 23650.0, ""Put Support 0DTE"": 23450.0, ""HVL 0DTE"": 23490.0, ""Gamma Wall 0DTE"": 23650.0, ""GEX 1"": 23400.0, ""GEX 2"": 23300.0, ""GEX 3"": 23700.0, ""GEX 4"": 23625.0, ""GEX 5"": 23600.0, ""GEX 6"": 23800.0, ""GEX 7"": 23750.0, ""GEX 8"": 23100.0, ""GEX 9"": 23900.0, ""GEX 10"": 23950.0}",positive,852028.4634433782,0.33976833976833976,230.83000000000175,42008487,False,True,,s4_1330_1510,above,GEX 5,23600.0,53.0,0.22960620369969068,Call Resistance,23500.0,47.0,0.20361304856387663,False,all_19,0.1537928345535664,0.1537928345535664,True,False,evaluated,none
75aa2d44-2a26-5959-95bc-cd1c578978c5,,,2025-08-26T18:50:00+00:00,23548.75,0.25,2025-08-26,2025-08-25,aeb8bad860db92863af8c5db289eb426dcf765061783264e1a527cd39dac9553,"{""Call Resistance"": 23500.0, ""Put Support"": 23000.0, ""HVL"": 23490.0, ""1D Min"": 23271.42, ""1D Max"": 23733.08, ""Call Resistance 0DTE"": 23650.0, ""Put Support 0DTE"": 23450.0, ""HVL 0DTE"": 23490.0, ""Gamma Wall 0DTE"": 23650.0, ""GEX 1"": 23400.0, ""GEX 2"": 23300.0, ""GEX 3"": 23700.0, ""GEX 4"": 23625.0, ""GEX 5"": 23600.0, ""GEX 6"": 23800.0, ""GEX 7"": 23750.0, ""GEX 8"": 23100.0, ""GEX 9"": 23900.0, ""GEX 10"": 23950.0}",positive,852028.4634433782,0.33976833976833976,230.83000000000175,42008487,False,True,,s4_1330_1510,above,GEX 5,23600.0,51.25,0.22202486678507824,Call Resistance,23500.0,48.75,0.21119438547848907,False,all_19,0.1537928345535664,0.1537928345535664,True,False,evaluated,none
fc5c502c-ca35-5072-a00e-6c295deac032,,,2025-08-26T18:57:00+00:00,23549.75,0.25,2025-08-26,2025-08-25,aeb8bad860db92863af8c5db289eb426dcf765061783264e1a527cd39dac9553,"{""Call Resistance"": 23500.0, ""Put Support"": 23000.0, ""HVL"": 23490.0, ""1D Min"": 23271.42, ""1D Max"": 23733.08, ""Call Resistance 0DTE"": 23650.0, ""Put Support 0DTE"": 23450.0, ""HVL 0DTE"": 23490.0, ""Gamma Wall 0DTE"": 23650.0, ""GEX 1"": 23400.0, ""GEX 2"": 23300.0, ""GEX 3"": 23700.0, ""GEX 4"": 23625.0, ""GEX 5"": 23600.0, ""GEX 6"": 23800.0, ""GEX 7"": 23750.0, ""GEX 8"": 23100.0, ""GEX 9"": 23900.0, ""GEX 10"": 23950.0}",positive,852028.4634433782,0.33976833976833976,230.83000000000175,42008487,False,True,,s4_1330_1510,above,GEX 5,23600.0,50.25,0.21769267426244257,Call Resistance,23500.0,49.75,0.21552657800112474,False,all_19,0.17545379716674475,0.17545379716674475,True,False,evaluated,none
aeda862d-ba46-5c48-9907-2dc477fd301e,,,2025-08-26T19:12:00+00:00,23542.5,0.25,2025-08-26,2025-08-25,aeb8bad860db92863af8c5db289eb426dcf765061783264e1a527cd39dac9553,"{""Call Resistance"": 23500.0, ""Put Support"": 23000.0, ""HVL"": 23490.0, ""1D Min"": 23271.42, ""1D Max"": 23733.08, ""Call Resistance 0DTE"": 23650.0, ""Put Support 0DTE"": 23450.0, ""HVL 0DTE"": 23490.0, ""Gamma Wall 0DTE"": 23650.0, ""GEX 1"": 23400.0, ""GEX 2"": 23300.0, ""GEX 3"": 23700.0, ""GEX 4"": 23625.0, ""GEX 5"": 23600.0, ""GEX 6"": 23800.0, ""GEX 7"": 23750.0, ""GEX 8"": 23100.0, ""GEX 9"": 23900.0, ""GEX 10"": 23950.0}",positive,852028.4634433782,0.33976833976833976,230.83000000000175,42008487,False,True,,s4_1330_1510,above,GEX 5,23600.0,57.5,0.24910107005155122,Call Resistance,23500.0,42.5,0.18411818221201612,False,all_19,0.1548758826842253,0.1548758826842253,True,False,evaluated,none
81a20f6d-565c-55ee-9265-754c2a808f60,,,2025-08-27T09:59:00+00:00,23597.25,0.25,2025-08-27,,aeb8bad860db92863af8c5db289eb426dcf765061783264e1a527cd39dac9553,"{""Call Resistance"": null, ""Put Support"": null, ""HVL"": null, ""1D Min"": null, ""1D Max"": null, ""Call Resistance 0DTE"": null, ""Put Support 0DTE"": null, ""HVL 0DTE"": null, ""Gamma Wall 0DTE"": null, ""GEX 1"": null, ""GEX 2"": null, ""GEX 3"": null, ""GEX 4"": null, ""GEX 5"": null, ""GEX 6"": null, ""GEX 7"": null, ""GEX 8"": null, ""GEX 9"": null, ""GEX 10"": null}",unknown,,,,42008487,False,False,before_0600,outside_cash,,,,,,,,,,,all_19,,,,,not_applicable_outside_hours,london
426759a1-9957-5101-91cc-a99eeed3ac8e,2e2a0140-4e9f-5f6f-9cf2-2ddc97382c9a,0793c37c-b5c0-57b4-a252-7bc4c710761a,2025-08-27T10:15:00+00:00,23596.0,0.25,2025-08-27,,aeb8bad860db92863af8c5db289eb426dcf765061783264e1a527cd39dac9553,"{""Call Resistance"": null, ""Put Support"": null, ""HVL"": null, ""1D Min"": null, ""1D Max"": null, ""Call Resistance 0DTE"": null, ""Put Support 0DTE"": null, ""HVL 0DTE"": null, ""Gamma Wall 0DTE"": null, ""GEX 1"": null, ""GEX 2"": null, ""GEX 3"": null, ""GEX 4"": null, ""GEX 5"": null, ""GEX 6"": null, ""GEX 7"": null, ""GEX 8"": null, ""GEX 9"": null, ""GEX 10"": null}",unknown,,,,42008487,False,False,before_0600,outside_cash,,,,,,,,,,,all_19,,,,,not_applicable_outside_hours,london
6a0056fc-b9c6-5333-a84e-2a4e7cca7da2,,,2025-08-27T10:24:00+00:00,23596.75,0.25,2025-08-27,,aeb8bad860db92863af8c5db289eb426dcf765061783264e1a527cd39dac9553,"{""Call Resistance"": null, ""Put Support"": null, ""HVL"": null, ""1D Min"": null, ""1D Max"": null, ""Call Resistance 0DTE"": null, ""Put Support 0DTE"": null, ""HVL 0DTE"": null, ""Gamma Wall 0DTE"": null, ""GEX 1"": null, ""GEX 2"": null, ""GEX 3"": null, ""GEX 4"": null, ""GEX 5"": null, ""GEX 6"": null, ""GEX 7"": null, ""GEX 8"": null, ""GEX 9"": null, ""GEX 10"": null}",unknown,,,,42008487,False,False,before_0600,outside_cash,,,,,,,,,,,all_19,,,,,not_applicable_outside_hours,london
ca7846a8-ca14-539c-92fb-3a6caa2f5ce0,,,2025-08-27T14:49:00+00:00,23599.25,0.25,2025-08-27,2025-08-26,aeb8bad860db92863af8c5db289eb426dcf765061783264e1a527cd39dac9553,"{""Call Resistance"": 24000.0, ""Put Support"": 23000.0, ""HVL"": 23490.0, ""1D Min"": 23378.39, ""1D Max"": 23836.61, ""Call Resistance 0DTE"": 23600.0, ""Put Support 0DTE"": 23460.0, ""HVL 0DTE"": 23530.0, ""Gamma Wall 0DTE"": 23600.0, ""GEX 1"": 23500.0, ""GEX 2"": 23800.0, ""GEX 3"": 23750.0, ""GEX 4"": 23400.0, ""GEX 5"": 23650.0, ""GEX 6"": 23300.0, ""GEX 7"": 23850.0, ""GEX 8"": 23200.0, ""GEX 9"": 23350.0, ""GEX 10"": 23950.0}",positive,2428220.643301086,0.5637065637065637,229.11000000000058,42008487,False,True,,s1_0830_1000,above,Call Resistance 0DTE|Gamma Wall 0DTE,23600.0,0.75,0.003273536729082092,HVL 0DTE,23530.0,69.25,0.3022565579852465,False,all_19,-0.030553009471432857,0.030553009471432857,True,False,evaluated,ny
dcc6fb1e-320b-50f4-9ec3-de578aec4da3,,,2025-08-27T14:49:00+00:00,23599.25,0.25,2025-08-27,2025-08-26,aeb8bad860db92863af8c5db289eb426dcf765061783264e1a527cd39dac9553,"{""Call Resistance"": 24000.0, ""Put Support"": 23000.0, ""HVL"": 23490.0, ""1D Min"": 23378.39, ""1D Max"": 23836.61, ""Call Resistance 0DTE"": 23600.0, ""Put Support 0DTE"": 23460.0, ""HVL 0DTE"": 23530.0, ""Gamma Wall 0DTE"": 23600.0, ""GEX 1"": 23500.0, ""GEX 2"": 23800.0, ""GEX 3"": 23750.0, ""GEX 4"": 23400.0, ""GEX 5"": 23650.0, ""GEX 6"": 23300.0, ""GEX 7"": 23850.0, ""GEX 8"": 23200.0, ""GEX 9"": 23350.0, ""GEX 10"": 23950.0}",positive,2428220.643301086,0.5637065637065637,229.11000000000058,42008487,False,True,,s1_0830_1000,above,Call Resistance 0DTE|Gamma Wall 0DTE,23600.0,0.75,0.003273536729082092,HVL 0DTE,23530.0,69.25,0.3022565579852465,False,all_19,-0.030553009471432857,0.030553009471432857,True,False,evaluated,ny
7a9a439d-96b4-5040-8e7b-51c966cb49df,,,2025-08-27T14:55:00+00:00,23601.25,0.25,2025-08-27,2025-08-26,aeb8bad860db92863af8c5db289eb426dcf765061783264e1a527cd39dac9553,"{""Call Resistance"": 24000.0, ""Put Support"": 23000.0, ""HVL"": 23490.0, ""1D Min"": 23378.39, ""1D Max"": 23836.61, ""Call Resistance 0DTE"": 23600.0, ""Put Support 0DTE"": 23460.0, ""HVL 0DTE"": 23530.0, ""Gamma Wall 0DTE"": 23600.0, ""GEX 1"": 23500.0, ""GEX 2"": 23800.0, ""GEX 3"": 23750.0, ""GEX 4"": 23400.0, ""GEX 5"": 23650.0, ""GEX 6"": 23300.0, ""GEX 7"": 23850.0, ""GEX 8"": 23200.0, ""GEX 9"": 23350.0, ""GEX 10"": 23950.0}",positive,2428220.643301086,0.5637065637065637,229.11000000000058,42008487,False,True,,s1_0830_1000,above,GEX 5,23650.0,48.75,0.212779887390336,Call Resistance 0DTE|Gamma Wall 0DTE,23600.0,1.25,0.005455894548470153,False,all_19,-0.019641220374492552,0.019641220374492552,True,False,evaluated,ny
5ba737bb-d3d9-5429-b6aa-b8ab288b5ab7,,,2025-08-27T15:24:00+00:00,23605.0,0.25,2025-08-27,2025-08-26,aeb8bad860db92863af8c5db289eb426dcf765061783264e1a527cd39dac9553,"{""Call Resistance"": 24000.0, ""Put Support"": 23000.0, ""HVL"": 23490.0, ""1D Min"": 23378.39, ""1D Max"": 23836.61, ""Call Resistance 0DTE"": 23600.0, ""Put Support 0DTE"": 23460.0, ""HVL 0DTE"": 23530.0, ""Gamma Wall 0DTE"": 23600.0, ""GEX 1"": 23500.0, ""GEX 2"": 23800.0, ""GEX 3"": 23750.0, ""GEX 4"": 23400.0, ""GEX 5"": 23650.0, ""GEX 6"": 23300.0, ""GEX 7"": 23850.0, ""GEX 8"": 23200.0, ""GEX 9"": 23350.0, ""GEX 10"": 23950.0}",positive,2428220.643301086,0.5637065637065637,229.11000000000058,42008487,False,True,,s2_1000_1200,above,GEX 5,23650.0,45.0,0.19641220374492552,Call Resistance 0DTE|Gamma Wall 0DTE,23600.0,5.0,0.021823578193880613,False,all_19,0.003273536729082092,0.003273536729082092,True,False,evaluated,ny
ab466e3d-d90e-5d6d-b77a-ff99e923f03d,,,2025-08-27T15:49:00+00:00,23622.5,0.25,2025-08-27,2025-08-26,aeb8bad860db92863af8c5db289eb426dcf765061783264e1a527cd39dac9553,"{""Call Resistance"": 24000.0, ""Put Support"": 23000.0, ""HVL"": 23490.0, ""1D Min"": 23378.39, ""1D Max"": 23836.61, ""Call Resistance 0DTE"": 23600.0, ""Put Support 0DTE"": 23460.0, ""HVL 0DTE"": 23530.0, ""Gamma Wall 0DTE"": 23600.0, ""GEX 1"": 23500.0, ""GEX 2"": 23800.0, ""GEX 3"": 23750.0, ""GEX 4"": 23400.0, ""GEX 5"": 23650.0, ""GEX 6"": 23300.0, ""GEX 7"": 23850.0, ""GEX 8"": 23200.0, ""GEX 9"": 23350.0, ""GEX 10"": 23950.0}",positive,2428220.643301086,0.5637065637065637,229.11000000000058,42008487,False,True,,s2_1000_1200,above,GEX 5,23650.0,27.5,0.12002968006634337,Call Resistance 0DTE|Gamma Wall 0DTE,23600.0,22.5,0.09820610187246276,False,all_19,0.04037361965867913,0.04037361965867913,True,False,evaluated,ny
5ed9c13d-c0fa-5f12-8370-60548a650cce,,,2025-08-27T15:50:00+00:00,23622.75,0.25,2025-08-27,2025-08-26,aeb8bad860db92863af8c5db289eb426dcf765061783264e1a527cd39dac9553,"{""Call Resistance"": 24000.0, ""Put Support"": 23000.0, ""HVL"": 23490.0, ""1D Min"": 23378.39, ""1D Max"": 23836.61, ""Call Resistance 0DTE"": 23600.0, ""Put Support 0DTE"": 23460.0, ""HVL 0DTE"": 23530.0, ""Gamma Wall 0DTE"": 23600.0, ""GEX 1"": 23500.0, ""GEX 2"": 23800.0, ""GEX 3"": 23750.0, ""GEX 4"": 23400.0, ""GEX 5"": 23650.0, ""GEX 6"": 23300.0, ""GEX 7"": 23850.0, ""GEX 8"": 23200.0, ""GEX 9"": 23350.0, ""GEX 10"": 23950.0}",positive,2428220.643301086,0.5637065637065637,229.11000000000058,42008487,False,True,,s2_1000_1200,above,GEX 5,23650.0,27.25,0.11893850115664935,Call Resistance 0DTE|Gamma Wall 0DTE,23600.0,22.75,0.09929728078215679,False,all_19,0.070926629130112,0.070926629130112,True,False,evaluated,ny
ebe6e8e3-822a-537b-8a43-598ab327dece,,,2025-08-27T15:58:00+00:00,23627.75,0.25,2025-08-27,2025-08-26,aeb8bad860db92863af8c5db289eb426dcf765061783264e1a527cd39dac9553,"{""Call Resistance"": 24000.0, ""Put Support"": 23000.0, ""HVL"": 23490.0, ""1D Min"": 23378.39, ""1D Max"": 23836.61, ""Call Resistance 0DTE"": 23600.0, ""Put Support 0DTE"": 23460.0, ""HVL 0DTE"": 23530.0, ""Gamma Wall 0DTE"": 23600.0, ""GEX 1"": 23500.0, ""GEX 2"": 23800.0, ""GEX 3"": 23750.0, ""GEX 4"": 23400.0, ""GEX 5"": 23650.0, ""GEX 6"": 23300.0, ""GEX 7"": 23850.0, ""GEX 8"": 23200.0, ""GEX 9"": 23350.0, ""GEX 10"": 23950.0}",positive,2428220.643301086,0.5637065637065637,229.11000000000058,42008487,False,True,,s2_1000_1200,above,GEX 5,23650.0,22.25,0.09711492296276873,Call Resistance 0DTE|Gamma Wall 0DTE,23600.0,27.75,0.1211208589760374,False,all_19,0.10038845969185083,0.10038845969185083,True,False,evaluated,ny
c3ca1095-702a-5384-a934-9cbeba98fbaa,,,2025-08-27T17:30:00+00:00,23602.0,0.25,2025-08-27,2025-08-26,aeb8bad860db92863af8c5db289eb426dcf765061783264e1a527cd39dac9553,"{""Call Resistance"": 24000.0, ""Put Support"": 23000.0, ""HVL"": 23490.0, ""1D Min"": 23378.39, ""1D Max"": 23836.61, ""Call Resistance 0DTE"": 23600.0, ""Put Support 0DTE"": 23460.0, ""HVL 0DTE"": 23530.0, ""Gamma Wall 0DTE"": 23600.0, ""GEX 1"": 23500.0, ""GEX 2"": 23800.0, ""GEX 3"": 23750.0, ""GEX 4"": 23400.0, ""GEX 5"": 23650.0, ""GEX 6"": 23300.0, ""GEX 7"": 23850.0, ""GEX 8"": 23200.0, ""GEX 9"": 23350.0, ""GEX 10"": 23950.0}",positive,2428220.643301086,0.5637065637065637,229.11000000000058,42008487,False,True,,s3_1200_1330,above,GEX 5,23650.0,48.0,0.2095063506612539,Call Resistance 0DTE|Gamma Wall 0DTE,23600.0,2.0,0.008729431277552246,False,all_19,-0.014185325826022398,0.014185325826022398,True,False,evaluated,ny
26658786-c1d1-56f9-9222-80c3da127e52,,,2025-08-27T17:41:00+00:00,23614.75,0.25,2025-08-27,2025-08-26,aeb8bad860db92863af8c5db289eb426dcf765061783264e1a527cd39dac9553,"{""Call Resistance"": 24000.0, ""Put Support"": 23000.0, ""HVL"": 23490.0, ""1D Min"": 23378.39, ""1D Max"": 23836.61, ""Call Resistance 0DTE"": 23600.0, ""Put Support 0DTE"": 23460.0, ""HVL 0DTE"": 23530.0, ""Gamma Wall 0DTE"": 23600.0, ""GEX 1"": 23500.0, ""GEX 2"": 23800.0, ""GEX 3"": 23750.0, ""GEX 4"": 23400.0, ""GEX 5"": 23650.0, ""GEX 6"": 23300.0, ""GEX 7"": 23850.0, ""GEX 8"": 23200.0, ""GEX 9"": 23350.0, ""GEX 10"": 23950.0}",positive,2428220.643301086,0.5637065637065637,229.11000000000058,42008487,False,True,,s3_1200_1330,above,GEX 5,23650.0,35.25,0.15385622626685833,Call Resistance 0DTE|Gamma Wall 0DTE,23600.0,14.75,0.06437955567194781,False,all_19,0.03273536729082092,0.03273536729082092,True,False,evaluated,ny
b0840457-a868-55f9-9f89-713ba1514aad,,,2025-08-27T17:53:00+00:00,23619.75,0.25,2025-08-27,2025-08-26,aeb8bad860db92863af8c5db289eb426dcf765061783264e1a527cd39dac9553,"{""Call Resistance"": 24000.0, ""Put Support"": 23000.0, ""HVL"": 23490.0, ""1D Min"": 23378.39, ""1D Max"": 23836.61, ""Call Resistance 0DTE"": 23600.0, ""Put Support 0DTE"": 23460.0, ""HVL 0DTE"": 23530.0, ""Gamma Wall 0DTE"": 23600.0, ""GEX 1"": 23500.0, ""GEX 2"": 23800.0, ""GEX 3"": 23750.0, ""GEX 4"": 23400.0, ""GEX 5"": 23650.0, ""GEX 6"": 23300.0, ""GEX 7"": 23850.0, ""GEX 8"": 23200.0, ""GEX 9"": 23350.0, ""GEX 10"": 23950.0}",positive,2428220.643301086,0.5637065637065637,229.11000000000058,42008487,False,True,,s3_1200_1330,above,GEX 5,23650.0,30.25,0.1320326480729777,Call Resistance 0DTE|Gamma Wall 0DTE,23600.0,19.75,0.08620313386582842,False,all_19,0.06001484003317169,0.06001484003317169,True,False,evaluated,ny
cb702a33-f44a-5001-b87c-752a50b7e208,,,2025-08-27T17:59:00+00:00,23624.25,0.25,2025-08-27,2025-08-26,aeb8bad860db92863af8c5db289eb426dcf765061783264e1a527cd39dac9553,"{""Call Resistance"": 24000.0, ""Put Support"": 23000.0, ""HVL"": 23490.0, ""1D Min"": 23378.39, ""1D Max"": 23836.61, ""Call Resistance 0DTE"": 23600.0, ""Put Support 0DTE"": 23460.0, ""HVL 0DTE"": 23530.0, ""Gamma Wall 0DTE"": 23600.0, ""GEX 1"": 23500.0, ""GEX 2"": 23800.0, ""GEX 3"": 23750.0, ""GEX 4"": 23400.0, ""GEX 5"": 23650.0, ""GEX 6"": 23300.0, ""GEX 7"": 23850.0, ""GEX 8"": 23200.0, ""GEX 9"": 23350.0, ""GEX 10"": 23950.0}",positive,2428220.643301086,0.5637065637065637,229.11000000000058,42008487,False,True,,s3_1200_1330,above,GEX 5,23650.0,25.75,0.11239142769848516,Call Resistance 0DTE|Gamma Wall 0DTE,23600.0,24.25,0.10584435424032097,False,all_19,0.06874427131072393,0.06874427131072393,True,False,evaluated,ny
299dfd78-fe2b-5090-a40a-d886fd476f07,,,2025-08-27T18:09:00+00:00,23625.0,0.25,2025-08-27,2025-08-26,aeb8bad860db92863af8c5db289eb426dcf765061783264e1a527cd39dac9553,"{""Call Resistance"": 24000.0, ""Put Support"": 23000.0, ""HVL"": 23490.0, ""1D Min"": 23378.39, ""1D Max"": 23836.61, ""Call Resistance 0DTE"": 23600.0, ""Put Support 0DTE"": 23460.0, ""HVL 0DTE"": 23530.0, ""Gamma Wall 0DTE"": 23600.0, ""GEX 1"": 23500.0, ""GEX 2"": 23800.0, ""GEX 3"": 23750.0, ""GEX 4"": 23400.0, ""GEX 5"": 23650.0, ""GEX 6"": 23300.0, ""GEX 7"": 23850.0, ""GEX 8"": 23200.0, ""GEX 9"": 23350.0, ""GEX 10"": 23950.0}",positive,2428220.643301086,0.5637065637065637,229.11000000000058,42008487,False,True,,s3_1200_1330,above,GEX 5,23650.0,25.0,0.10911789096940307,Call Resistance 0DTE|Gamma Wall 0DTE,23600.0,25.0,0.10911789096940307,False,all_19,0.0818384182270523,0.0818384182270523,True,False,evaluated,none
abdc1a3c-fb14-5efd-bdf7-d73acd8709bb,,,2025-08-27T18:14:00+00:00,23641.25,0.25,2025-08-27,2025-08-26,aeb8bad860db92863af8c5db289eb426dcf765061783264e1a527cd39dac9553,"{""Call Resistance"": 24000.0, ""Put Support"": 23000.0, ""HVL"": 23490.0, ""1D Min"": 23378.39, ""1D Max"": 23836.61, ""Call Resistance 0DTE"": 23600.0, ""Put Support 0DTE"": 23460.0, ""HVL 0DTE"": 23530.0, ""Gamma Wall 0DTE"": 23600.0, ""GEX 1"": 23500.0, ""GEX 2"": 23800.0, ""GEX 3"": 23750.0, ""GEX 4"": 23400.0, ""GEX 5"": 23650.0, ""GEX 6"": 23300.0, ""GEX 7"": 23850.0, ""GEX 8"": 23200.0, ""GEX 9"": 23350.0, ""GEX 10"": 23950.0}",positive,2428220.643301086,0.5637065637065637,229.11000000000058,42008487,False,True,,s3_1200_1330,above,GEX 5,23650.0,8.75,0.03819126183929107,Call Resistance 0DTE|Gamma Wall 0DTE,23600.0,41.25,0.18004452009951505,False,all_19,0.11893850115664935,0.11893850115664935,True,False,evaluated,none
ca6f2464-86ac-5f86-b9bb-1d6f39663fa7,,,2025-08-27T18:15:00+00:00,23650.0,0.25,2025-08-27,2025-08-26,aeb8bad860db92863af8c5db289eb426dcf765061783264e1a527cd39dac9553,"{""Call Resistance"": 24000.0, ""Put Support"": 23000.0, ""HVL"": 23490.0, ""1D Min"": 23378.39, ""1D Max"": 23836.61, ""Call Resistance 0DTE"": 23600.0, ""Put Support 0DTE"": 23460.0, ""HVL 0DTE"": 23530.0, ""Gamma Wall 0DTE"": 23600.0, ""GEX 1"": 23500.0, ""GEX 2"": 23800.0, ""GEX 3"": 23750.0, ""GEX 4"": 23400.0, ""GEX 5"": 23650.0, ""GEX 6"": 23300.0, ""GEX 7"": 23850.0, ""GEX 8"": 23200.0, ""GEX 9"": 23350.0, ""GEX 10"": 23950.0}",positive,2428220.643301086,0.5637065637065637,229.11000000000058,42008487,False,True,,s3_1200_1330,above,GEX 3,23750.0,100.0,0.43647156387761227,Call Resistance 0DTE|Gamma Wall 0DTE,23600.0,50.0,0.21823578193880613,False,all_19,0.15385622626685833,0.15385622626685833,True,False,evaluated,none
58ab40af-cbef-5385-bbe6-08edf4183136,,,2025-08-27T18:16:00+00:00,23651.5,0.25,2025-08-27,2025-08-26,aeb8bad860db92863af8c5db289eb426dcf765061783264e1a527cd39dac9553,"{""Call Resistance"": 24000.0, ""Put Support"": 23000.0, ""HVL"": 23490.0, ""1D Min"": 23378.39, ""1D Max"": 23836.61, ""Call Resistance 0DTE"": 23600.0, ""Put Support 0DTE"": 23460.0, ""HVL 0DTE"": 23530.0, ""Gamma Wall 0DTE"": 23600.0, ""GEX 1"": 23500.0, ""GEX 2"": 23800.0, ""GEX 3"": 23750.0, ""GEX 4"": 23400.0, ""GEX 5"": 23650.0, ""GEX 6"": 23300.0, ""GEX 7"": 23850.0, ""GEX 8"": 23200.0, ""GEX 9"": 23350.0, ""GEX 10"": 23950.0}",positive,2428220.643301086,0.5637065637065637,229.11000000000058,42008487,False,True,,s3_1200_1330,above,GEX 3,23750.0,98.5,0.4299244904194481,GEX 5,23650.0,1.5,0.006547073458164184,False,all_19,0.19204748810614938,0.19204748810614938,True,False,evaluated,none
28f56c84-0b6d-5be0-af2a-82eea97a6263,,,2025-08-27T18:25:00+00:00,23653.0,0.25,2025-08-27,2025-08-26,aeb8bad860db92863af8c5db289eb426dcf765061783264e1a527cd39dac9553,"{""Call Resistance"": 24000.0, ""Put Support"": 23000.0, ""HVL"": 23490.0, ""1D Min"": 23378.39, ""1D Max"": 23836.61, ""Call Resistance 0DTE"": 23600.0, ""Put Support 0DTE"": 23460.0, ""HVL 0DTE"": 23530.0, ""Gamma Wall 0DTE"": 23600.0, ""GEX 1"": 23500.0, ""GEX 2"": 23800.0, ""GEX 3"": 23750.0, ""GEX 4"": 23400.0, ""GEX 5"": 23650.0, ""GEX 6"": 23300.0, ""GEX 7"": 23850.0, ""GEX 8"": 23200.0, ""GEX 9"": 23350.0, ""GEX 10"": 23950.0}",positive,2428220.643301086,0.5637065637065637,229.11000000000058,42008487,False,True,,s3_1200_1330,above,GEX 3,23750.0,97.0,0.4233774169612839,GEX 5,23650.0,3.0,0.013094146916328368,False,all_19,0.21823578193880613,0.21823578193880613,True,False,evaluated,none
33f8bf4e-87ff-5d8d-b051-52898e77dbcf,b42edbca-b030-525a-9b90-94672be8bef4,38fd5051-0d96-513d-9349-3261f3aa5171,2025-08-27T22:52:00+00:00,23531.0,0.25,2025-08-27,,aeb8bad860db92863af8c5db289eb426dcf765061783264e1a527cd39dac9553,"{""Call Resistance"": null, ""Put Support"": null, ""HVL"": null, ""1D Min"": null, ""1D Max"": null, ""Call Resistance 0DTE"": null, ""Put Support 0DTE"": null, ""HVL 0DTE"": null, ""Gamma Wall 0DTE"": null, ""GEX 1"": null, ""GEX 2"": null, ""GEX 3"": null, ""GEX 4"": null, ""GEX 5"": null, ""GEX 6"": null, ""GEX 7"": null, ""GEX 8"": null, ""GEX 9"": null, ""GEX 10"": null}",unknown,,,,42008487,False,False,after_1700,outside_cash,,,,,,,,,,,all_19,,,,,not_applicable_outside_hours,asia
c1fbba32-d513-5e7b-aee6-2f3fea9d226a,,,2025-08-27T22:53:00+00:00,23531.75,0.25,2025-08-27,,aeb8bad860db92863af8c5db289eb426dcf765061783264e1a527cd39dac9553,"{""Call Resistance"": null, ""Put Support"": null, ""HVL"": null, ""1D Min"": null, ""1D Max"": null, ""Call Resistance 0DTE"": null, ""Put Support 0DTE"": null, ""HVL 0DTE"": null, ""Gamma Wall 0DTE"": null, ""GEX 1"": null, ""GEX 2"": null, ""GEX 3"": null, ""GEX 4"": null, ""GEX 5"": null, ""GEX 6"": null, ""GEX 7"": null, ""GEX 8"": null, ""GEX 9"": null, ""GEX 10"": null}",unknown,,,,42008487,False,False,after_1700,outside_cash,,,,,,,,,,,all_19,,,,,not_applicable_outside_hours,asia
02ec2d3d-b170-595f-b085-5a9950c9a1b8,,,2025-08-27T22:55:00+00:00,23524.75,0.25,2025-08-27,,aeb8bad860db92863af8c5db289eb426dcf765061783264e1a527cd39dac9553,"{""Call Resistance"": null, ""Put Support"": null, ""HVL"": null, ""1D Min"": null, ""1D Max"": null, ""Call Resistance 0DTE"": null, ""Put Support 0DTE"": null, ""HVL 0DTE"": null, ""Gamma Wall 0DTE"": null, ""GEX 1"": null, ""GEX 2"": null, ""GEX 3"": null, ""GEX 4"": null, ""GEX 5"": null, ""GEX 6"": null, ""GEX 7"": null, ""GEX 8"": null, ""GEX 9"": null, ""GEX 10"": null}",unknown,,,,42008487,False,False,after_1700,outside_cash,,,,,,,,,,,all_19,,,,,not_applicable_outside_hours,asia
e93ad2b6-4f91-5413-ba78-3e88729930dc,37c35d1b-816c-5236-85e0-cbe3ac4ee5e9,53966096-7fb0-5af7-ab19-fc9ed78953fb,2025-08-28T01:28:00+00:00,23529.25,0.25,2025-08-27,,aeb8bad860db92863af8c5db289eb426dcf765061783264e1a527cd39dac9553,"{""Call Resistance"": null, ""Put Support"": null, ""HVL"": null, ""1D Min"": null, ""1D Max"": null, ""Call Resistance 0DTE"": null, ""Put Support 0DTE"": null, ""HVL 0DTE"": null, ""Gamma Wall 0DTE"": null, ""GEX 1"": null, ""GEX 2"": null, ""GEX 3"": null, ""GEX 4"": null, ""GEX 5"": null, ""GEX 6"": null, ""GEX 7"": null, ""GEX 8"": null, ""GEX 9"": null, ""GEX 10"": null}",unknown,,,,42008487,False,False,after_1700,outside_cash,,,,,,,,,,,all_19,,,,,not_applicable_outside_hours,asia
c9b305a4-684d-5229-a5ae-e3a17e4cde28,,,2025-08-28T01:28:00+00:00,23529.25,0.25,2025-08-27,,aeb8bad860db92863af8c5db289eb426dcf765061783264e1a527cd39dac9553,"{""Call Resistance"": null, ""Put Support"": null, ""HVL"": null, ""1D Min"": null, ""1D Max"": null, ""Call Resistance 0DTE"": null, ""Put Support 0DTE"": null, ""HVL 0DTE"": null, ""Gamma Wall 0DTE"": null, ""GEX 1"": null, ""GEX 2"": null, ""GEX 3"": null, ""GEX 4"": null, ""GEX 5"": null, ""GEX 6"": null, ""GEX 7"": null, ""GEX 8"": null, ""GEX 9"": null, ""GEX 10"": null}",unknown,,,,42008487,False,False,after_1700,outside_cash,,,,,,,,,,,all_19,,,,,not_applicable_outside_hours,asia
425e2345-c8c5-5d73-9662-270780e24505,,,2025-09-03T03:16:00+00:00,23326.5,0.25,2025-09-02,,aeb8bad860db92863af8c5db289eb426dcf765061783264e1a527cd39dac9553,"{""Call Resistance"": null, ""Put Support"": null, ""HVL"": null, ""1D Min"": null, ""1D Max"": null, ""Call Resistance 0DTE"": null, ""Put Support 0DTE"": null, ""HVL 0DTE"": null, ""Gamma Wall 0DTE"": null, ""GEX 1"": null, ""GEX 2"": null, ""GEX 3"": null, ""GEX 4"": null, ""GEX 5"": null, ""GEX 6"": null, ""GEX 7"": null, ""GEX 8"": null, ""GEX 9"": null, ""GEX 10"": null}",unknown,,,,42008487,False,False,after_1700,outside_cash,,,,,,,,,,,all_19,,,,,not_applicable_outside_hours,asia
3fe39b90-f907-5bfc-9c3d-39383ab33ba8,b8cbdf09-0590-5d10-a944-0b1f3649e0df,80b90883-53b7-521f-afbe-7035a97b15a7,2025-09-03T07:04:00+00:00,23357.5,0.25,2025-09-03,,aeb8bad860db92863af8c5db289eb426dcf765061783264e1a527cd39dac9553,"{""Call Resistance"": null, ""Put Support"": null, ""HVL"": null, ""1D Min"": null, ""1D Max"": null, ""Call Resistance 0DTE"": null, ""Put Support 0DTE"": null, ""HVL 0DTE"": null, ""Gamma Wall 0DTE"": null, ""GEX 1"": null, ""GEX 2"": null, ""GEX 3"": null, ""GEX 4"": null, ""GEX 5"": null, ""GEX 6"": null, ""GEX 7"": null, ""GEX 8"": null, ""GEX 9"": null, ""GEX 10"": null}",unknown,,,,42008487,False,False,before_0600,outside_cash,,,,,,,,,,,all_19,,,,,not_applicable_outside_hours,london
4740bf39-5f56-5d5c-a144-2a8ebb55e24c,,,2025-09-03T07:05:00+00:00,23361.0,0.25,2025-09-03,,aeb8bad860db92863af8c5db289eb426dcf765061783264e1a527cd39dac9553,"{""Call Resistance"": null, ""Put Support"": null, ""HVL"": null, ""1D Min"": null, ""1D Max"": null, ""Call Resistance 0DTE"": null, ""Put Support 0DTE"": null, ""HVL 0DTE"": null, ""Gamma Wall 0DTE"": null, ""GEX 1"": null, ""GEX 2"": null, ""GEX 3"": null, ""GEX 4"": null, ""GEX 5"": null, ""GEX 6"": null, ""GEX 7"": null, ""GEX 8"": null, ""GEX 9"": null, ""GEX 10"": null}",unknown,,,,42008487,False,False,before_0600,outside_cash,,,,,,,,,,,all_19,,,,,not_applicable_outside_hours,london
3e41ae92-1ea9-5b64-8e5f-5a7aab407f00,,,2025-09-03T07:08:00+00:00,23350.25,0.25,2025-09-03,,aeb8bad860db92863af8c5db289eb426dcf765061783264e1a527cd39dac9553,"{""Call Resistance"": null, ""Put Support"": null, ""HVL"": null, ""1D Min"": null, ""1D Max"": null, ""Call Resistance 0DTE"": null, ""Put Support 0DTE"": null, ""HVL 0DTE"": null, ""Gamma Wall 0DTE"": null, ""GEX 1"": null, ""GEX 2"": null, ""GEX 3"": null, ""GEX 4"": null, ""GEX 5"": null, ""GEX 6"": null, ""GEX 7"": null, ""GEX 8"": null, ""GEX 9"": null, ""GEX 10"": null}",unknown,,,,42008487,False,False,before_0600,outside_cash,,,,,,,,,,,all_19,,,,,not_applicable_outside_hours,london
158433b5-8312-5284-9192-3ec571f3ec41,2060d567-1b28-5fa8-a9e8-cd4fa251ec6a,9c1c60e3-569a-5f83-85c5-a5349d5c59b4,2026-04-02T23:58:00+00:00,24211.75,0.25,2026-04-02,,aeb8bad860db92863af8c5db289eb426dcf765061783264e1a527cd39dac9553,"{""Call Resistance"": null, ""Put Support"": null, ""HVL"": null, ""1D Min"": null, ""1D Max"": null, ""Call Resistance 0DTE"": null, ""Put Support 0DTE"": null, ""HVL 0DTE"": null, ""Gamma Wall 0DTE"": null, ""GEX 1"": null, ""GEX 2"": null, ""GEX 3"": null, ""GEX 4"": null, ""GEX 5"": null, ""GEX 6"": null, ""GEX 7"": null, ""GEX 8"": null, ""GEX 9"": null, ""GEX 10"": null}",unknown,,,,42004058,False,False,after_1700,outside_cash,,,,,,,,,,,all_19,,,,,not_applicable_outside_hours,asia
c0fe8348-8887-5207-a553-882c577079a7,95fd2af1-01e5-566c-ae10-150dde960da7,357d2c5e-b6b5-58dd-bb6f-99e8e01d74e5,2026-04-05T22:51:00+00:00,24073.0,0.25,2026-04-05,,aeb8bad860db92863af8c5db289eb426dcf765061783264e1a527cd39dac9553,"{""Call Resistance"": null, ""Put Support"": null, ""HVL"": null, ""1D Min"": null, ""1D Max"": null, ""Call Resistance 0DTE"": null, ""Put Support 0DTE"": null, ""HVL 0DTE"": null, ""Gamma Wall 0DTE"": null, ""GEX 1"": null, ""GEX 2"": null, ""GEX 3"": null, ""GEX 4"": null, ""GEX 5"": null, ""GEX 6"": null, ""GEX 7"": null, ""GEX 8"": null, ""GEX 9"": null, ""GEX 10"": null}",unknown,,,,42004058,False,False,after_1700,outside_cash,,,,,,,,,,,all_19,,,,,not_applicable_outside_hours,asia
bf8688b2-eff0-5b3f-9371-995353e1ca51,,,2026-04-05T22:52:00+00:00,24074.75,0.25,2026-04-05,,aeb8bad860db92863af8c5db289eb426dcf765061783264e1a527cd39dac9553,"{""Call Resistance"": null, ""Put Support"": null, ""HVL"": null, ""1D Min"": null, ""1D Max"": null, ""Call Resistance 0DTE"": null, ""Put Support 0DTE"": null, ""HVL 0DTE"": null, ""Gamma Wall 0DTE"": null, ""GEX 1"": null, ""GEX 2"": null, ""GEX 3"": null, ""GEX 4"": null, ""GEX 5"": null, ""GEX 6"": null, ""GEX 7"": null, ""GEX 8"": null, ""GEX 9"": null, ""GEX 10"": null}",unknown,,,,42004058,False,False,after_1700,outside_cash,,,,,,,,,,,all_19,,,,,not_applicable_outside_hours,asia
274f7f2c-f9d5-5430-be62-bab44ba925c7,,,2026-04-05T23:03:00+00:00,24066.25,0.25,2026-04-05,,aeb8bad860db92863af8c5db289eb426dcf765061783264e1a527cd39dac9553,"{""Call Resistance"": null, ""Put Support"": null, ""HVL"": null, ""1D Min"": null, ""1D Max"": null, ""Call Resistance 0DTE"": null, ""Put Support 0DTE"": null, ""HVL 0DTE"": null, ""Gamma Wall 0DTE"": null, ""GEX 1"": null, ""GEX 2"": null, ""GEX 3"": null, ""GEX 4"": null, ""GEX 5"": null, ""GEX 6"": null, ""GEX 7"": null, ""GEX 8"": null, ""GEX 9"": null, ""GEX 10"": null}",unknown,,,,42004058,False,False,after_1700,outside_cash,,,,,,,,,,,all_19,,,,,not_applicable_outside_hours,asia
874955cb-0699-5de9-9576-fc89289c1fb5,,,2026-04-05T23:56:00+00:00,24080.0,0.25,2026-04-05,,aeb8bad860db92863af8c5db289eb426dcf765061783264e1a527cd39dac9553,"{""Call Resistance"": null, ""Put Support"": null, ""HVL"": null, ""1D Min"": null, ""1D Max"": null, ""Call Resistance 0DTE"": null, ""Put Support 0DTE"": null, ""HVL 0DTE"": null, ""Gamma Wall 0DTE"": null, ""GEX 1"": null, ""GEX 2"": null, ""GEX 3"": null, ""GEX 4"": null, ""GEX 5"": null, ""GEX 6"": null, ""GEX 7"": null, ""GEX 8"": null, ""GEX 9"": null, ""GEX 10"": null}",unknown,,,,42004058,False,False,after_1700,outside_cash,,,,,,,,,,,all_19,,,,,not_applicable_outside_hours,asia
38993f97-2229-51dc-871c-cd963636a12a,,,2026-04-05T23:58:00+00:00,24087.0,0.25,2026-04-05,,aeb8bad860db92863af8c5db289eb426dcf765061783264e1a527cd39dac9553,"{""Call Resistance"": null, ""Put Support"": null, ""HVL"": null, ""1D Min"": null, ""1D Max"": null, ""Call Resistance 0DTE"": null, ""Put Support 0DTE"": null, ""HVL 0DTE"": null, ""Gamma Wall 0DTE"": null, ""GEX 1"": null, ""GEX 2"": null, ""GEX 3"": null, ""GEX 4"": null, ""GEX 5"": null, ""GEX 6"": null, ""GEX 7"": null, ""GEX 8"": null, ""GEX 9"": null, ""GEX 10"": null}",unknown,,,,42004058,False,False,after_1700,outside_cash,,,,,,,,,,,all_19,,,,,not_applicable_outside_hours,asia
48cc3ddb-07ca-53e8-b6a1-2c7cfe3b4a57,41027735-3ce6-5418-abe5-8d8143e30e96,0549eb26-6f75-5d1e-9ce8-41158f03281c,2026-04-06T03:48:00+00:00,24205.75,0.25,2026-04-05,,aeb8bad860db92863af8c5db289eb426dcf765061783264e1a527cd39dac9553,"{""Call Resistance"": null, ""Put Support"": null, ""HVL"": null, ""1D Min"": null, ""1D Max"": null, ""Call Resistance 0DTE"": null, ""Put Support 0DTE"": null, ""HVL 0DTE"": null, ""Gamma Wall 0DTE"": null, ""GEX 1"": null, ""GEX 2"": null, ""GEX 3"": null, ""GEX 4"": null, ""GEX 5"": null, ""GEX 6"": null, ""GEX 7"": null, ""GEX 8"": null, ""GEX 9"": null, ""GEX 10"": null}",unknown,,,,42004058,False,False,after_1700,outside_cash,,,,,,,,,,,all_19,,,,,not_applicable_outside_hours,asia
205d1e3b-6d5a-5f14-b442-5bfa7af900dd,,,2026-04-06T04:02:00+00:00,24227.0,0.25,2026-04-05,,aeb8bad860db92863af8c5db289eb426dcf765061783264e1a527cd39dac9553,"{""Call Resistance"": null, ""Put Support"": null, ""HVL"": null, ""1D Min"": null, ""1D Max"": null, ""Call Resistance 0DTE"": null, ""Put Support 0DTE"": null, ""HVL 0DTE"": null, ""Gamma Wall 0DTE"": null, ""GEX 1"": null, ""GEX 2"": null, ""GEX 3"": null, ""GEX 4"": null, ""GEX 5"": null, ""GEX 6"": null, ""GEX 7"": null, ""GEX 8"": null, ""GEX 9"": null, ""GEX 10"": null}",unknown,,,,42004058,False,False,after_1700,outside_cash,,,,,,,,,,,all_19,,,,,not_applicable_outside_hours,asia
18ea0b40-cd74-5c46-8073-bb3f8d3bf95c,,,2026-04-06T04:03:00+00:00,24224.75,0.25,2026-04-05,,aeb8bad860db92863af8c5db289eb426dcf765061783264e1a527cd39dac9553,"{""Call Resistance"": null, ""Put Support"": null, ""HVL"": null, ""1D Min"": null, ""1D Max"": null, ""Call Resistance 0DTE"": null, ""Put Support 0DTE"": null, ""HVL 0DTE"": null, ""Gamma Wall 0DTE"": null, ""GEX 1"": null, ""GEX 2"": null, ""GEX 3"": null, ""GEX 4"": null, ""GEX 5"": null, ""GEX 6"": null, ""GEX 7"": null, ""GEX 8"": null, ""GEX 9"": null, ""GEX 10"": null}",unknown,,,,42004058,False,False,after_1700,outside_cash,,,,,,,,,,,all_19,,,,,not_applicable_outside_hours,asia
72b6480a-86b4-5f4a-8ae0-f8c64dc424cf,,,2026-04-06T10:18:00+00:00,24350.75,0.25,2026-04-06,,aeb8bad860db92863af8c5db289eb426dcf765061783264e1a527cd39dac9553,"{""Call Resistance"": null, ""Put Support"": null, ""HVL"": null, ""1D Min"": null, ""1D Max"": null, ""Call Resistance 0DTE"": null, ""Put Support 0DTE"": null, ""HVL 0DTE"": null, ""Gamma Wall 0DTE"": null, ""GEX 1"": null, ""GEX 2"": null, ""GEX 3"": null, ""GEX 4"": null, ""GEX 5"": null, ""GEX 6"": null, ""GEX 7"": null, ""GEX 8"": null, ""GEX 9"": null, ""GEX 10"": null}",unknown,,,,42004058,False,False,before_0600,outside_cash,,,,,,,,,,,all_19,,,,,not_applicable_outside_hours,london
633ad61c-6b13-560b-b3ce-f5d3b7d3aff7,701ce861-fed2-562a-a7ba-05bf954c670d,6cb8e9a0-e78b-5b7f-9ca0-39481bbe251d,2026-04-07T02:46:00+00:00,24207.75,0.25,2026-04-06,,aeb8bad860db92863af8c5db289eb426dcf765061783264e1a527cd39dac9553,"{""Call Resistance"": null, ""Put Support"": null, ""HVL"": null, ""1D Min"": null, ""1D Max"": null, ""Call Resistance 0DTE"": null, ""Put Support 0DTE"": null, ""HVL 0DTE"": null, ""Gamma Wall 0DTE"": null, ""GEX 1"": null, ""GEX 2"": null, ""GEX 3"": null, ""GEX 4"": null, ""GEX 5"": null, ""GEX 6"": null, ""GEX 7"": null, ""GEX 8"": null, ""GEX 9"": null, ""GEX 10"": null}",unknown,,,,42004058,False,False,after_1700,outside_cash,,,,,,,,,,,all_19,,,,,not_applicable_outside_hours,asia
cc8c5ea9-d805-5027-b507-e9cd7570142e,,,2026-04-07T02:46:00+00:00,24207.75,0.25,2026-04-06,,aeb8bad860db92863af8c5db289eb426dcf765061783264e1a527cd39dac9553,"{""Call Resistance"": null, ""Put Support"": null, ""HVL"": null, ""1D Min"": null, ""1D Max"": null, ""Call Resistance 0DTE"": null, ""Put Support 0DTE"": null, ""HVL 0DTE"": null, ""Gamma Wall 0DTE"": null, ""GEX 1"": null, ""GEX 2"": null, ""GEX 3"": null, ""GEX 4"": null, ""GEX 5"": null, ""GEX 6"": null, ""GEX 7"": null, ""GEX 8"": null, ""GEX 9"": null, ""GEX 10"": null}",unknown,,,,42004058,False,False,after_1700,outside_cash,,,,,,,,,,,all_19,,,,,not_applicable_outside_hours,asia
749bfed8-95a2-559c-abef-ca2bca73eab3,,,2026-04-07T02:49:00+00:00,24219.0,0.25,2026-04-06,,aeb8bad860db92863af8c5db289eb426dcf765061783264e1a527cd39dac9553,"{""Call Resistance"": null, ""Put Support"": null, ""HVL"": null, ""1D Min"": null, ""1D Max"": null, ""Call Resistance 0DTE"": null, ""Put Support 0DTE"": null, ""HVL 0DTE"": null, ""Gamma Wall 0DTE"": null, ""GEX 1"": null, ""GEX 2"": null, ""GEX 3"": null, ""GEX 4"": null, ""GEX 5"": null, ""GEX 6"": null, ""GEX 7"": null, ""GEX 8"": null, ""GEX 9"": null, ""GEX 10"": null}",unknown,,,,42004058,False,False,after_1700,outside_cash,,,,,,,,,,,all_19,,,,,not_applicable_outside_hours,asia
64d65650-3b7c-559a-9f18-f3027881712f,,,2026-04-07T02:59:00+00:00,24210.25,0.25,2026-04-06,,aeb8bad860db92863af8c5db289eb426dcf765061783264e1a527cd39dac9553,"{""Call Resistance"": null, ""Put Support"": null, ""HVL"": null, ""1D Min"": null, ""1D Max"": null, ""Call Resistance 0DTE"": null, ""Put Support 0DTE"": null, ""HVL 0DTE"": null, ""Gamma Wall 0DTE"": null, ""GEX 1"": null, ""GEX 2"": null, ""GEX 3"": null, ""GEX 4"": null, ""GEX 5"": null, ""GEX 6"": null, ""GEX 7"": null, ""GEX 8"": null, ""GEX 9"": null, ""GEX 10"": null}",unknown,,,,42004058,False,False,after_1700,outside_cash,,,,,,,,,,,all_19,,,,,not_applicable_outside_hours,asia
ffd39f76-6b51-5efc-8f83-4f035f0a3e67,,,2026-04-07T03:24:00+00:00,24215.75,0.25,2026-04-06,,aeb8bad860db92863af8c5db289eb426dcf765061783264e1a527cd39dac9553,"{""Call Resistance"": null, ""Put Support"": null, ""HVL"": null, ""1D Min"": null, ""1D Max"": null, ""Call Resistance 0DTE"": null, ""Put Support 0DTE"": null, ""HVL 0DTE"": null, ""Gamma Wall 0DTE"": null, ""GEX 1"": null, ""GEX 2"": null, ""GEX 3"": null, ""GEX 4"": null, ""GEX 5"": null, ""GEX 6"": null, ""GEX 7"": null, ""GEX 8"": null, ""GEX 9"": null, ""GEX 10"": null}",unknown,,,,42004058,False,False,after_1700,outside_cash,,,,,,,,,,,all_19,,,,,not_applicable_outside_hours,asia
73ff4fee-0c9a-5ac2-b686-d23bb8df0e3e,,,2026-04-08T20:41:00+00:00,25040.5,0.25,2026-04-08,2026-04-07,aeb8bad860db92863af8c5db289eb426dcf765061783264e1a527cd39dac9553,"{""Call Resistance"": 24750.0, ""Put Support"": 23500.0, ""HVL"": 24175.0, ""1D Min"": 24030.01, ""1D Max"": 24768.49, ""Call Resistance 0DTE"": 24500.0, ""Put Support 0DTE"": 23500.0, ""HVL 0DTE"": 24175.0, ""Gamma Wall 0DTE"": 24500.0, ""GEX 1"": 24600.0, ""GEX 2"": 24250.0, ""GEX 3"": 24400.0, ""GEX 4"": 24050.0, ""GEX 5"": 24300.0, ""GEX 6"": 24800.0, ""GEX 7"": 24900.0, ""GEX 8"": 25000.0, ""GEX 9"": 24000.0, ""GEX 10"": 25100.0}",positive,1771445.7353983917,0.5846153846153846,369.2400000000016,42004058,False,True,,outside_cash,above,GEX 10,25100.0,59.5,0.16114180478821294,GEX 8,25000.0,40.5,0.1096847578810525,False,all_19,1.759695590943552,1.759695590943552,True,False,evaluated,asia
9348ac96-c0b4-57f4-a408-61198941bd34,e4e70c0f-7b81-5dee-b86b-0ff703496663,3de41e0b-4e5e-5ba5-b125-c500ed63b27f,2026-04-08T22:02:00+00:00,25050.5,0.25,2026-04-08,,aeb8bad860db92863af8c5db289eb426dcf765061783264e1a527cd39dac9553,"{""Call Resistance"": null, ""Put Support"": null, ""HVL"": null, ""1D Min"": null, ""1D Max"": null, ""Call Resistance 0DTE"": null, ""Put Support 0DTE"": null, ""HVL 0DTE"": null, ""Gamma Wall 0DTE"": null, ""GEX 1"": null, ""GEX 2"": null, ""GEX 3"": null, ""GEX 4"": null, ""GEX 5"": null, ""GEX 6"": null, ""GEX 7"": null, ""GEX 8"": null, ""GEX 9"": null, ""GEX 10"": null}",unknown,,,,42004058,False,False,after_1700,outside_cash,,,,,,,,,,,all_19,,,,,not_applicable_outside_hours,asia
16532b58-a5c4-5445-811e-717d882aa86b,,,2026-04-09T06:29:00+00:00,25034.25,0.25,2026-04-09,,aeb8bad860db92863af8c5db289eb426dcf765061783264e1a527cd39dac9553,"{""Call Resistance"": null, ""Put Support"": null, ""HVL"": null, ""1D Min"": null, ""1D Max"": null, ""Call Resistance 0DTE"": null, ""Put Support 0DTE"": null, ""HVL 0DTE"": null, ""Gamma Wall 0DTE"": null, ""GEX 1"": null, ""GEX 2"": null, ""GEX 3"": null, ""GEX 4"": null, ""GEX 5"": null, ""GEX 6"": null, ""GEX 7"": null, ""GEX 8"": null, ""GEX 9"": null, ""GEX 10"": null}",unknown,,,,42004058,False,False,before_0600,outside_cash,,,,,,,,,,,all_19,,,,,not_applicable_outside_hours,london
60c6c77c-5442-5cc2-8028-34470a7a481a,59f1c167-b35d-55aa-a77b-6da0c53549e4,9a221a19-ce8a-5496-8ad0-881868dfa590,2026-04-09T10:22:00+00:00,25020.25,0.25,2026-04-09,,aeb8bad860db92863af8c5db289eb426dcf765061783264e1a527cd39dac9553,"{""Call Resistance"": null, ""Put Support"": null, ""HVL"": null, ""1D Min"": null, ""1D Max"": null, ""Call Resistance 0DTE"": null, ""Put Support 0DTE"": null, ""HVL 0DTE"": null, ""Gamma Wall 0DTE"": null, ""GEX 1"": null, ""GEX 2"": null, ""GEX 3"": null, ""GEX 4"": null, ""GEX 5"": null, ""GEX 6"": null, ""GEX 7"": null, ""GEX 8"": null, ""GEX 9"": null, ""GEX 10"": null}",unknown,,,,42004058,False,False,before_0600,outside_cash,,,,,,,,,,,all_19,,,,,not_applicable_outside_hours,london
87ffd093-ebed-519d-b52c-3637ed84cf95,,,2026-04-09T10:22:00+00:00,25020.25,0.25,2026-04-09,,aeb8bad860db92863af8c5db289eb426dcf765061783264e1a527cd39dac9553,"{""Call Resistance"": null, ""Put Support"": null, ""HVL"": null, ""1D Min"": null, ""1D Max"": null, ""Call Resistance 0DTE"": null, ""Put Support 0DTE"": null, ""HVL 0DTE"": null, ""Gamma Wall 0DTE"": null, ""GEX 1"": null, ""GEX 2"": null, ""GEX 3"": null, ""GEX 4"": null, ""GEX 5"": null, ""GEX 6"": null, ""GEX 7"": null, ""GEX 8"": null, ""GEX 9"": null, ""GEX 10"": null}",unknown,,,,42004058,False,False,before_0600,outside_cash,,,,,,,,,,,all_19,,,,,not_applicable_outside_hours,london
24fc44a0-f3f6-575a-bc1c-86cff2801869,,,2026-04-09T10:23:00+00:00,25019.5,0.25,2026-04-09,,aeb8bad860db92863af8c5db289eb426dcf765061783264e1a527cd39dac9553,"{""Call Resistance"": null, ""Put Support"": null, ""HVL"": null, ""1D Min"": null, ""1D Max"": null, ""Call Resistance 0DTE"": null, ""Put Support 0DTE"": null, ""HVL 0DTE"": null, ""Gamma Wall 0DTE"": null, ""GEX 1"": null, ""GEX 2"": null, ""GEX 3"": null, ""GEX 4"": null, ""GEX 5"": null, ""GEX 6"": null, ""GEX 7"": null, ""GEX 8"": null, ""GEX 9"": null, ""GEX 10"": null}",unknown,,,,42004058,False,False,before_0600,outside_cash,,,,,,,,,,,all_19,,,,,not_applicable_outside_hours,london
6213d85b-1dc0-556d-bb32-ee7f728903a9,,,2026-04-09T10:44:00+00:00,25017.0,0.25,2026-04-09,,aeb8bad860db92863af8c5db289eb426dcf765061783264e1a527cd39dac9553,"{""Call Resistance"": null, ""Put Support"": null, ""HVL"": null, ""1D Min"": null, ""1D Max"": null, ""Call Resistance 0DTE"": null, ""Put Support 0DTE"": null, ""HVL 0DTE"": null, ""Gamma Wall 0DTE"": null, ""GEX 1"": null, ""GEX 2"": null, ""GEX 3"": null, ""GEX 4"": null, ""GEX 5"": null, ""GEX 6"": null, ""GEX 7"": null, ""GEX 8"": null, ""GEX 9"": null, ""GEX 10"": null}",unknown,,,,42004058,False,False,before_0600,outside_cash,,,,,,,,,,,all_19,,,,,not_applicable_outside_hours,london
2c4523c4-5166-5533-9b16-4597bee39652,,,2026-04-09T10:45:00+00:00,25018.5,0.25,2026-04-09,,aeb8bad860db92863af8c5db289eb426dcf765061783264e1a527cd39dac9553,"{""Call Resistance"": null, ""Put Support"": null, ""HVL"": null, ""1D Min"": null, ""1D Max"": null, ""Call Resistance 0DTE"": null, ""Put Support 0DTE"": null, ""HVL 0DTE"": null, ""Gamma Wall 0DTE"": null, ""GEX 1"": null, ""GEX 2"": null, ""GEX 3"": null, ""GEX 4"": null, ""GEX 5"": null, ""GEX 6"": null, ""GEX 7"": null, ""GEX 8"": null, ""GEX 9"": null, ""GEX 10"": null}",unknown,,,,42004058,False,False,before_0600,outside_cash,,,,,,,,,,,all_19,,,,,not_applicable_outside_hours,london
b03ec201-f8fe-5860-b0a3-39a7141cbc7f,,,2026-04-09T10:49:00+00:00,25019.75,0.25,2026-04-09,,aeb8bad860db92863af8c5db289eb426dcf765061783264e1a527cd39dac9553,"{""Call Resistance"": null, ""Put Support"": null, ""HVL"": null, ""1D Min"": null, ""1D Max"": null, ""Call Resistance 0DTE"": null, ""Put Support 0DTE"": null, ""HVL 0DTE"": null, ""Gamma Wall 0DTE"": null, ""GEX 1"": null, ""GEX 2"": null, ""GEX 3"": null, ""GEX 4"": null, ""GEX 5"": null, ""GEX 6"": null, ""GEX 7"": null, ""GEX 8"": null, ""GEX 9"": null, ""GEX 10"": null}",unknown,,,,42004058,False,False,before_0600,outside_cash,,,,,,,,,,,all_19,,,,,not_applicable_outside_hours,london
68f0c2f3-e770-5642-bb4e-f601354f92f6,,,2026-04-09T10:50:00+00:00,25023.5,0.25,2026-04-09,,aeb8bad860db92863af8c5db289eb426dcf765061783264e1a527cd39dac9553,"{""Call Resistance"": null, ""Put Support"": null, ""HVL"": null, ""1D Min"": null, ""1D Max"": null, ""Call Resistance 0DTE"": null, ""Put Support 0DTE"": null, ""HVL 0DTE"": null, ""Gamma Wall 0DTE"": null, ""GEX 1"": null, ""GEX 2"": null, ""GEX 3"": null, ""GEX 4"": null, ""GEX 5"": null, ""GEX 6"": null, ""GEX 7"": null, ""GEX 8"": null, ""GEX 9"": null, ""GEX 10"": null}",unknown,,,,42004058,False,False,before_0600,outside_cash,,,,,,,,,,,all_19,,,,,not_applicable_outside_hours,london
a840bf8a-f45e-5ef8-9caf-122818b16f19,,,2026-04-09T12:43:00+00:00,25046.0,0.25,2026-04-09,2026-04-08,aeb8bad860db92863af8c5db289eb426dcf765061783264e1a527cd39dac9553,"{""Call Resistance"": 25500.0, ""Put Support"": 25020.0, ""HVL"": 24390.0, ""1D Min"": 24705.58, ""1D Max"": 25372.42, ""Call Resistance 0DTE"": 25100.0, ""Put Support 0DTE"": 25020.0, ""HVL 0DTE"": 25020.0, ""Gamma Wall 0DTE"": 25100.0, ""GEX 1"": 24750.0, ""GEX 2"": 25000.0, ""GEX 3"": 25300.0, ""GEX 4"": 25200.0, ""GEX 5"": 25250.0, ""GEX 6"": 25400.0, ""GEX 7"": 25600.0, ""GEX 8"": 24500.0, ""GEX 9"": 24400.0, ""GEX 10"": 24600.0}",positive,2969212.468414947,0.7807692307692308,333.41999999999825,42004058,False,True,,outside_cash,above,Call Resistance 0DTE|Gamma Wall 0DTE,25100.0,54.0,0.16195789094835428,Put Support|Put Support 0DTE|HVL 0DTE,25020.0,26.0,0.07797972527142984,False,all_19,-0.06748245456181429,0.06748245456181429,True,False,evaluated,ny
d6b817e5-7442-5147-ab40-0515239c853b,,,2026-04-09T13:06:00+00:00,25042.75,0.25,2026-04-09,2026-04-08,aeb8bad860db92863af8c5db289eb426dcf765061783264e1a527cd39dac9553,"{""Call Resistance"": 25500.0, ""Put Support"": 25020.0, ""HVL"": 24390.0, ""1D Min"": 24705.58, ""1D Max"": 25372.42, ""Call Resistance 0DTE"": 25100.0, ""Put Support 0DTE"": 25020.0, ""HVL 0DTE"": 25020.0, ""Gamma Wall 0DTE"": 25100.0, ""GEX 1"": 24750.0, ""GEX 2"": 25000.0, ""GEX 3"": 25300.0, ""GEX 4"": 25200.0, ""GEX 5"": 25250.0, ""GEX 6"": 25400.0, ""GEX 7"": 25600.0, ""GEX 8"": 24500.0, ""GEX 9"": 24400.0, ""GEX 10"": 24600.0}",positive,2969212.468414947,0.7807692307692308,333.41999999999825,42004058,False,True,,outside_cash,above,Call Resistance 0DTE|Gamma Wall 0DTE,25100.0,57.25,0.171705356607283,Put Support|Put Support 0DTE|HVL 0DTE,25020.0,22.75,0.06823225961250111,False,all_19,-0.04198908283846222,0.04198908283846222,True,False,evaluated,ny
32ecd52a-46aa-5d45-a2bf-b0636ebb907c,,,2026-04-09T13:13:00+00:00,25045.5,0.25,2026-04-09,2026-04-08,aeb8bad860db92863af8c5db289eb426dcf765061783264e1a527cd39dac9553,"{""Call Resistance"": 25500.0, ""Put Support"": 25020.0, ""HVL"": 24390.0, ""1D Min"": 24705.58, ""1D Max"": 25372.42, ""Call Resistance 0DTE"": 25100.0, ""Put Support 0DTE"": 25020.0, ""HVL 0DTE"": 25020.0, ""Gamma Wall 0DTE"": 25100.0, ""GEX 1"": 24750.0, ""GEX 2"": 25000.0, ""GEX 3"": 25300.0, ""GEX 4"": 25200.0, ""GEX 5"": 25250.0, ""GEX 6"": 25400.0, ""GEX 7"": 25600.0, ""GEX 8"": 24500.0, ""GEX 9"": 24400.0, ""GEX 10"": 24600.0}",positive,2969212.468414947,0.7807692307692308,333.41999999999825,42004058,False,True,,outside_cash,above,Call Resistance 0DTE|Gamma Wall 0DTE,25100.0,54.5,0.16345750104972792,Put Support|Put Support 0DTE|HVL 0DTE,25020.0,25.5,0.07648011517005619,False,all_19,-0.049487133345330475,0.049487133345330475,True,False,evaluated,ny
ec861c8f-ef0b-5487-b0d3-3800eb32160a,,,2026-04-09T13:27:00+00:00,25052.25,0.25,2026-04-09,2026-04-08,aeb8bad860db92863af8c5db289eb426dcf765061783264e1a527cd39dac9553,"{""Call Resistance"": 25500.0, ""Put Support"": 25020.0, ""HVL"": 24390.0, ""1D Min"": 24705.58, ""1D Max"": 25372.42, ""Call Resistance 0DTE"": 25100.0, ""Put Support 0DTE"": 25020.0, ""HVL 0DTE"": 25020.0, ""Gamma Wall 0DTE"": 25100.0, ""GEX 1"": 24750.0, ""GEX 2"": 25000.0, ""GEX 3"": 25300.0, ""GEX 4"": 25200.0, ""GEX 5"": 25250.0, ""GEX 6"": 25400.0, ""GEX 7"": 25600.0, ""GEX 8"": 24500.0, ""GEX 9"": 24400.0, ""GEX 10"": 24600.0}",positive,2969212.468414947,0.7807692307692308,333.41999999999825,42004058,False,True,,outside_cash,above,Call Resistance 0DTE|Gamma Wall 0DTE,25100.0,47.75,0.14321276468118363,Put Support|Put Support 0DTE|HVL 0DTE,25020.0,32.25,0.09672485153860047,False,all_19,-0.014246295963049683,0.014246295963049683,True,False,evaluated,ny
6a6decd7-c393-593f-824a-a80633b1b6b1,,,2026-04-09T13:30:00+00:00,25080.5,0.25,2026-04-09,2026-04-08,aeb8bad860db92863af8c5db289eb426dcf765061783264e1a527cd39dac9553,"{""Call Resistance"": 25500.0, ""Put Support"": 25020.0, ""HVL"": 24390.0, ""1D Min"": 24705.58, ""1D Max"": 25372.42, ""Call Resistance 0DTE"": 25100.0, ""Put Support 0DTE"": 25020.0, ""HVL 0DTE"": 25020.0, ""Gamma Wall 0DTE"": 25100.0, ""GEX 1"": 24750.0, ""GEX 2"": 25000.0, ""GEX 3"": 25300.0, ""GEX 4"": 25200.0, ""GEX 5"": 25250.0, ""GEX 6"": 25400.0, ""GEX 7"": 25600.0, ""GEX 8"": 24500.0, ""GEX 9"": 24400.0, ""GEX 10"": 24600.0}",positive,2969212.468414947,0.7807692307692308,333.41999999999825,42004058,False,True,,s1_0830_1000,above,Call Resistance 0DTE|Gamma Wall 0DTE,25100.0,19.5,0.05848479395357238,Put Support|Put Support 0DTE|HVL 0DTE,25020.0,60.5,0.18145282226621173,False,all_19,0.036740447483654445,0.036740447483654445,True,False,evaluated,ny
ff85606f-41ea-5341-9901-1c35467d0f02,,,2026-04-09T13:38:00+00:00,25049.5,0.25,2026-04-09,2026-04-08,aeb8bad860db92863af8c5db289eb426dcf765061783264e1a527cd39dac9553,"{""Call Resistance"": 25500.0, ""Put Support"": 25020.0, ""HVL"": 24390.0, ""1D Min"": 24705.58, ""1D Max"": 25372.42, ""Call Resistance 0DTE"": 25100.0, ""Put Support 0DTE"": 25020.0, ""HVL 0DTE"": 25020.0, ""Gamma Wall 0DTE"": 25100.0, ""GEX 1"": 24750.0, ""GEX 2"": 25000.0, ""GEX 3"": 25300.0, ""GEX 4"": 25200.0, ""GEX 5"": 25250.0, ""GEX 6"": 25400.0, ""GEX 7"": 25600.0, ""GEX 8"": 24500.0, ""GEX 9"": 24400.0, ""GEX 10"": 24600.0}",positive,2969212.468414947,0.7807692307692308,333.41999999999825,42004058,False,True,,s1_0830_1000,above,Call Resistance 0DTE|Gamma Wall 0DTE,25100.0,50.5,0.1514606202387387,Put Support|Put Support 0DTE|HVL 0DTE,25020.0,29.5,0.08847699598104539,False,all_19,-0.008247855557555079,0.008247855557555079,True,False,evaluated,ny
196970e6-fdae-5e6b-af7c-b9e1844b3c2c,,,2026-04-09T13:43:00+00:00,25085.25,0.25,2026-04-09,2026-04-08,aeb8bad860db92863af8c5db289eb426dcf765061783264e1a527cd39dac9553,"{""Call Resistance"": 25500.0, ""Put Support"": 25020.0, ""HVL"": 24390.0, ""1D Min"": 24705.58, ""1D Max"": 25372.42, ""Call Resistance 0DTE"": 25100.0, ""Put Support 0DTE"": 25020.0, ""HVL 0DTE"": 25020.0, ""Gamma Wall 0DTE"": 25100.0, ""GEX 1"": 24750.0, ""GEX 2"": 25000.0, ""GEX 3"": 25300.0, ""GEX 4"": 25200.0, ""GEX 5"": 25250.0, ""GEX 6"": 25400.0, ""GEX 7"": 25600.0, ""GEX 8"": 24500.0, ""GEX 9"": 24400.0, ""GEX 10"": 24600.0}",positive,2969212.468414947,0.7807692307692308,333.41999999999825,42004058,False,True,,s1_0830_1000,above,Call Resistance 0DTE|Gamma Wall 0DTE,25100.0,14.75,0.04423849799052269,Put Support|Put Support 0DTE|HVL 0DTE,25020.0,65.25,0.19569911822926142,False,all_19,0.048737328294643646,0.048737328294643646,True,False,evaluated,ny
eff9484b-050f-5923-8f31-5ff2c9ca8807,,,2026-04-09T13:44:00+00:00,25102.0,0.25,2026-04-09,2026-04-08,aeb8bad860db92863af8c5db289eb426dcf765061783264e1a527cd39dac9553,"{""Call Resistance"": 25500.0, ""Put Support"": 25020.0, ""HVL"": 24390.0, ""1D Min"": 24705.58, ""1D Max"": 25372.42, ""Call Resistance 0DTE"": 25100.0, ""Put Support 0DTE"": 25020.0, ""HVL 0DTE"": 25020.0, ""Gamma Wall 0DTE"": 25100.0, ""GEX 1"": 24750.0, ""GEX 2"": 25000.0, ""GEX 3"": 25300.0, ""GEX 4"": 25200.0, ""GEX 5"": 25250.0, ""GEX 6"": 25400.0, ""GEX 7"": 25600.0, ""GEX 8"": 24500.0, ""GEX 9"": 24400.0, ""GEX 10"": 24600.0}",positive,2969212.468414947,0.7807692307692308,333.41999999999825,42004058,False,True,,s1_0830_1000,above,GEX 4,25200.0,98.0,0.29392357986923556,Call Resistance 0DTE|Gamma Wall 0DTE,25100.0,2.0,0.005998440405494603,False,all_19,0.07947933537280348,0.07947933537280348,True,False,evaluated,ny
2a98a887-9dc7-5b5b-8016-4f3aa18f3f54,,,2026-04-09T13:45:00+00:00,25100.0,0.25,2026-04-09,2026-04-08,aeb8bad860db92863af8c5db289eb426dcf765061783264e1a527cd39dac9553,"{""Call Resistance"": 25500.0, ""Put Support"": 25020.0, ""HVL"": 24390.0, ""1D Min"": 24705.58, ""1D Max"": 25372.42, ""Call Resistance 0DTE"": 25100.0, ""Put Support 0DTE"": 25020.0, ""HVL 0DTE"": 25020.0, ""Gamma Wall 0DTE"": 25100.0, ""GEX 1"": 24750.0, ""GEX 2"": 25000.0, ""GEX 3"": 25300.0, ""GEX 4"": 25200.0, ""GEX 5"": 25250.0, ""GEX 6"": 25400.0, ""GEX 7"": 25600.0, ""GEX 8"": 24500.0, ""GEX 9"": 24400.0, ""GEX 10"": 24600.0}",positive,2969212.468414947,0.7807692307692308,333.41999999999825,42004058,False,True,,s1_0830_1000,above,GEX 4,25200.0,100.0,0.29992202027473014,Put Support|Put Support 0DTE|HVL 0DTE,25020.0,80.0,0.2399376162197841,False,all_19,0.13121588387019445,0.13121588387019445,True,False,evaluated,ny
b9bc6898-99ba-589c-adb9-1b1e8194fbc0,,,2026-04-09T16:53:00+00:00,25204.5,0.25,2026-04-09,2026-04-08,aeb8bad860db92863af8c5db289eb426dcf765061783264e1a527cd39dac9553,"{""Call Resistance"": 25500.0, ""Put Support"": 25020.0, ""HVL"": 24390.0, ""1D Min"": 24705.58, ""1D Max"": 25372.42, ""Call Resistance 0DTE"": 25100.0, ""Put Support 0DTE"": 25020.0, ""HVL 0DTE"": 25020.0, ""Gamma Wall 0DTE"": 25100.0, ""GEX 1"": 24750.0, ""GEX 2"": 25000.0, ""GEX 3"": 25300.0, ""GEX 4"": 25200.0, ""GEX 5"": 25250.0, ""GEX 6"": 25400.0, ""GEX 7"": 25600.0, ""GEX 8"": 24500.0, ""GEX 9"": 24400.0, ""GEX 10"": 24600.0}",positive,2969212.468414947,0.7807692307692308,333.41999999999825,42004058,False,True,,s2_1000_1200,above,GEX 5,25250.0,45.5,0.13646451922500222,GEX 4,25200.0,4.5,0.013496490912362857,False,all_19,0.42363985363805634,0.42363985363805634,True,False,evaluated,ny
aca09c85-d3e4-5537-89c9-7f9b5a1aba90,,,2026-04-09T16:57:00+00:00,25194.5,0.25,2026-04-09,2026-04-08,aeb8bad860db92863af8c5db289eb426dcf765061783264e1a527cd39dac9553,"{""Call Resistance"": 25500.0, ""Put Support"": 25020.0, ""HVL"": 24390.0, ""1D Min"": 24705.58, ""1D Max"": 25372.42, ""Call Resistance 0DTE"": 25100.0, ""Put Support 0DTE"": 25020.0, ""HVL 0DTE"": 25020.0, ""Gamma Wall 0DTE"": 25100.0, ""GEX 1"": 24750.0, ""GEX 2"": 25000.0, ""GEX 3"": 25300.0, ""GEX 4"": 25200.0, ""GEX 5"": 25250.0, ""GEX 6"": 25400.0, ""GEX 7"": 25600.0, ""GEX 8"": 24500.0, ""GEX 9"": 24400.0, ""GEX 10"": 24600.0}",positive,2969212.468414947,0.7807692307692308,333.41999999999825,42004058,False,True,,s2_1000_1200,above,GEX 4,25200.0,5.5,0.016495711115110157,Call Resistance 0DTE|Gamma Wall 0DTE,25100.0,94.5,0.28342630915961997,False,all_19,0.41539199808050126,0.41539199808050126,True,False,evaluated,ny
7576ae1b-5712-5a26-93cf-495ffb3bf4b4,,,2026-04-09T17:05:00+00:00,25208.25,0.25,2026-04-09,2026-04-08,aeb8bad860db92863af8c5db289eb426dcf765061783264e1a527cd39dac9553,"{""Call Resistance"": 25500.0, ""Put Support"": 25020.0, ""HVL"": 24390.0, ""1D Min"": 24705.58, ""1D Max"": 25372.42, ""Call Resistance 0DTE"": 25100.0, ""Put Support 0DTE"": 25020.0, ""HVL 0DTE"": 25020.0, ""Gamma Wall 0DTE"": 25100.0, ""GEX 1"": 24750.0, ""GEX 2"": 25000.0, ""GEX 3"": 25300.0, ""GEX 4"": 25200.0, ""GEX 5"": 25250.0, ""GEX 6"": 25400.0, ""GEX 7"": 25600.0, ""GEX 8"": 24500.0, ""GEX 9"": 24400.0, ""GEX 10"": 24600.0}",positive,2969212.468414947,0.7807692307692308,333.41999999999825,42004058,False,True,,s3_1200_1330,above,GEX 5,25250.0,41.75,0.12521744346469985,GEX 4,25200.0,8.25,0.024743566672665238,False,all_19,0.4401355647531665,0.4401355647531665,True,False,evaluated,ny
55ab9546-cc37-5470-9d55-1e7a3457305f,,,2026-04-09T17:08:00+00:00,25221.5,0.25,2026-04-09,2026-04-08,aeb8bad860db92863af8c5db289eb426dcf765061783264e1a527cd39dac9553,"{""Call Resistance"": 25500.0, ""Put Support"": 25020.0, ""HVL"": 24390.0, ""1D Min"": 24705.58, ""1D Max"": 25372.42, ""Call Resistance 0DTE"": 25100.0, ""Put Support 0DTE"": 25020.0, ""HVL 0DTE"": 25020.0, ""Gamma Wall 0DTE"": 25100.0, ""GEX 1"": 24750.0, ""GEX 2"": 25000.0, ""GEX 3"": 25300.0, ""GEX 4"": 25200.0, ""GEX 5"": 25250.0, ""GEX 6"": 25400.0, ""GEX 7"": 25600.0, ""GEX 8"": 24500.0, ""GEX 9"": 24400.0, ""GEX 10"": 24600.0}",positive,2969212.468414947,0.7807692307692308,333.41999999999825,42004058,False,True,,s3_1200_1330,above,GEX 5,25250.0,28.5,0.08547777577829808,GEX 4,25200.0,21.5,0.06448323435906698,False,all_19,0.485123867794376,0.485123867794376,True,False,evaluated,ny
ea99d34e-3e54-5344-8ec1-097467190bfc,,,2026-04-09T17:13:00+00:00,25233.25,0.25,2026-04-09,2026-04-08,aeb8bad860db92863af8c5db289eb426dcf765061783264e1a527cd39dac9553,"{""Call Resistance"": 25500.0, ""Put Support"": 25020.0, ""HVL"": 24390.0, ""1D Min"": 24705.58, ""1D Max"": 25372.42, ""Call Resistance 0DTE"": 25100.0, ""Put Support 0DTE"": 25020.0, ""HVL 0DTE"": 25020.0, ""Gamma Wall 0DTE"": 25100.0, ""GEX 1"": 24750.0, ""GEX 2"": 25000.0, ""GEX 3"": 25300.0, ""GEX 4"": 25200.0, ""GEX 5"": 25250.0, ""GEX 6"": 25400.0, ""GEX 7"": 25600.0, ""GEX 8"": 24500.0, ""GEX 9"": 24400.0, ""GEX 10"": 24600.0}",positive,2969212.468414947,0.7807692307692308,333.41999999999825,42004058,False,True,,s3_1200_1330,above,GEX 5,25250.0,16.75,0.0502369383960173,GEX 4,25200.0,33.25,0.09972407174134777,False,all_19,0.532361585987646,0.532361585987646,True,False,evaluated,ny
02e17484-1e7a-5676-afdb-5a9ccfaea853,,,2026-04-09T17:17:00+00:00,25237.0,0.25,2026-04-09,2026-04-08,aeb8bad860db92863af8c5db289eb426dcf765061783264e1a527cd39dac9553,"{""Call Resistance"": 25500.0, ""Put Support"": 25020.0, ""HVL"": 24390.0, ""1D Min"": 24705.58, ""1D Max"": 25372.42, ""Call Resistance 0DTE"": 25100.0, ""Put Support 0DTE"": 25020.0, ""HVL 0DTE"": 25020.0, ""Gamma Wall 0DTE"": 25100.0, ""GEX 1"": 24750.0, ""GEX 2"": 25000.0, ""GEX 3"": 25300.0, ""GEX 4"": 25200.0, ""GEX 5"": 25250.0, ""GEX 6"": 25400.0, ""GEX 7"": 25600.0, ""GEX 8"": 24500.0, ""GEX 9"": 24400.0, ""GEX 10"": 24600.0}",positive,2969212.468414947,0.7807692307692308,333.41999999999825,42004058,False,True,,s3_1200_1330,above,GEX 5,25250.0,13.0,0.03898986263571492,GEX 4,25200.0,37.0,0.11097114750165016,False,all_19,0.5361106112410802,0.5361106112410802,True,False,evaluated,ny
e2d03c27-4e5a-5f10-ab6d-03627aa3ef4a,,,2026-04-09T17:34:00+00:00,25214.0,0.25,2026-04-09,2026-04-08,aeb8bad860db92863af8c5db289eb426dcf765061783264e1a527cd39dac9553,"{""Call Resistance"": 25500.0, ""Put Support"": 25020.0, ""HVL"": 24390.0, ""1D Min"": 24705.58, ""1D Max"": 25372.42, ""Call Resistance 0DTE"": 25100.0, ""Put Support 0DTE"": 25020.0, ""HVL 0DTE"": 25020.0, ""Gamma Wall 0DTE"": 25100.0, ""GEX 1"": 24750.0, ""GEX 2"": 25000.0, ""GEX 3"": 25300.0, ""GEX 4"": 25200.0, ""GEX 5"": 25250.0, ""GEX 6"": 25400.0, ""GEX 7"": 25600.0, ""GEX 8"": 24500.0, ""GEX 9"": 24400.0, ""GEX 10"": 24600.0}",positive,2969212.468414947,0.7807692307692308,333.41999999999825,42004058,False,True,,s3_1200_1330,above,GEX 5,25250.0,36.0,0.10797192729890286,GEX 4,25200.0,14.0,0.04198908283846222,False,all_19,0.4663787415272054,0.4663787415272054,True,False,evaluated,ny
3b74a92c-99ce-5ecc-836b-260d49720545,,,2026-04-09T17:37:00+00:00,25230.25,0.25,2026-04-09,2026-04-08,aeb8bad860db92863af8c5db289eb426dcf765061783264e1a527cd39dac9553,"{""Call Resistance"": 25500.0, ""Put Support"": 25020.0, ""HVL"": 24390.0, ""1D Min"": 24705.58, ""1D Max"": 25372.42, ""Call Resistance 0DTE"": 25100.0, ""Put Support 0DTE"": 25020.0, ""HVL 0DTE"": 25020.0, ""Gamma Wall 0DTE"": 25100.0, ""GEX 1"": 24750.0, ""GEX 2"": 25000.0, ""GEX 3"": 25300.0, ""GEX 4"": 25200.0, ""GEX 5"": 25250.0, ""GEX 6"": 25400.0, ""GEX 7"": 25600.0, ""GEX 8"": 24500.0, ""GEX 9"": 24400.0, ""GEX 10"": 24600.0}",positive,2969212.468414947,0.7807692307692308,333.41999999999825,42004058,False,True,,s3_1200_1330,above,GEX 5,25250.0,19.75,0.0592345990042592,GEX 4,25200.0,30.25,0.09072641113310587,False,all_19,0.5038689940615466,0.5038689940615466,True,False,evaluated,ny
104bfa61-33f6-5e8a-8817-5692131945c3,,,2026-04-09T17:39:00+00:00,25252.0,0.25,2026-04-09,2026-04-08,aeb8bad860db92863af8c5db289eb426dcf765061783264e1a527cd39dac9553,"{""Call Resistance"": 25500.0, ""Put Support"": 25020.0, ""HVL"": 24390.0, ""1D Min"": 24705.58, ""1D Max"": 25372.42, ""Call Resistance 0DTE"": 25100.0, ""Put Support 0DTE"": 25020.0, ""HVL 0DTE"": 25020.0, ""Gamma Wall 0DTE"": 25100.0, ""GEX 1"": 24750.0, ""GEX 2"": 25000.0, ""GEX 3"": 25300.0, ""GEX 4"": 25200.0, ""GEX 5"": 25250.0, ""GEX 6"": 25400.0, ""GEX 7"": 25600.0, ""GEX 8"": 24500.0, ""GEX 9"": 24400.0, ""GEX 10"": 24600.0}",positive,2969212.468414947,0.7807692307692308,333.41999999999825,42004058,False,True,,s3_1200_1330,above,GEX 3,25300.0,48.0,0.14396256973187047,GEX 5,25250.0,2.0,0.005998440405494603,False,all_19,0.5308619758862724,0.5308619758862724,True,False,evaluated,ny
d01cd132-2b29-5e0d-862e-d5c735935178,,,2026-04-09T17:40:00+00:00,25249.75,0.25,2026-04-09,2026-04-08,aeb8bad860db92863af8c5db289eb426dcf765061783264e1a527cd39dac9553,"{""Call Resistance"": 25500.0, ""Put Support"": 25020.0, ""HVL"": 24390.0, ""1D Min"": 24705.58, ""1D Max"": 25372.42, ""Call Resistance 0DTE"": 25100.0, ""Put Support 0DTE"": 25020.0, ""HVL 0DTE"": 25020.0, ""Gamma Wall 0DTE"": 25100.0, ""GEX 1"": 24750.0, ""GEX 2"": 25000.0, ""GEX 3"": 25300.0, ""GEX 4"": 25200.0, ""GEX 5"": 25250.0, ""GEX 6"": 25400.0, ""GEX 7"": 25600.0, ""GEX 8"": 24500.0, ""GEX 9"": 24400.0, ""GEX 10"": 24600.0}",positive,2969212.468414947,0.7807692307692308,333.41999999999825,42004058,False,True,,s3_1200_1330,above,GEX 5,25250.0,0.25,0.0007498050506868254,GEX 4,25200.0,49.75,0.14921120508667823,False,all_19,0.579599304180916,0.579599304180916,True,False,evaluated,ny
493f2e0e-c526-55cc-93bb-0dc8c5143db3,,,2026-04-09T17:50:00+00:00,25239.0,0.25,2026-04-09,2026-04-08,aeb8bad860db92863af8c5db289eb426dcf765061783264e1a527cd39dac9553,"{""Call Resistance"": 25500.0, ""Put Support"": 25020.0, ""HVL"": 24390.0, ""1D Min"": 24705.58, ""1D Max"": 25372.42, ""Call Resistance 0DTE"": 25100.0, ""Put Support 0DTE"": 25020.0, ""HVL 0DTE"": 25020.0, ""Gamma Wall 0DTE"": 25100.0, ""GEX 1"": 24750.0, ""GEX 2"": 25000.0, ""GEX 3"": 25300.0, ""GEX 4"": 25200.0, ""GEX 5"": 25250.0, ""GEX 6"": 25400.0, ""GEX 7"": 25600.0, ""GEX 8"": 24500.0, ""GEX 9"": 24400.0, ""GEX 10"": 24600.0}",positive,2969212.468414947,0.7807692307692308,333.41999999999825,42004058,False,True,,s3_1200_1330,above,GEX 5,25250.0,11.0,0.032991422230220314,GEX 4,25200.0,39.0,0.11696958790714476,False,all_19,0.5413592465958879,0.5413592465958879,True,False,evaluated,ny
