{
  "selected_features": [
    "pl_total_bid_vol",
    "pl_total_ask_vol",
    "pl_total_vol",
    "pl_near_bid_vol",
    "pl_near_ask_vol",
    "pl_near_vol",
    "pl_trade_count",
    "pl_total_trade_vol",
    "pl_max_trade_size",
    "pl_mean_trade_size",
    "pl_buy_vol",
    "pl_sell_vol",
    "pl_buy_count",
    "pl_sell_count",
    "pl_bid_ask_ratio",
    "pl_close_bid_ratio",
    "pl_close_ask_ratio",
    "pl_extremum_type",
    "pl_prominence",
    "pl_width",
    "ms_rsi_20",
    "ms_rsi_40",
    "ms_rsi_80",
    "ms_rsi_120",
    "ms_rsi_160",
    "ms_rsi_200",
    "ms_macd_12_26",
    "ms_macd_20_50",
    "ms_macd_40_100",
    "ms_price_velocity_10",
    "ms_price_velocity_20",
    "ms_price_velocity_50",
    "ms_volume_momentum",
    "ms_uptick_fraction",
    "ms_downtick_fraction",
    "ms_volatility"
  ],
  "feature_importances": {
    "pl_total_bid_vol": 0.0,
    "pl_total_ask_vol": 0.0,
    "pl_total_vol": 0.0,
    "pl_near_bid_vol": 0.0,
    "pl_near_ask_vol": 0.0,
    "pl_near_vol": 0.0,
    "pl_trade_count": 0.0,
    "pl_total_trade_vol": 0.6587607382211548,
    "pl_max_trade_size": 1.0660030682422281,
    "pl_mean_trade_size": 1.0247616963567823,
    "pl_buy_vol": 1.190716187524865,
    "pl_sell_vol": 1.0598289093743296,
    "pl_buy_count": 1.8064971429459769,
    "pl_sell_count": 1.205724484444833,
    "pl_bid_ask_ratio": 0.0,
    "pl_close_bid_ratio": 0.0,
    "pl_close_ask_ratio": 0.0,
    "pl_extremum_type": 0.045131772203090156,
    "pl_prominence": 51.12377741381493,
    "pl_width": 15.131190587037148,
    "ms_rsi_20": 0.9853572647517076,
    "ms_rsi_40": 1.3983525956048388,
    "ms_rsi_80": 0.9941900406089907,
    "ms_rsi_120": 0.9653709705317987,
    "ms_rsi_160": 1.9415772082606753,
    "ms_rsi_200": 1.5239630381039173,
    "ms_macd_12_26": 1.4978712625779744,
    "ms_macd_20_50": 1.5665996265371644,
    "ms_macd_40_100": 1.94320402697594,
    "ms_price_velocity_10": 1.3712151630098395,
    "ms_price_velocity_20": 1.4308384221122161,
    "ms_price_velocity_50": 1.964694746526766,
    "ms_volume_momentum": 2.7398845781192787,
    "ms_uptick_fraction": 1.1873937648835489,
    "ms_downtick_fraction": 1.1588043916120485,
    "ms_volatility": 3.0182908996179436
  },
  "train_metrics": {
    "train_accuracy": 0.6912951620535447
  },
  "config": {
    "model_type": "catboost",
    "iterations": 500,
    "depth": 6,
    "learning_rate": 0.03,
    "auto_class_weights": "Balanced",
    "rfecv_enabled": false,
    "rfecv_min_features": 5,
    "early_stopping_rounds": 50
  }
}