{
  "selected_features": [
    "pl_total_bid_vol",
    "pl_total_ask_vol",
    "pl_total_vol",
    "pl_near_bid_vol",
    "pl_near_ask_vol",
    "pl_near_vol",
    "pl_trade_count",
    "pl_total_trade_vol",
    "pl_max_trade_size",
    "pl_mean_trade_size",
    "pl_buy_vol",
    "pl_sell_vol",
    "pl_buy_count",
    "pl_sell_count",
    "pl_bid_ask_ratio",
    "pl_close_bid_ratio",
    "pl_close_ask_ratio",
    "pl_spread",
    "pl_spread_ticks",
    "pl_bid_top3_concentration",
    "pl_ask_top3_concentration",
    "pl_bid_depth_slope",
    "pl_ask_depth_slope",
    "pl_bid_vol_trend",
    "pl_ask_vol_trend",
    "pl_imbalance_volatility",
    "pl_spread_max",
    "pl_extremum_type",
    "pl_prominence",
    "pl_width",
    "ms_rsi_20",
    "ms_rsi_40",
    "ms_rsi_80",
    "ms_rsi_120",
    "ms_rsi_160",
    "ms_rsi_200",
    "ms_macd_12_26",
    "ms_macd_20_50",
    "ms_macd_40_100",
    "ms_price_velocity_10",
    "ms_price_velocity_20",
    "ms_price_velocity_50",
    "ms_volume_momentum",
    "ms_uptick_fraction",
    "ms_downtick_fraction",
    "ms_volatility"
  ],
  "feature_importances": {
    "pl_total_bid_vol": 0.9809652185209197,
    "pl_total_ask_vol": 0.9164884742309705,
    "pl_total_vol": 2.5084576758709094,
    "pl_near_bid_vol": 0.39675282109689475,
    "pl_near_ask_vol": 0.513773953648242,
    "pl_near_vol": 0.8506468885417798,
    "pl_trade_count": 3.129488228105505e-06,
    "pl_total_trade_vol": 0.2659861104900254,
    "pl_max_trade_size": 0.3030882366868928,
    "pl_mean_trade_size": 0.47613795772589146,
    "pl_buy_vol": 0.22678887726485372,
    "pl_sell_vol": 0.1882463826249161,
    "pl_buy_count": 0.24948467142530525,
    "pl_sell_count": 0.20021886446231718,
    "pl_bid_ask_ratio": 0.7283884076508681,
    "pl_close_bid_ratio": 0.34746608630119097,
    "pl_close_ask_ratio": 0.41811986206059276,
    "pl_spread": 0.4242247094887785,
    "pl_spread_ticks": 0.5099705669220035,
    "pl_bid_top3_concentration": 0.2279133209761303,
    "pl_ask_top3_concentration": 0.39466142084963596,
    "pl_bid_depth_slope": 0.5332124248176646,
    "pl_ask_depth_slope": 0.28399487422030883,
    "pl_bid_vol_trend": 0.4213330001342847,
    "pl_ask_vol_trend": 0.47734372343131365,
    "pl_imbalance_volatility": 0.3428261720462425,
    "pl_spread_max": 3.228541830651585,
    "pl_extremum_type": 0.02537154643934235,
    "pl_prominence": 67.8922692857577,
    "pl_width": 11.278375546086608,
    "ms_rsi_20": 0.09501957588954203,
    "ms_rsi_40": 0.13798119711134293,
    "ms_rsi_80": 0.12928843495325862,
    "ms_rsi_120": 0.21325791273296887,
    "ms_rsi_160": 0.5279267487366738,
    "ms_rsi_200": 0.7560947023862762,
    "ms_macd_12_26": 0.10221631640450331,
    "ms_macd_20_50": 0.1604677426245456,
    "ms_macd_40_100": 0.24357456759238943,
    "ms_price_velocity_10": 0.1109156798580915,
    "ms_price_velocity_20": 0.12846761037467366,
    "ms_price_velocity_50": 0.19235011796140788,
    "ms_volume_momentum": 0.5502887197448894,
    "ms_uptick_fraction": 0.4456676688703892,
    "ms_downtick_fraction": 0.3034411436202223,
    "ms_volatility": 0.2919898212264034
  },
  "train_metrics": {
    "train_accuracy": 0.6917500980066946,
    "n_train_samples": 265288.0,
    "n_selected_features": 46.0
  },
  "config": {
    "model_type": "catboost",
    "iterations": 500,
    "depth": 6,
    "learning_rate": 0.03,
    "loss_function": "Logloss",
    "auto_class_weights": "Balanced",
    "rfecv_enabled": false,
    "rfecv_min_features": 5,
    "early_stopping_rounds": 50
  }
}