# {"archival": false, "configuration": "gex1_block", "formula_version": "menthorq_eod_v1", "menthorq_context_version": "menthorq_eod_v1", "report_only": true, "run_identity": {"core_replay_id": "94471bd97008fa127d8d7f9db4d701426aeb982a43d39bb3d9d2838a1dde8019", "evaluation_dates": ["2025-06-16", "2025-06-17", "2025-06-18", "2025-06-19", "2025-06-20", "2025-06-23", "2025-06-24", "2025-06-25", "2025-06-26", "2025-06-27", "2025-06-30", "2025-07-01", "2025-07-02", "2025-07-03", "2025-07-04", "2025-07-07", "2025-07-09", "2025-07-10", "2025-07-11", "2025-07-14", "2025-07-15", "2025-07-16", "2025-07-17", "2025-07-18", "2025-07-21", "2025-07-22", "2025-07-23", "2025-07-24", "2025-07-25", "2025-07-28", "2025-07-29", "2025-07-30", "2025-07-31", "2025-08-01", "2025-08-04", "2025-08-05", "2025-08-06", "2025-08-07", "2025-08-08", "2025-08-11", "2025-08-12", "2025-08-13", "2025-08-14", "2025-08-15", "2025-08-18", "2025-08-19", "2025-08-20", "2025-08-21", "2025-08-22", "2025-08-25", "2025-08-26", "2025-08-27", "2025-08-28", "2025-08-29", "2025-09-01", "2025-09-02", "2025-09-03", "2025-09-04", "2025-09-05", "2025-09-08", "2025-09-09", "2025-09-10", "2025-09-11", "2025-09-12", "2025-09-15", "2025-09-16", "2025-09-17", "2025-09-18", "2025-09-19", "2025-09-22", "2025-09-23", "2025-09-24", "2025-09-25", "2025-09-26", "2025-09-29", "2025-09-30", "2025-10-01", "2025-10-02", "2025-10-03", "2025-10-06", "2025-10-07", "2025-10-08", "2025-10-09", "2025-10-10", "2025-10-13", "2025-10-14", "2025-10-15", "2025-10-16", "2025-10-17", "2025-10-20", "2025-10-21", "2025-10-22", "2025-10-23", "2025-10-24", "2025-10-27", "2025-10-28", "2025-10-29", "2025-10-30", "2025-10-31", "2025-11-03", "2025-11-04", "2025-11-05", "2025-11-06", "2025-11-07", "2025-11-10", "2025-11-11", "2025-11-12", "2025-11-13", "2025-11-17", "2025-11-18", "2025-11-19", "2025-11-21", "2025-11-24", "2025-11-25", "2025-11-26", "2025-11-27", "2025-11-28", "2025-12-01", "2025-12-02", "2025-12-03", "2025-12-04", "2025-12-05", "2025-12-08", "2025-12-09", "2025-12-10", "2025-12-11", "2025-12-12", "2025-12-15", "2025-12-16", "2025-12-17", "2025-12-18", "2025-12-19", "2025-12-22", "2025-12-23", "2025-12-24", "2025-12-26", "2025-12-29", "2025-12-30", "2025-12-31", "2026-01-02", "2026-01-05", "2026-01-06", "2026-01-07", "2026-01-08", "2026-01-09", "2026-01-12", "2026-01-13", "2026-01-14", "2026-01-15", "2026-01-16", "2026-01-19", "2026-01-20", "2026-01-21", "2026-01-22", "2026-01-23", "2026-01-26", "2026-01-27", "2026-01-28", "2026-01-29", "2026-01-30", "2026-02-02", "2026-02-03", "2026-02-04", "2026-02-05", "2026-02-06", "2026-02-09", "2026-02-10", "2026-02-11", "2026-02-12", "2026-02-13", "2026-02-16", "2026-02-17", "2026-02-18", "2026-02-19", "2026-02-20", "2026-02-23", "2026-02-24", "2026-02-25", "2026-02-26", "2026-02-27", "2026-03-02", "2026-03-03", "2026-03-04", "2026-03-05", "2026-03-06", "2026-03-09", "2026-03-10", "2026-03-11", "2026-03-12", "2026-03-13", "2026-03-16", "2026-03-17", "2026-03-18", "2026-03-19", "2026-03-20", "2026-03-23", "2026-03-24", "2026-03-25", "2026-03-26", "2026-03-27", "2026-03-30", "2026-03-31", "2026-04-01", "2026-04-02", "2026-04-03", "2026-04-06", "2026-04-07", "2026-04-08", "2026-04-09", "2026-04-10", "2026-04-13", "2026-04-14", "2026-04-15", "2026-04-16", "2026-04-17", "2026-04-20", "2026-04-21", "2026-04-22", "2026-04-23", "2026-04-24", "2026-04-27", "2026-04-28", "2026-04-29", "2026-04-30", "2026-05-01", "2026-05-04", "2026-05-05", "2026-05-06", "2026-05-07", "2026-05-08", "2026-05-11", "2026-05-12", "2026-05-13", "2026-05-14", "2026-05-15", "2026-05-18", "2026-05-19", "2026-05-20", "2026-05-21", "2026-05-22", "2026-05-25", "2026-05-26", "2026-05-27", "2026-05-28", "2026-05-29", "2026-06-01", "2026-06-02", "2026-06-03", "2026-06-04", "2026-06-05", "2026-06-08", "2026-06-09", "2026-06-10"], "pipeline_semantic_id": "1e3018b11ed0130545aefda0aeca927d625f246d7054b0ba7847e3a5c299e37a", "quant_lab_commit": "8c46f80dc65485c70751785b8edcaf5dfc11c0d2", "quant_lab_replay_source_identity": "affe0fc52ec790dd8c29b1dc171167276975ff72be739f08fd1dfd2ebd41e251", "replay_dates": ["2025-06-02", "2025-06-03", "2025-06-04", "2025-06-05", "2025-06-06", "2025-06-09", "2025-06-10", "2025-06-11", "2025-06-12", "2025-06-13", "2025-06-16", "2025-06-17", "2025-06-18", "2025-06-19", "2025-06-20", "2025-06-23", "2025-06-24", "2025-06-25", "2025-06-26", "2025-06-27", "2025-06-30", "2025-07-01", "2025-07-02", "2025-07-03", "2025-07-04", "2025-07-07", "2025-07-09", "2025-07-10", "2025-07-11", "2025-07-14", "2025-07-15", "2025-07-16", "2025-07-17", "2025-07-18", "2025-07-21", "2025-07-22", "2025-07-23", "2025-07-24", "2025-07-25", "2025-07-28", "2025-07-29", "2025-07-30", "2025-07-31", "2025-08-01", "2025-08-04", "2025-08-05", "2025-08-06", "2025-08-07", "2025-08-08", "2025-08-11", "2025-08-12", "2025-08-13", "2025-08-14", "2025-08-15", "2025-08-18", "2025-08-19", "2025-08-20", "2025-08-21", "2025-08-22", "2025-08-25", "2025-08-26", "2025-08-27", "2025-08-28", "2025-08-29", "2025-09-01", "2025-09-02", "2025-09-03", "2025-09-04", "2025-09-05", "2025-09-08", "2025-09-09", "2025-09-10", "2025-09-11", "2025-09-12", "2025-09-15", "2025-09-16", "2025-09-17", "2025-09-18", "2025-09-19", "2025-09-22", "2025-09-23", "2025-09-24", "2025-09-25", "2025-09-26", "2025-09-29", "2025-09-30", "2025-10-01", "2025-10-02", "2025-10-03", "2025-10-06", "2025-10-07", "2025-10-08", "2025-10-09", "2025-10-10", "2025-10-13", "2025-10-14", "2025-10-15", "2025-10-16", "2025-10-17", "2025-10-20", "2025-10-21", "2025-10-22", "2025-10-23", "2025-10-24", "2025-10-27", "2025-10-28", "2025-10-29", "2025-10-30", "2025-10-31", "2025-11-03", "2025-11-04", "2025-11-05", "2025-11-06", "2025-11-07", "2025-11-10", "2025-11-11", "2025-11-12", "2025-11-13", "2025-11-17", "2025-11-18", "2025-11-19", "2025-11-21", "2025-11-24", "2025-11-25", "2025-11-26", "2025-11-27", "2025-11-28", "2025-12-01", "2025-12-02", "2025-12-03", "2025-12-04", "2025-12-05", "2025-12-08", "2025-12-09", "2025-12-10", "2025-12-11", "2025-12-12", "2025-12-15", "2025-12-16", "2025-12-17", "2025-12-18", "2025-12-19", "2025-12-22", "2025-12-23", "2025-12-24", "2025-12-26", "2025-12-29", "2025-12-30", "2025-12-31", "2026-01-02", "2026-01-05", "2026-01-06", "2026-01-07", "2026-01-08", "2026-01-09", "2026-01-12", "2026-01-13", "2026-01-14", "2026-01-15", "2026-01-16", "2026-01-19", "2026-01-20", "2026-01-21", "2026-01-22", "2026-01-23", "2026-01-26", "2026-01-27", "2026-01-28", "2026-01-29", "2026-01-30", "2026-02-02", "2026-02-03", "2026-02-04", "2026-02-05", "2026-02-06", "2026-02-09", "2026-02-10", "2026-02-11", "2026-02-12", "2026-02-13", "2026-02-16", "2026-02-17", "2026-02-18", "2026-02-19", "2026-02-20", "2026-02-23", "2026-02-24", "2026-02-25", "2026-02-26", "2026-02-27", "2026-03-02", "2026-03-03", "2026-03-04", "2026-03-05", "2026-03-06", "2026-03-09", "2026-03-10", "2026-03-11", "2026-03-12", "2026-03-13", "2026-03-16", "2026-03-17", "2026-03-18", "2026-03-19", "2026-03-20", "2026-03-23", "2026-03-24", "2026-03-25", "2026-03-26", "2026-03-27", "2026-03-30", "2026-03-31", "2026-04-01", "2026-04-02", "2026-04-03", "2026-04-06", "2026-04-07", "2026-04-08", "2026-04-09", "2026-04-10", "2026-04-13", "2026-04-14", "2026-04-15", "2026-04-16", "2026-04-17", "2026-04-20", "2026-04-21", "2026-04-22", "2026-04-23", "2026-04-24", "2026-04-27", "2026-04-28", "2026-04-29", "2026-04-30", "2026-05-01", "2026-05-04", "2026-05-05", "2026-05-06", "2026-05-07", "2026-05-08", "2026-05-11", "2026-05-12", "2026-05-13", "2026-05-14", "2026-05-15", "2026-05-18", "2026-05-19", "2026-05-20", "2026-05-21", "2026-05-22", "2026-05-25", "2026-05-26", "2026-05-27", "2026-05-28", "2026-05-29", "2026-06-01", "2026-06-02", "2026-06-03", "2026-06-04", "2026-06-05", "2026-06-08", "2026-06-09", "2026-06-10"], "replay_input_bundle_id": "8bfc79dfed8bdc85b700c9f3c2e4351ee017c9a4df1c2f5d73c2e08fb3384dd8", "resolved_section_config_hash": "d39c97919c9ccfe10c6e2e0c68459cec2b86876906296079b4fb3db7a7b5a3e0", "search_id": "519b5317ebde363e47081db22e3a022378403e2468155d1af0415cdb33290a3b", "strategy_core_commit": "709487bc85ef82a259297c4ad6f3f198f4cabbcd", "strategy_core_source_identity": "30ffab98b2766da326a3712d2639e962e1b72241b9c3327fdb41faa95f5ec57b", "v2_dataset_artifact_id": "0105f53f3e6d5ad300a336fba910646914d2fc97934f842d5c87c36a74725f72", "warmup_dates": ["2025-06-02", "2025-06-03", "2025-06-04", "2025-06-05", "2025-06-06", "2025-06-09", "2025-06-10", "2025-06-11", "2025-06-12", "2025-06-13"]}, "schema_version": 1, "source_file_sha256": {"daily_total_dealer_gamma_and_regime.csv": "afb8e9bae8c9ae5a6200cb49e3862d222551e168962ac402fefff6ee15c9821d", "eod_gamma_levels_daily_wide.csv": "aeb8bad860db92863af8c5db289eb426dcf765061783264e1a527cd39dac9553"}}
candidate_id,decision_id,trade_id,availability_ts_utc,entry_price_points,tick_size,trading_date,source_eod_date,source_file_sha256,levels,regime,total_net_gex,gex_percentile_1y,implied_move_points,selected_instrument_id,roll_flag,context_available,unavailable_reason,slot_chicago,hvl_side,nearest_above_names,nearest_above_points,nearest_above_distance_points,nearest_above_distance_implied,nearest_below_names,nearest_below_points,nearest_below_distance_points,nearest_below_distance_implied,nearest_support_is_gex1,nearest_support_universe,opening_move_signed,opening_move_abs,regime_gate_blocked,nearest_support_gate_blocked,gate_status,entry_session
ef505f13-befc-59af-a769-41dc3e2fdf61,88012272-be47-5ea2-884c-06031a4aa927,1741009c-b3ee-5183-83f7-c5b5610e406b,2025-06-05T10:32:00+00:00,21802.75,0.25,2025-06-05,,aeb8bad860db92863af8c5db289eb426dcf765061783264e1a527cd39dac9553,"{""Call Resistance"": null, ""Put Support"": null, ""HVL"": null, ""1D Min"": null, ""1D Max"": null, ""Call Resistance 0DTE"": null, ""Put Support 0DTE"": null, ""HVL 0DTE"": null, ""Gamma Wall 0DTE"": null, ""GEX 1"": null, ""GEX 2"": null, ""GEX 3"": null, ""GEX 4"": null, ""GEX 5"": null, ""GEX 6"": null, ""GEX 7"": null, ""GEX 8"": null, ""GEX 9"": null, ""GEX 10"": null}",unknown,,,,42005804,False,False,before_0600,outside_cash,,,,,,,,,,,studied_8,,,,,not_applicable_outside_hours,london
15574fbe-f4c7-58e4-b9af-acda13f11aab,,,2025-06-05T10:32:00+00:00,21802.75,0.25,2025-06-05,,aeb8bad860db92863af8c5db289eb426dcf765061783264e1a527cd39dac9553,"{""Call Resistance"": null, ""Put Support"": null, ""HVL"": null, ""1D Min"": null, ""1D Max"": null, ""Call Resistance 0DTE"": null, ""Put Support 0DTE"": null, ""HVL 0DTE"": null, ""Gamma Wall 0DTE"": null, ""GEX 1"": null, ""GEX 2"": null, ""GEX 3"": null, ""GEX 4"": null, ""GEX 5"": null, ""GEX 6"": null, ""GEX 7"": null, ""GEX 8"": null, ""GEX 9"": null, ""GEX 10"": null}",unknown,,,,42005804,False,False,before_0600,outside_cash,,,,,,,,,,,studied_8,,,,,not_applicable_outside_hours,london
47fd7891-aa9f-5a22-96a5-2811c967bdf7,,,2025-06-05T12:11:00+00:00,21772.0,0.25,2025-06-05,2025-06-04,aeb8bad860db92863af8c5db289eb426dcf765061783264e1a527cd39dac9553,"{""Call Resistance"": 21900.0, ""Put Support"": 21780.0, ""HVL"": 21790.0, ""1D Min"": 21511.15, ""1D Max"": 21984.85, ""Call Resistance 0DTE"": 21900.0, ""Put Support 0DTE"": 21750.0, ""HVL 0DTE"": 21790.0, ""Gamma Wall 0DTE"": 21900.0, ""GEX 1"": 21800.0, ""GEX 2"": 21850.0, ""GEX 3"": 21910.0, ""GEX 4"": 21950.0, ""GEX 5"": 21890.0, ""GEX 6"": 22000.0, ""GEX 7"": 21500.0, ""GEX 8"": 21300.0, ""GEX 9"": 22100.0, ""GEX 10"": 22050.0}",positive,2265368.8647174663,0.5254237288135594,236.84999999999854,42005804,False,True,,outside_cash,below,Put Support,21780.0,8.0,0.03377665188938167,1D Min,21511.15,260.84999999999854,1.101329955668145,False,studied_8,0.07388642600802241,0.07388642600802241,False,False,evaluated,ny
f823c893-ac8b-5591-9753-8443b304fef4,4b53baca-b411-5db7-8582-7bf17ad32983,7ab4715c-0229-55f3-b052-f4b7cf757d3f,2025-06-05T12:14:00+00:00,21779.75,0.25,2025-06-05,2025-06-04,aeb8bad860db92863af8c5db289eb426dcf765061783264e1a527cd39dac9553,"{""Call Resistance"": 21900.0, ""Put Support"": 21780.0, ""HVL"": 21790.0, ""1D Min"": 21511.15, ""1D Max"": 21984.85, ""Call Resistance 0DTE"": 21900.0, ""Put Support 0DTE"": 21750.0, ""HVL 0DTE"": 21790.0, ""Gamma Wall 0DTE"": 21900.0, ""GEX 1"": 21800.0, ""GEX 2"": 21850.0, ""GEX 3"": 21910.0, ""GEX 4"": 21950.0, ""GEX 5"": 21890.0, ""GEX 6"": 22000.0, ""GEX 7"": 21500.0, ""GEX 8"": 21300.0, ""GEX 9"": 22100.0, ""GEX 10"": 22050.0}",positive,2265368.8647174663,0.5254237288135594,236.84999999999854,42005804,False,True,,outside_cash,below,Put Support,21780.0,0.25,0.0010555203715431772,1D Min,21511.15,268.59999999999854,1.1340510871859835,False,studied_8,0.09605235381042913,0.09605235381042913,False,False,evaluated,ny
eba9678c-3fc9-58b4-82ec-d47660dd52a5,41fd9e90-c651-50af-bfaf-f40c0702ada8,64508529-435e-5020-ad9e-be48a7dd241c,2025-06-06T09:55:00+00:00,21684.5,0.25,2025-06-06,,aeb8bad860db92863af8c5db289eb426dcf765061783264e1a527cd39dac9553,"{""Call Resistance"": null, ""Put Support"": null, ""HVL"": null, ""1D Min"": null, ""1D Max"": null, ""Call Resistance 0DTE"": null, ""Put Support 0DTE"": null, ""HVL 0DTE"": null, ""Gamma Wall 0DTE"": null, ""GEX 1"": null, ""GEX 2"": null, ""GEX 3"": null, ""GEX 4"": null, ""GEX 5"": null, ""GEX 6"": null, ""GEX 7"": null, ""GEX 8"": null, ""GEX 9"": null, ""GEX 10"": null}",unknown,,,,42005804,False,False,before_0600,outside_cash,,,,,,,,,,,studied_8,,,,,not_applicable_outside_hours,london
f76c901e-b8db-522c-ab0b-ca96c983b17b,,,2025-06-06T10:02:00+00:00,21673.75,0.25,2025-06-06,,aeb8bad860db92863af8c5db289eb426dcf765061783264e1a527cd39dac9553,"{""Call Resistance"": null, ""Put Support"": null, ""HVL"": null, ""1D Min"": null, ""1D Max"": null, ""Call Resistance 0DTE"": null, ""Put Support 0DTE"": null, ""HVL 0DTE"": null, ""Gamma Wall 0DTE"": null, ""GEX 1"": null, ""GEX 2"": null, ""GEX 3"": null, ""GEX 4"": null, ""GEX 5"": null, ""GEX 6"": null, ""GEX 7"": null, ""GEX 8"": null, ""GEX 9"": null, ""GEX 10"": null}",unknown,,,,42005804,False,False,before_0600,outside_cash,,,,,,,,,,,studied_8,,,,,not_applicable_outside_hours,london
0f2955cd-8781-5213-894e-d085a68053a9,,,2025-06-06T10:21:00+00:00,21688.0,0.25,2025-06-06,,aeb8bad860db92863af8c5db289eb426dcf765061783264e1a527cd39dac9553,"{""Call Resistance"": null, ""Put Support"": null, ""HVL"": null, ""1D Min"": null, ""1D Max"": null, ""Call Resistance 0DTE"": null, ""Put Support 0DTE"": null, ""HVL 0DTE"": null, ""Gamma Wall 0DTE"": null, ""GEX 1"": null, ""GEX 2"": null, ""GEX 3"": null, ""GEX 4"": null, ""GEX 5"": null, ""GEX 6"": null, ""GEX 7"": null, ""GEX 8"": null, ""GEX 9"": null, ""GEX 10"": null}",unknown,,,,42005804,False,False,before_0600,outside_cash,,,,,,,,,,,studied_8,,,,,not_applicable_outside_hours,london
f03794c8-5a0f-560c-90a8-a2b2c925dc5c,,,2025-06-06T10:40:00+00:00,21676.0,0.25,2025-06-06,,aeb8bad860db92863af8c5db289eb426dcf765061783264e1a527cd39dac9553,"{""Call Resistance"": null, ""Put Support"": null, ""HVL"": null, ""1D Min"": null, ""1D Max"": null, ""Call Resistance 0DTE"": null, ""Put Support 0DTE"": null, ""HVL 0DTE"": null, ""Gamma Wall 0DTE"": null, ""GEX 1"": null, ""GEX 2"": null, ""GEX 3"": null, ""GEX 4"": null, ""GEX 5"": null, ""GEX 6"": null, ""GEX 7"": null, ""GEX 8"": null, ""GEX 9"": null, ""GEX 10"": null}",unknown,,,,42005804,False,False,before_0600,outside_cash,,,,,,,,,,,studied_8,,,,,not_applicable_outside_hours,london
88737a2a-abd0-5677-bf6d-385c1358d1e7,b839fe0b-f82c-5e02-ba8b-9d269fde9962,143fbf94-fe6a-5e92-8778-297ab6b92649,2025-06-10T03:54:00+00:00,21943.75,0.25,2025-06-09,,aeb8bad860db92863af8c5db289eb426dcf765061783264e1a527cd39dac9553,"{""Call Resistance"": null, ""Put Support"": null, ""HVL"": null, ""1D Min"": null, ""1D Max"": null, ""Call Resistance 0DTE"": null, ""Put Support 0DTE"": null, ""HVL 0DTE"": null, ""Gamma Wall 0DTE"": null, ""GEX 1"": null, ""GEX 2"": null, ""GEX 3"": null, ""GEX 4"": null, ""GEX 5"": null, ""GEX 6"": null, ""GEX 7"": null, ""GEX 8"": null, ""GEX 9"": null, ""GEX 10"": null}",unknown,,,,42005804,False,False,after_1700,outside_cash,,,,,,,,,,,studied_8,,,,,not_applicable_outside_hours,asia
09d2cf85-3f7e-5158-9abe-d5ac64b6dabe,,,2025-06-10T03:56:00+00:00,21942.0,0.25,2025-06-09,,aeb8bad860db92863af8c5db289eb426dcf765061783264e1a527cd39dac9553,"{""Call Resistance"": null, ""Put Support"": null, ""HVL"": null, ""1D Min"": null, ""1D Max"": null, ""Call Resistance 0DTE"": null, ""Put Support 0DTE"": null, ""HVL 0DTE"": null, ""Gamma Wall 0DTE"": null, ""GEX 1"": null, ""GEX 2"": null, ""GEX 3"": null, ""GEX 4"": null, ""GEX 5"": null, ""GEX 6"": null, ""GEX 7"": null, ""GEX 8"": null, ""GEX 9"": null, ""GEX 10"": null}",unknown,,,,42005804,False,False,after_1700,outside_cash,,,,,,,,,,,studied_8,,,,,not_applicable_outside_hours,asia
e265cf82-0391-52c4-9b5b-fdf4e90a3577,,,2025-06-18T05:55:00+00:00,21987.75,0.25,2025-06-18,,aeb8bad860db92863af8c5db289eb426dcf765061783264e1a527cd39dac9553,"{""Call Resistance"": null, ""Put Support"": null, ""HVL"": null, ""1D Min"": null, ""1D Max"": null, ""Call Resistance 0DTE"": null, ""Put Support 0DTE"": null, ""HVL 0DTE"": null, ""Gamma Wall 0DTE"": null, ""GEX 1"": null, ""GEX 2"": null, ""GEX 3"": null, ""GEX 4"": null, ""GEX 5"": null, ""GEX 6"": null, ""GEX 7"": null, ""GEX 8"": null, ""GEX 9"": null, ""GEX 10"": null}",unknown,,,,42008487,False,False,before_0600,outside_cash,,,,,,,,,,,studied_8,,,,,not_applicable_outside_hours,none
99ceb486-c144-568c-a502-9a6f8ab51a35,,,2025-06-18T05:56:00+00:00,21987.75,0.25,2025-06-18,,aeb8bad860db92863af8c5db289eb426dcf765061783264e1a527cd39dac9553,"{""Call Resistance"": null, ""Put Support"": null, ""HVL"": null, ""1D Min"": null, ""1D Max"": null, ""Call Resistance 0DTE"": null, ""Put Support 0DTE"": null, ""HVL 0DTE"": null, ""Gamma Wall 0DTE"": null, ""GEX 1"": null, ""GEX 2"": null, ""GEX 3"": null, ""GEX 4"": null, ""GEX 5"": null, ""GEX 6"": null, ""GEX 7"": null, ""GEX 8"": null, ""GEX 9"": null, ""GEX 10"": null}",unknown,,,,42008487,False,False,before_0600,outside_cash,,,,,,,,,,,studied_8,,,,,not_applicable_outside_hours,none
2b314d59-a48a-51ca-b654-372c6e38a908,,,2025-06-18T06:02:00+00:00,21987.5,0.25,2025-06-18,,aeb8bad860db92863af8c5db289eb426dcf765061783264e1a527cd39dac9553,"{""Call Resistance"": null, ""Put Support"": null, ""HVL"": null, ""1D Min"": null, ""1D Max"": null, ""Call Resistance 0DTE"": null, ""Put Support 0DTE"": null, ""HVL 0DTE"": null, ""Gamma Wall 0DTE"": null, ""GEX 1"": null, ""GEX 2"": null, ""GEX 3"": null, ""GEX 4"": null, ""GEX 5"": null, ""GEX 6"": null, ""GEX 7"": null, ""GEX 8"": null, ""GEX 9"": null, ""GEX 10"": null}",unknown,,,,42008487,False,False,before_0600,outside_cash,,,,,,,,,,,studied_8,,,,,not_applicable_outside_hours,london
70870cce-9662-5fa4-a087-8f53ceb57255,04174815-f6cc-5cff-bd67-4afc0befafe1,8453e238-61b2-54fa-bdfe-b7b78091d818,2025-06-18T06:10:00+00:00,22000.75,0.25,2025-06-18,,aeb8bad860db92863af8c5db289eb426dcf765061783264e1a527cd39dac9553,"{""Call Resistance"": null, ""Put Support"": null, ""HVL"": null, ""1D Min"": null, ""1D Max"": null, ""Call Resistance 0DTE"": null, ""Put Support 0DTE"": null, ""HVL 0DTE"": null, ""Gamma Wall 0DTE"": null, ""GEX 1"": null, ""GEX 2"": null, ""GEX 3"": null, ""GEX 4"": null, ""GEX 5"": null, ""GEX 6"": null, ""GEX 7"": null, ""GEX 8"": null, ""GEX 9"": null, ""GEX 10"": null}",unknown,,,,42008487,False,False,before_0600,outside_cash,,,,,,,,,,,studied_8,,,,,not_applicable_outside_hours,london
e670d8be-fc60-5b32-934d-58dca4140caa,,,2025-06-18T06:11:00+00:00,22000.75,0.25,2025-06-18,,aeb8bad860db92863af8c5db289eb426dcf765061783264e1a527cd39dac9553,"{""Call Resistance"": null, ""Put Support"": null, ""HVL"": null, ""1D Min"": null, ""1D Max"": null, ""Call Resistance 0DTE"": null, ""Put Support 0DTE"": null, ""HVL 0DTE"": null, ""Gamma Wall 0DTE"": null, ""GEX 1"": null, ""GEX 2"": null, ""GEX 3"": null, ""GEX 4"": null, ""GEX 5"": null, ""GEX 6"": null, ""GEX 7"": null, ""GEX 8"": null, ""GEX 9"": null, ""GEX 10"": null}",unknown,,,,42008487,False,False,before_0600,outside_cash,,,,,,,,,,,studied_8,,,,,not_applicable_outside_hours,london
b3ed2488-0da5-599b-a671-060999aaada5,,,2025-06-18T06:13:00+00:00,22010.25,0.25,2025-06-18,,aeb8bad860db92863af8c5db289eb426dcf765061783264e1a527cd39dac9553,"{""Call Resistance"": null, ""Put Support"": null, ""HVL"": null, ""1D Min"": null, ""1D Max"": null, ""Call Resistance 0DTE"": null, ""Put Support 0DTE"": null, ""HVL 0DTE"": null, ""Gamma Wall 0DTE"": null, ""GEX 1"": null, ""GEX 2"": null, ""GEX 3"": null, ""GEX 4"": null, ""GEX 5"": null, ""GEX 6"": null, ""GEX 7"": null, ""GEX 8"": null, ""GEX 9"": null, ""GEX 10"": null}",unknown,,,,42008487,False,False,before_0600,outside_cash,,,,,,,,,,,studied_8,,,,,not_applicable_outside_hours,london
fc6da961-c135-56d7-86da-60280727599b,,,2025-06-18T06:24:00+00:00,22009.0,0.25,2025-06-18,,aeb8bad860db92863af8c5db289eb426dcf765061783264e1a527cd39dac9553,"{""Call Resistance"": null, ""Put Support"": null, ""HVL"": null, ""1D Min"": null, ""1D Max"": null, ""Call Resistance 0DTE"": null, ""Put Support 0DTE"": null, ""HVL 0DTE"": null, ""Gamma Wall 0DTE"": null, ""GEX 1"": null, ""GEX 2"": null, ""GEX 3"": null, ""GEX 4"": null, ""GEX 5"": null, ""GEX 6"": null, ""GEX 7"": null, ""GEX 8"": null, ""GEX 9"": null, ""GEX 10"": null}",unknown,,,,42008487,False,False,before_0600,outside_cash,,,,,,,,,,,studied_8,,,,,not_applicable_outside_hours,london
3141ce17-3cb8-5701-85ab-583f8bb1c15e,,,2025-06-18T06:28:00+00:00,22015.0,0.25,2025-06-18,,aeb8bad860db92863af8c5db289eb426dcf765061783264e1a527cd39dac9553,"{""Call Resistance"": null, ""Put Support"": null, ""HVL"": null, ""1D Min"": null, ""1D Max"": null, ""Call Resistance 0DTE"": null, ""Put Support 0DTE"": null, ""HVL 0DTE"": null, ""Gamma Wall 0DTE"": null, ""GEX 1"": null, ""GEX 2"": null, ""GEX 3"": null, ""GEX 4"": null, ""GEX 5"": null, ""GEX 6"": null, ""GEX 7"": null, ""GEX 8"": null, ""GEX 9"": null, ""GEX 10"": null}",unknown,,,,42008487,False,False,before_0600,outside_cash,,,,,,,,,,,studied_8,,,,,not_applicable_outside_hours,london
c3660858-1588-5d7e-9a45-b298b14370de,13347bcf-69a0-5f6f-b763-e57346f42bbb,d1720f74-3e50-5adf-afd8-1b96f15b8d93,2025-06-20T16:21:00+00:00,21857.5,0.25,2025-06-20,2025-06-19,aeb8bad860db92863af8c5db289eb426dcf765061783264e1a527cd39dac9553,"{""Call Resistance"": 22500.0, ""Put Support"": 21300.0, ""HVL"": 21675.0, ""1D Min"": 21565.5, ""1D Max"": 21840.5, ""Call Resistance 0DTE"": 21700.0, ""Put Support 0DTE"": 21450.0, ""HVL 0DTE"": 21675.0, ""Gamma Wall 0DTE"": 21700.0, ""GEX 1"": 21750.0, ""GEX 2"": 21800.0, ""GEX 3"": 21600.0, ""GEX 4"": 21650.0, ""GEX 5"": 21575.0, ""GEX 6"": 21900.0, ""GEX 7"": 21500.0, ""GEX 8"": 21950.0, ""GEX 9"": 21940.0, ""GEX 10"": 21860.0}",unknown,,,137.5,42008487,False,True,,s2_1000_1200,above,Call Resistance,22500.0,642.5,4.672727272727273,1D Max,21840.5,17.0,0.12363636363636364,False,studied_8,1.1636363636363636,1.1636363636363636,False,False,context_unavailable,ny
61851d33-6553-52cd-9ae4-6fe4d2ef0334,,,2025-06-20T16:24:00+00:00,21848.75,0.25,2025-06-20,2025-06-19,aeb8bad860db92863af8c5db289eb426dcf765061783264e1a527cd39dac9553,"{""Call Resistance"": 22500.0, ""Put Support"": 21300.0, ""HVL"": 21675.0, ""1D Min"": 21565.5, ""1D Max"": 21840.5, ""Call Resistance 0DTE"": 21700.0, ""Put Support 0DTE"": 21450.0, ""HVL 0DTE"": 21675.0, ""Gamma Wall 0DTE"": 21700.0, ""GEX 1"": 21750.0, ""GEX 2"": 21800.0, ""GEX 3"": 21600.0, ""GEX 4"": 21650.0, ""GEX 5"": 21575.0, ""GEX 6"": 21900.0, ""GEX 7"": 21500.0, ""GEX 8"": 21950.0, ""GEX 9"": 21940.0, ""GEX 10"": 21860.0}",unknown,,,137.5,42008487,False,True,,s2_1000_1200,above,Call Resistance,22500.0,651.25,4.736363636363636,1D Max,21840.5,8.25,0.06,False,studied_8,1.1509090909090909,1.1509090909090909,False,False,context_unavailable,ny
0e187920-9d60-5795-b885-9f9f5af3753a,,,2025-06-20T19:34:00+00:00,21822.0,0.25,2025-06-20,2025-06-19,aeb8bad860db92863af8c5db289eb426dcf765061783264e1a527cd39dac9553,"{""Call Resistance"": 22500.0, ""Put Support"": 21300.0, ""HVL"": 21675.0, ""1D Min"": 21565.5, ""1D Max"": 21840.5, ""Call Resistance 0DTE"": 21700.0, ""Put Support 0DTE"": 21450.0, ""HVL 0DTE"": 21675.0, ""Gamma Wall 0DTE"": 21700.0, ""GEX 1"": 21750.0, ""GEX 2"": 21800.0, ""GEX 3"": 21600.0, ""GEX 4"": 21650.0, ""GEX 5"": 21575.0, ""GEX 6"": 21900.0, ""GEX 7"": 21500.0, ""GEX 8"": 21950.0, ""GEX 9"": 21940.0, ""GEX 10"": 21860.0}",unknown,,,137.5,42008487,False,True,,s4_1330_1510,above,1D Max,21840.5,18.5,0.13454545454545455,GEX 2,21800.0,22.0,0.16,False,studied_8,0.8472727272727273,0.8472727272727273,False,False,context_unavailable,none
9f91ca9f-0d1b-535f-84b8-d53faa8168a9,,,2025-06-20T19:57:00+00:00,21845.75,0.25,2025-06-20,2025-06-19,aeb8bad860db92863af8c5db289eb426dcf765061783264e1a527cd39dac9553,"{""Call Resistance"": 22500.0, ""Put Support"": 21300.0, ""HVL"": 21675.0, ""1D Min"": 21565.5, ""1D Max"": 21840.5, ""Call Resistance 0DTE"": 21700.0, ""Put Support 0DTE"": 21450.0, ""HVL 0DTE"": 21675.0, ""Gamma Wall 0DTE"": 21700.0, ""GEX 1"": 21750.0, ""GEX 2"": 21800.0, ""GEX 3"": 21600.0, ""GEX 4"": 21650.0, ""GEX 5"": 21575.0, ""GEX 6"": 21900.0, ""GEX 7"": 21500.0, ""GEX 8"": 21950.0, ""GEX 9"": 21940.0, ""GEX 10"": 21860.0}",unknown,,,137.5,42008487,False,True,,s4_1330_1510,above,Call Resistance,22500.0,654.25,4.758181818181818,1D Max,21840.5,5.25,0.038181818181818185,False,studied_8,1.0436363636363637,1.0436363636363637,False,False,context_unavailable,none
5c295db0-0b52-5128-a8ce-28f11b3b2dbd,e3e6e390-7af1-550a-b21f-501a986eb0b5,8b06b3ef-2503-55f1-94a3-6e01e003c01c,2025-06-20T20:02:00+00:00,21893.25,0.25,2025-06-20,2025-06-19,aeb8bad860db92863af8c5db289eb426dcf765061783264e1a527cd39dac9553,"{""Call Resistance"": 22500.0, ""Put Support"": 21300.0, ""HVL"": 21675.0, ""1D Min"": 21565.5, ""1D Max"": 21840.5, ""Call Resistance 0DTE"": 21700.0, ""Put Support 0DTE"": 21450.0, ""HVL 0DTE"": 21675.0, ""Gamma Wall 0DTE"": 21700.0, ""GEX 1"": 21750.0, ""GEX 2"": 21800.0, ""GEX 3"": 21600.0, ""GEX 4"": 21650.0, ""GEX 5"": 21575.0, ""GEX 6"": 21900.0, ""GEX 7"": 21500.0, ""GEX 8"": 21950.0, ""GEX 9"": 21940.0, ""GEX 10"": 21860.0}",unknown,,,137.5,42008487,False,True,,s4_1330_1510,above,Call Resistance,22500.0,606.75,4.412727272727273,1D Max,21840.5,52.75,0.3836363636363636,False,studied_8,1.3109090909090908,1.3109090909090908,False,False,context_unavailable,asia
fb36f864-f908-5582-99a4-310f17b83789,,,2025-06-20T20:16:00+00:00,21864.25,0.25,2025-06-20,2025-06-19,aeb8bad860db92863af8c5db289eb426dcf765061783264e1a527cd39dac9553,"{""Call Resistance"": 22500.0, ""Put Support"": 21300.0, ""HVL"": 21675.0, ""1D Min"": 21565.5, ""1D Max"": 21840.5, ""Call Resistance 0DTE"": 21700.0, ""Put Support 0DTE"": 21450.0, ""HVL 0DTE"": 21675.0, ""Gamma Wall 0DTE"": 21700.0, ""GEX 1"": 21750.0, ""GEX 2"": 21800.0, ""GEX 3"": 21600.0, ""GEX 4"": 21650.0, ""GEX 5"": 21575.0, ""GEX 6"": 21900.0, ""GEX 7"": 21500.0, ""GEX 8"": 21950.0, ""GEX 9"": 21940.0, ""GEX 10"": 21860.0}",unknown,,,137.5,42008487,False,True,,outside_cash,above,Call Resistance,22500.0,635.75,4.623636363636364,1D Max,21840.5,23.75,0.17272727272727273,False,studied_8,1.1436363636363636,1.1436363636363636,False,False,context_unavailable,asia
6c7f01fc-c146-5147-b865-43b8662c9e0c,,,2025-06-20T20:34:00+00:00,21867.25,0.25,2025-06-20,2025-06-19,aeb8bad860db92863af8c5db289eb426dcf765061783264e1a527cd39dac9553,"{""Call Resistance"": 22500.0, ""Put Support"": 21300.0, ""HVL"": 21675.0, ""1D Min"": 21565.5, ""1D Max"": 21840.5, ""Call Resistance 0DTE"": 21700.0, ""Put Support 0DTE"": 21450.0, ""HVL 0DTE"": 21675.0, ""Gamma Wall 0DTE"": 21700.0, ""GEX 1"": 21750.0, ""GEX 2"": 21800.0, ""GEX 3"": 21600.0, ""GEX 4"": 21650.0, ""GEX 5"": 21575.0, ""GEX 6"": 21900.0, ""GEX 7"": 21500.0, ""GEX 8"": 21950.0, ""GEX 9"": 21940.0, ""GEX 10"": 21860.0}",unknown,,,137.5,42008487,False,True,,outside_cash,above,Call Resistance,22500.0,632.75,4.601818181818182,1D Max,21840.5,26.75,0.19454545454545455,False,studied_8,1.170909090909091,1.170909090909091,False,False,context_unavailable,asia
f0975c73-9129-5ef2-bb67-5ed1c8084006,,,2025-06-20T20:47:00+00:00,21875.0,0.25,2025-06-20,2025-06-19,aeb8bad860db92863af8c5db289eb426dcf765061783264e1a527cd39dac9553,"{""Call Resistance"": 22500.0, ""Put Support"": 21300.0, ""HVL"": 21675.0, ""1D Min"": 21565.5, ""1D Max"": 21840.5, ""Call Resistance 0DTE"": 21700.0, ""Put Support 0DTE"": 21450.0, ""HVL 0DTE"": 21675.0, ""Gamma Wall 0DTE"": 21700.0, ""GEX 1"": 21750.0, ""GEX 2"": 21800.0, ""GEX 3"": 21600.0, ""GEX 4"": 21650.0, ""GEX 5"": 21575.0, ""GEX 6"": 21900.0, ""GEX 7"": 21500.0, ""GEX 8"": 21950.0, ""GEX 9"": 21940.0, ""GEX 10"": 21860.0}",unknown,,,137.5,42008487,False,True,,outside_cash,above,Call Resistance,22500.0,625.0,4.545454545454546,1D Max,21840.5,34.5,0.2509090909090909,False,studied_8,1.2472727272727273,1.2472727272727273,False,False,context_unavailable,asia
ae57c046-577d-5c1a-b2c1-92c039cc4dfc,,,2025-06-23T12:16:00+00:00,21848.0,0.25,2025-06-23,2025-06-20,aeb8bad860db92863af8c5db289eb426dcf765061783264e1a527cd39dac9553,"{""Call Resistance"": 22500.0, ""Put Support"": 21500.0, ""HVL"": 21950.0, ""1D Min"": 21611.08, ""1D Max"": 22136.92, ""Call Resistance 0DTE"": 22200.0, ""Put Support 0DTE"": 21300.0, ""HVL 0DTE"": 22030.0, ""Gamma Wall 0DTE"": 22200.0, ""GEX 1"": 21800.0, ""GEX 2"": 21900.0, ""GEX 3"": 21850.0, ""GEX 4"": 22100.0, ""GEX 5"": 21700.0, ""GEX 6"": 22250.0, ""GEX 7"": 22300.0, ""GEX 8"": 21600.0, ""GEX 9"": 21400.0, ""GEX 10"": 21550.0}",positive,65359.33591154963,0.3024193548387097,262.91999999999825,42008487,False,True,,outside_cash,below,GEX 3,21850.0,2.0,0.007606876616461332,GEX 1,21800.0,48.0,0.18256503879507197,True,studied_8,-0.07321618743344031,0.07321618743344031,False,True,evaluated,ny
65506070-1960-59a2-9692-8a1527f1a2a1,,,2025-06-23T12:21:00+00:00,21836.5,0.25,2025-06-23,2025-06-20,aeb8bad860db92863af8c5db289eb426dcf765061783264e1a527cd39dac9553,"{""Call Resistance"": 22500.0, ""Put Support"": 21500.0, ""HVL"": 21950.0, ""1D Min"": 21611.08, ""1D Max"": 22136.92, ""Call Resistance 0DTE"": 22200.0, ""Put Support 0DTE"": 21300.0, ""HVL 0DTE"": 22030.0, ""Gamma Wall 0DTE"": 22200.0, ""GEX 1"": 21800.0, ""GEX 2"": 21900.0, ""GEX 3"": 21850.0, ""GEX 4"": 22100.0, ""GEX 5"": 21700.0, ""GEX 6"": 22250.0, ""GEX 7"": 22300.0, ""GEX 8"": 21600.0, ""GEX 9"": 21400.0, ""GEX 10"": 21550.0}",positive,65359.33591154963,0.3024193548387097,262.91999999999825,42008487,False,True,,outside_cash,below,GEX 3,21850.0,13.5,0.05134641716111399,GEX 1,21800.0,36.5,0.1388254982504193,True,studied_8,-0.09888939601399731,0.09888939601399731,False,True,evaluated,ny
c0ca6194-0c1b-5a5f-b436-8b5b3b232c6d,,,2025-06-23T12:27:00+00:00,21849.0,0.25,2025-06-23,2025-06-20,aeb8bad860db92863af8c5db289eb426dcf765061783264e1a527cd39dac9553,"{""Call Resistance"": 22500.0, ""Put Support"": 21500.0, ""HVL"": 21950.0, ""1D Min"": 21611.08, ""1D Max"": 22136.92, ""Call Resistance 0DTE"": 22200.0, ""Put Support 0DTE"": 21300.0, ""HVL 0DTE"": 22030.0, ""Gamma Wall 0DTE"": 22200.0, ""GEX 1"": 21800.0, ""GEX 2"": 21900.0, ""GEX 3"": 21850.0, ""GEX 4"": 22100.0, ""GEX 5"": 21700.0, ""GEX 6"": 22250.0, ""GEX 7"": 22300.0, ""GEX 8"": 21600.0, ""GEX 9"": 21400.0, ""GEX 10"": 21550.0}",positive,65359.33591154963,0.3024193548387097,262.91999999999825,42008487,False,True,,outside_cash,below,GEX 3,21850.0,1.0,0.003803438308230666,GEX 1,21800.0,49.0,0.18636847710330262,True,studied_8,-0.060855012931690655,0.060855012931690655,False,True,evaluated,ny
c27034c5-be11-565c-a893-12793b474124,,,2025-06-23T12:33:00+00:00,21848.0,0.25,2025-06-23,2025-06-20,aeb8bad860db92863af8c5db289eb426dcf765061783264e1a527cd39dac9553,"{""Call Resistance"": 22500.0, ""Put Support"": 21500.0, ""HVL"": 21950.0, ""1D Min"": 21611.08, ""1D Max"": 22136.92, ""Call Resistance 0DTE"": 22200.0, ""Put Support 0DTE"": 21300.0, ""HVL 0DTE"": 22030.0, ""Gamma Wall 0DTE"": 22200.0, ""GEX 1"": 21800.0, ""GEX 2"": 21900.0, ""GEX 3"": 21850.0, ""GEX 4"": 22100.0, ""GEX 5"": 21700.0, ""GEX 6"": 22250.0, ""GEX 7"": 22300.0, ""GEX 8"": 21600.0, ""GEX 9"": 21400.0, ""GEX 10"": 21550.0}",positive,65359.33591154963,0.3024193548387097,262.91999999999825,42008487,False,True,,outside_cash,below,GEX 3,21850.0,2.0,0.007606876616461332,GEX 1,21800.0,48.0,0.18256503879507197,True,studied_8,-0.07606876616461332,0.07606876616461332,False,True,evaluated,ny
897f2030-8085-5337-b929-398e76ddb4ed,567b1475-b6d2-5b02-a764-aeaa30ae28cd,550c8a06-bfcb-52b9-b100-4b1caa0f6dba,2025-06-23T12:34:00+00:00,21854.0,0.25,2025-06-23,2025-06-20,aeb8bad860db92863af8c5db289eb426dcf765061783264e1a527cd39dac9553,"{""Call Resistance"": 22500.0, ""Put Support"": 21500.0, ""HVL"": 21950.0, ""1D Min"": 21611.08, ""1D Max"": 22136.92, ""Call Resistance 0DTE"": 22200.0, ""Put Support 0DTE"": 21300.0, ""HVL 0DTE"": 22030.0, ""Gamma Wall 0DTE"": 22200.0, ""GEX 1"": 21800.0, ""GEX 2"": 21900.0, ""GEX 3"": 21850.0, ""GEX 4"": 22100.0, ""GEX 5"": 21700.0, ""GEX 6"": 22250.0, ""GEX 7"": 22300.0, ""GEX 8"": 21600.0, ""GEX 9"": 21400.0, ""GEX 10"": 21550.0}",positive,65359.33591154963,0.3024193548387097,262.91999999999825,42008487,False,True,,outside_cash,below,GEX 2,21900.0,46.0,0.17495816217861063,GEX 3,21850.0,4.0,0.015213753232922664,False,studied_8,-0.059904153354632984,0.059904153354632984,False,False,evaluated,ny
54474f34-4e44-5772-a372-048c31dd48d9,,,2025-06-23T12:35:00+00:00,21857.75,0.25,2025-06-23,2025-06-20,aeb8bad860db92863af8c5db289eb426dcf765061783264e1a527cd39dac9553,"{""Call Resistance"": 22500.0, ""Put Support"": 21500.0, ""HVL"": 21950.0, ""1D Min"": 21611.08, ""1D Max"": 22136.92, ""Call Resistance 0DTE"": 22200.0, ""Put Support 0DTE"": 21300.0, ""HVL 0DTE"": 22030.0, ""Gamma Wall 0DTE"": 22200.0, ""GEX 1"": 21800.0, ""GEX 2"": 21900.0, ""GEX 3"": 21850.0, ""GEX 4"": 22100.0, ""GEX 5"": 21700.0, ""GEX 6"": 22250.0, ""GEX 7"": 22300.0, ""GEX 8"": 21600.0, ""GEX 9"": 21400.0, ""GEX 10"": 21550.0}",positive,65359.33591154963,0.3024193548387097,262.91999999999825,42008487,False,True,,outside_cash,below,GEX 2,21900.0,42.25,0.16069526852274563,GEX 3,21850.0,7.75,0.02947664688878766,False,studied_8,-0.036132663928191325,0.036132663928191325,False,False,evaluated,ny
0919fe55-4ea1-5dd6-8e2b-5ea5c539aa2b,,,2025-06-23T12:36:00+00:00,21857.25,0.25,2025-06-23,2025-06-20,aeb8bad860db92863af8c5db289eb426dcf765061783264e1a527cd39dac9553,"{""Call Resistance"": 22500.0, ""Put Support"": 21500.0, ""HVL"": 21950.0, ""1D Min"": 21611.08, ""1D Max"": 22136.92, ""Call Resistance 0DTE"": 22200.0, ""Put Support 0DTE"": 21300.0, ""HVL 0DTE"": 22030.0, ""Gamma Wall 0DTE"": 22200.0, ""GEX 1"": 21800.0, ""GEX 2"": 21900.0, ""GEX 3"": 21850.0, ""GEX 4"": 22100.0, ""GEX 5"": 21700.0, ""GEX 6"": 22250.0, ""GEX 7"": 22300.0, ""GEX 8"": 21600.0, ""GEX 9"": 21400.0, ""GEX 10"": 21550.0}",positive,65359.33591154963,0.3024193548387097,262.91999999999825,42008487,False,True,,outside_cash,below,GEX 2,21900.0,42.75,0.16259698767686095,GEX 3,21850.0,7.25,0.027574927734672326,False,studied_8,-0.02186977027232633,0.02186977027232633,False,False,evaluated,ny
d01b88cd-a2cd-5504-8c21-2055b3908501,,,2025-06-23T12:52:00+00:00,21875.75,0.25,2025-06-23,2025-06-20,aeb8bad860db92863af8c5db289eb426dcf765061783264e1a527cd39dac9553,"{""Call Resistance"": 22500.0, ""Put Support"": 21500.0, ""HVL"": 21950.0, ""1D Min"": 21611.08, ""1D Max"": 22136.92, ""Call Resistance 0DTE"": 22200.0, ""Put Support 0DTE"": 21300.0, ""HVL 0DTE"": 22030.0, ""Gamma Wall 0DTE"": 22200.0, ""GEX 1"": 21800.0, ""GEX 2"": 21900.0, ""GEX 3"": 21850.0, ""GEX 4"": 22100.0, ""GEX 5"": 21700.0, ""GEX 6"": 22250.0, ""GEX 7"": 22300.0, ""GEX 8"": 21600.0, ""GEX 9"": 21400.0, ""GEX 10"": 21550.0}",positive,65359.33591154963,0.3024193548387097,262.91999999999825,42008487,False,True,,outside_cash,below,GEX 2,21900.0,24.25,0.09223337897459365,GEX 3,21850.0,25.75,0.09793853643693964,False,studied_8,0.04088696181347966,0.04088696181347966,False,False,evaluated,ny
67407aa2-3450-5461-9649-0796d2a6f9b5,,,2025-06-23T12:58:00+00:00,21880.0,0.25,2025-06-23,2025-06-20,aeb8bad860db92863af8c5db289eb426dcf765061783264e1a527cd39dac9553,"{""Call Resistance"": 22500.0, ""Put Support"": 21500.0, ""HVL"": 21950.0, ""1D Min"": 21611.08, ""1D Max"": 22136.92, ""Call Resistance 0DTE"": 22200.0, ""Put Support 0DTE"": 21300.0, ""HVL 0DTE"": 22030.0, ""Gamma Wall 0DTE"": 22200.0, ""GEX 1"": 21800.0, ""GEX 2"": 21900.0, ""GEX 3"": 21850.0, ""GEX 4"": 22100.0, ""GEX 5"": 21700.0, ""GEX 6"": 22250.0, ""GEX 7"": 22300.0, ""GEX 8"": 21600.0, ""GEX 9"": 21400.0, ""GEX 10"": 21550.0}",positive,65359.33591154963,0.3024193548387097,262.91999999999825,42008487,False,True,,outside_cash,below,GEX 2,21900.0,20.0,0.07606876616461332,GEX 3,21850.0,30.0,0.11410314924691997,False,studied_8,0.07131446827932499,0.07131446827932499,False,False,evaluated,ny
1e15fc9f-3f9c-51ef-8bc5-954a5e5d6fc8,,,2025-06-23T13:08:00+00:00,21888.5,0.25,2025-06-23,2025-06-20,aeb8bad860db92863af8c5db289eb426dcf765061783264e1a527cd39dac9553,"{""Call Resistance"": 22500.0, ""Put Support"": 21500.0, ""HVL"": 21950.0, ""1D Min"": 21611.08, ""1D Max"": 22136.92, ""Call Resistance 0DTE"": 22200.0, ""Put Support 0DTE"": 21300.0, ""HVL 0DTE"": 22030.0, ""Gamma Wall 0DTE"": 22200.0, ""GEX 1"": 21800.0, ""GEX 2"": 21900.0, ""GEX 3"": 21850.0, ""GEX 4"": 22100.0, ""GEX 5"": 21700.0, ""GEX 6"": 22250.0, ""GEX 7"": 22300.0, ""GEX 8"": 21600.0, ""GEX 9"": 21400.0, ""GEX 10"": 21550.0}",positive,65359.33591154963,0.3024193548387097,262.91999999999825,42008487,False,True,,outside_cash,below,GEX 2,21900.0,11.5,0.04373954054465266,GEX 3,21850.0,38.5,0.14643237486688063,False,studied_8,0.08842994066636298,0.08842994066636298,False,False,evaluated,ny
7f26ba16-9d75-552c-9348-7a748ae2c77e,,,2025-06-23T13:19:00+00:00,21883.75,0.25,2025-06-23,2025-06-20,aeb8bad860db92863af8c5db289eb426dcf765061783264e1a527cd39dac9553,"{""Call Resistance"": 22500.0, ""Put Support"": 21500.0, ""HVL"": 21950.0, ""1D Min"": 21611.08, ""1D Max"": 22136.92, ""Call Resistance 0DTE"": 22200.0, ""Put Support 0DTE"": 21300.0, ""HVL 0DTE"": 22030.0, ""Gamma Wall 0DTE"": 22200.0, ""GEX 1"": 21800.0, ""GEX 2"": 21900.0, ""GEX 3"": 21850.0, ""GEX 4"": 22100.0, ""GEX 5"": 21700.0, ""GEX 6"": 22250.0, ""GEX 7"": 22300.0, ""GEX 8"": 21600.0, ""GEX 9"": 21400.0, ""GEX 10"": 21550.0}",positive,65359.33591154963,0.3024193548387097,262.91999999999825,42008487,False,True,,outside_cash,below,GEX 2,21900.0,16.25,0.06180587250874832,GEX 3,21850.0,33.75,0.12836604290278497,False,studied_8,0.07797048531872865,0.07797048531872865,False,False,evaluated,ny
3028bc0f-771c-58f5-bdc7-01d1bb2b7af0,1fbcfab6-250e-529a-a5f8-2db76817b550,cd173c76-69fd-55c8-bfb8-be3cd82874ec,2025-07-01T16:33:00+00:00,22687.75,0.25,2025-07-01,2025-06-30,aeb8bad860db92863af8c5db289eb426dcf765061783264e1a527cd39dac9553,"{""Call Resistance"": 23000.0, ""Put Support"": 22875.0, ""HVL"": 22790.0, ""1D Min"": 22610.07, ""1D Max"": 23123.43, ""Call Resistance 0DTE"": 22950.0, ""Put Support 0DTE"": 22700.0, ""HVL 0DTE"": 22875.0, ""Gamma Wall 0DTE"": 22950.0, ""GEX 1"": 22900.0, ""GEX 2"": 23100.0, ""GEX 3"": 22800.0, ""GEX 4"": 22850.0, ""GEX 5"": 22890.0, ""GEX 6"": 22500.0, ""GEX 7"": 22600.0, ""GEX 8"": 23200.0, ""GEX 9"": 23300.0, ""GEX 10"": 23250.0}",positive,3981343.558812388,0.7559055118110236,256.6800000000003,42008487,False,True,,s2_1000_1200,below,HVL,22790.0,102.25,0.3983559295621002,1D Min,22610.07,77.68000000000029,0.302633629421849,False,studied_8,-0.7363253856942488,0.7363253856942488,False,False,evaluated,ny
7065dce2-63f3-579d-bcf8-2973beb7e6da,,,2025-07-01T16:34:00+00:00,22692.0,0.25,2025-07-01,2025-06-30,aeb8bad860db92863af8c5db289eb426dcf765061783264e1a527cd39dac9553,"{""Call Resistance"": 23000.0, ""Put Support"": 22875.0, ""HVL"": 22790.0, ""1D Min"": 22610.07, ""1D Max"": 23123.43, ""Call Resistance 0DTE"": 22950.0, ""Put Support 0DTE"": 22700.0, ""HVL 0DTE"": 22875.0, ""Gamma Wall 0DTE"": 22950.0, ""GEX 1"": 22900.0, ""GEX 2"": 23100.0, ""GEX 3"": 22800.0, ""GEX 4"": 22850.0, ""GEX 5"": 22890.0, ""GEX 6"": 22500.0, ""GEX 7"": 22600.0, ""GEX 8"": 23200.0, ""GEX 9"": 23300.0, ""GEX 10"": 23250.0}",positive,3981343.558812388,0.7559055118110236,256.6800000000003,42008487,False,True,,s2_1000_1200,below,HVL,22790.0,98.0,0.38179834813775865,1D Min,22610.07,81.93000000000029,0.31919121084619057,False,studied_8,-0.725611656537322,0.725611656537322,False,False,evaluated,ny
e32a6e79-260d-5d60-9f8c-df81f740a28d,,,2025-07-01T16:39:00+00:00,22708.0,0.25,2025-07-01,2025-06-30,aeb8bad860db92863af8c5db289eb426dcf765061783264e1a527cd39dac9553,"{""Call Resistance"": 23000.0, ""Put Support"": 22875.0, ""HVL"": 22790.0, ""1D Min"": 22610.07, ""1D Max"": 23123.43, ""Call Resistance 0DTE"": 22950.0, ""Put Support 0DTE"": 22700.0, ""HVL 0DTE"": 22875.0, ""Gamma Wall 0DTE"": 22950.0, ""GEX 1"": 22900.0, ""GEX 2"": 23100.0, ""GEX 3"": 22800.0, ""GEX 4"": 22850.0, ""GEX 5"": 22890.0, ""GEX 6"": 22500.0, ""GEX 7"": 22600.0, ""GEX 8"": 23200.0, ""GEX 9"": 23300.0, ""GEX 10"": 23250.0}",positive,3981343.558812388,0.7559055118110236,256.6800000000003,42008487,False,True,,s2_1000_1200,below,HVL,22790.0,82.0,0.3194639239520021,1D Min,22610.07,97.93000000000029,0.3815256350319471,False,studied_8,-0.6642512077294679,0.6642512077294679,False,False,evaluated,ny
eee18903-c7cf-5dce-b3c3-696d2e23dde6,,,2025-07-07T19:46:00+00:00,22857.25,0.25,2025-07-07,2025-07-04,aeb8bad860db92863af8c5db289eb426dcf765061783264e1a527cd39dac9553,"{""Call Resistance"": 23000.0, ""Put Support"": 22850.0, ""HVL"": 22450.0, ""1D Min"": 22864.06, ""1D Max"": 22949.44, ""Call Resistance 0DTE"": 23000.0, ""Put Support 0DTE"": 22900.0, ""HVL 0DTE"": 22600.0, ""Gamma Wall 0DTE"": 23000.0, ""GEX 1"": 22875.0, ""GEX 2"": 22920.0, ""GEX 3"": 22930.0, ""GEX 4"": 22925.0, ""GEX 5"": 22870.0, ""GEX 6"": 22825.0, ""GEX 7"": 22975.0, ""GEX 8"": 22950.0, ""GEX 9"": 22840.0, ""GEX 10"": 22830.0}",unknown,,,42.68999999999869,42008487,False,True,,s4_1330_1510,above,1D Min,22864.06,6.81000000000131,0.15952213633172918,Put Support,22850.0,7.25,0.16982899976575833,False,studied_8,-1.194659170766024,1.194659170766024,False,False,context_unavailable,none
41810de6-429c-5453-8a21-ebe4259cf43b,,,2025-07-07T19:47:00+00:00,22847.5,0.25,2025-07-07,2025-07-04,aeb8bad860db92863af8c5db289eb426dcf765061783264e1a527cd39dac9553,"{""Call Resistance"": 23000.0, ""Put Support"": 22850.0, ""HVL"": 22450.0, ""1D Min"": 22864.06, ""1D Max"": 22949.44, ""Call Resistance 0DTE"": 23000.0, ""Put Support 0DTE"": 22900.0, ""HVL 0DTE"": 22600.0, ""Gamma Wall 0DTE"": 23000.0, ""GEX 1"": 22875.0, ""GEX 2"": 22920.0, ""GEX 3"": 22930.0, ""GEX 4"": 22925.0, ""GEX 5"": 22870.0, ""GEX 6"": 22825.0, ""GEX 7"": 22975.0, ""GEX 8"": 22950.0, ""GEX 9"": 22840.0, ""GEX 10"": 22830.0}",unknown,,,42.68999999999869,42008487,False,True,,s4_1330_1510,above,Put Support,22850.0,2.5,0.05856172405715804,HVL,22450.0,397.5,9.311314125088128,False,studied_8,-1.0833918950574237,1.0833918950574237,False,False,context_unavailable,none
c5de955c-5546-551b-9193-74aa23167f63,,,2025-07-07T19:52:00+00:00,22869.0,0.25,2025-07-07,2025-07-04,aeb8bad860db92863af8c5db289eb426dcf765061783264e1a527cd39dac9553,"{""Call Resistance"": 23000.0, ""Put Support"": 22850.0, ""HVL"": 22450.0, ""1D Min"": 22864.06, ""1D Max"": 22949.44, ""Call Resistance 0DTE"": 23000.0, ""Put Support 0DTE"": 22900.0, ""HVL 0DTE"": 22600.0, ""Gamma Wall 0DTE"": 23000.0, ""GEX 1"": 22875.0, ""GEX 2"": 22920.0, ""GEX 3"": 22930.0, ""GEX 4"": 22925.0, ""GEX 5"": 22870.0, ""GEX 6"": 22825.0, ""GEX 7"": 22975.0, ""GEX 8"": 22950.0, ""GEX 9"": 22840.0, ""GEX 10"": 22830.0}",unknown,,,42.68999999999869,42008487,False,True,,s4_1330_1510,above,GEX 1,22875.0,6.0,0.1405481377371793,1D Min,22864.06,4.93999999999869,0.1157179667369136,False,studied_8,-0.808151791988781,0.808151791988781,False,False,context_unavailable,none
cb1a74ae-4d13-57b8-b9c2-b8d59dc01ee1,,,2025-07-07T19:57:00+00:00,22885.0,0.25,2025-07-07,2025-07-04,aeb8bad860db92863af8c5db289eb426dcf765061783264e1a527cd39dac9553,"{""Call Resistance"": 23000.0, ""Put Support"": 22850.0, ""HVL"": 22450.0, ""1D Min"": 22864.06, ""1D Max"": 22949.44, ""Call Resistance 0DTE"": 23000.0, ""Put Support 0DTE"": 22900.0, ""HVL 0DTE"": 22600.0, ""Gamma Wall 0DTE"": 23000.0, ""GEX 1"": 22875.0, ""GEX 2"": 22920.0, ""GEX 3"": 22930.0, ""GEX 4"": 22925.0, ""GEX 5"": 22870.0, ""GEX 6"": 22825.0, ""GEX 7"": 22975.0, ""GEX 8"": 22950.0, ""GEX 9"": 22840.0, ""GEX 10"": 22830.0}",unknown,,,42.68999999999869,42008487,False,True,,s4_1330_1510,above,GEX 2,22920.0,35.0,0.8198641368002125,GEX 1,22875.0,10.0,0.23424689622863215,True,studied_8,-0.5153431717029907,0.5153431717029907,False,True,context_unavailable,none
f02a4402-6dbd-57d1-8f5c-f3e8c6af2080,d28fca6b-dc2f-51c0-a1cc-804a6277ec23,084738d2-7622-5815-a5e8-295c737d4b19,2025-07-07T20:16:00+00:00,22858.75,0.25,2025-07-07,2025-07-04,aeb8bad860db92863af8c5db289eb426dcf765061783264e1a527cd39dac9553,"{""Call Resistance"": 23000.0, ""Put Support"": 22850.0, ""HVL"": 22450.0, ""1D Min"": 22864.06, ""1D Max"": 22949.44, ""Call Resistance 0DTE"": 23000.0, ""Put Support 0DTE"": 22900.0, ""HVL 0DTE"": 22600.0, ""Gamma Wall 0DTE"": 23000.0, ""GEX 1"": 22875.0, ""GEX 2"": 22920.0, ""GEX 3"": 22930.0, ""GEX 4"": 22925.0, ""GEX 5"": 22870.0, ""GEX 6"": 22825.0, ""GEX 7"": 22975.0, ""GEX 8"": 22950.0, ""GEX 9"": 22840.0, ""GEX 10"": 22830.0}",unknown,,,42.68999999999869,42008487,False,True,,outside_cash,above,1D Min,22864.06,5.31000000000131,0.12438510189743436,Put Support,22850.0,8.75,0.20496603420005313,False,studied_8,-1.0599672054345606,1.0599672054345606,False,False,context_unavailable,asia
667e4aa8-209d-5074-a5f7-f64b7355309a,,,2025-07-07T20:21:00+00:00,22864.25,0.25,2025-07-07,2025-07-04,aeb8bad860db92863af8c5db289eb426dcf765061783264e1a527cd39dac9553,"{""Call Resistance"": 23000.0, ""Put Support"": 22850.0, ""HVL"": 22450.0, ""1D Min"": 22864.06, ""1D Max"": 22949.44, ""Call Resistance 0DTE"": 23000.0, ""Put Support 0DTE"": 22900.0, ""HVL 0DTE"": 22600.0, ""Gamma Wall 0DTE"": 23000.0, ""GEX 1"": 22875.0, ""GEX 2"": 22920.0, ""GEX 3"": 22930.0, ""GEX 4"": 22925.0, ""GEX 5"": 22870.0, ""GEX 6"": 22825.0, ""GEX 7"": 22975.0, ""GEX 8"": 22950.0, ""GEX 9"": 22840.0, ""GEX 10"": 22830.0}",unknown,,,42.68999999999869,42008487,False,True,,outside_cash,above,GEX 1,22875.0,10.75,0.25181541344577957,1D Min,22864.06,0.18999999999869033,0.004450691028313332,False,studied_8,-0.9428437573202444,0.9428437573202444,False,False,context_unavailable,asia
84a749ed-baa5-53cb-88d9-336371892e88,e3948937-dac8-5829-9993-fb04b413fa2d,9ce2b060-e559-5eeb-ac0e-4a60d1b04a4e,2025-07-14T01:19:00+00:00,22857.25,0.25,2025-07-13,,aeb8bad860db92863af8c5db289eb426dcf765061783264e1a527cd39dac9553,"{""Call Resistance"": null, ""Put Support"": null, ""HVL"": null, ""1D Min"": null, ""1D Max"": null, ""Call Resistance 0DTE"": null, ""Put Support 0DTE"": null, ""HVL 0DTE"": null, ""Gamma Wall 0DTE"": null, ""GEX 1"": null, ""GEX 2"": null, ""GEX 3"": null, ""GEX 4"": null, ""GEX 5"": null, ""GEX 6"": null, ""GEX 7"": null, ""GEX 8"": null, ""GEX 9"": null, ""GEX 10"": null}",unknown,,,,42008487,False,False,after_1700,outside_cash,,,,,,,,,,,studied_8,,,,,not_applicable_outside_hours,asia
7ffb3042-3258-511f-a375-745fee2db1e2,,,2025-07-14T01:19:00+00:00,22857.25,0.25,2025-07-13,,aeb8bad860db92863af8c5db289eb426dcf765061783264e1a527cd39dac9553,"{""Call Resistance"": null, ""Put Support"": null, ""HVL"": null, ""1D Min"": null, ""1D Max"": null, ""Call Resistance 0DTE"": null, ""Put Support 0DTE"": null, ""HVL 0DTE"": null, ""Gamma Wall 0DTE"": null, ""GEX 1"": null, ""GEX 2"": null, ""GEX 3"": null, ""GEX 4"": null, ""GEX 5"": null, ""GEX 6"": null, ""GEX 7"": null, ""GEX 8"": null, ""GEX 9"": null, ""GEX 10"": null}",unknown,,,,42008487,False,False,after_1700,outside_cash,,,,,,,,,,,studied_8,,,,,not_applicable_outside_hours,asia
2df9df36-4747-5fc4-8a45-cddec440afb2,,,2025-07-14T01:30:00+00:00,22847.5,0.25,2025-07-13,,aeb8bad860db92863af8c5db289eb426dcf765061783264e1a527cd39dac9553,"{""Call Resistance"": null, ""Put Support"": null, ""HVL"": null, ""1D Min"": null, ""1D Max"": null, ""Call Resistance 0DTE"": null, ""Put Support 0DTE"": null, ""HVL 0DTE"": null, ""Gamma Wall 0DTE"": null, ""GEX 1"": null, ""GEX 2"": null, ""GEX 3"": null, ""GEX 4"": null, ""GEX 5"": null, ""GEX 6"": null, ""GEX 7"": null, ""GEX 8"": null, ""GEX 9"": null, ""GEX 10"": null}",unknown,,,,42008487,False,False,after_1700,outside_cash,,,,,,,,,,,studied_8,,,,,not_applicable_outside_hours,asia
183c1bda-c592-5609-b822-d3292326ff23,,,2025-07-14T01:32:00+00:00,22851.75,0.25,2025-07-13,,aeb8bad860db92863af8c5db289eb426dcf765061783264e1a527cd39dac9553,"{""Call Resistance"": null, ""Put Support"": null, ""HVL"": null, ""1D Min"": null, ""1D Max"": null, ""Call Resistance 0DTE"": null, ""Put Support 0DTE"": null, ""HVL 0DTE"": null, ""Gamma Wall 0DTE"": null, ""GEX 1"": null, ""GEX 2"": null, ""GEX 3"": null, ""GEX 4"": null, ""GEX 5"": null, ""GEX 6"": null, ""GEX 7"": null, ""GEX 8"": null, ""GEX 9"": null, ""GEX 10"": null}",unknown,,,,42008487,False,False,after_1700,outside_cash,,,,,,,,,,,studied_8,,,,,not_applicable_outside_hours,asia
229840b0-374f-5718-9f54-15097bd21e90,,,2025-07-14T01:42:00+00:00,22856.75,0.25,2025-07-13,,aeb8bad860db92863af8c5db289eb426dcf765061783264e1a527cd39dac9553,"{""Call Resistance"": null, ""Put Support"": null, ""HVL"": null, ""1D Min"": null, ""1D Max"": null, ""Call Resistance 0DTE"": null, ""Put Support 0DTE"": null, ""HVL 0DTE"": null, ""Gamma Wall 0DTE"": null, ""GEX 1"": null, ""GEX 2"": null, ""GEX 3"": null, ""GEX 4"": null, ""GEX 5"": null, ""GEX 6"": null, ""GEX 7"": null, ""GEX 8"": null, ""GEX 9"": null, ""GEX 10"": null}",unknown,,,,42008487,False,False,after_1700,outside_cash,,,,,,,,,,,studied_8,,,,,not_applicable_outside_hours,asia
834c6410-7d76-54d5-9ac3-f6544ebe4d23,,,2025-07-14T02:02:00+00:00,22860.25,0.25,2025-07-13,,aeb8bad860db92863af8c5db289eb426dcf765061783264e1a527cd39dac9553,"{""Call Resistance"": null, ""Put Support"": null, ""HVL"": null, ""1D Min"": null, ""1D Max"": null, ""Call Resistance 0DTE"": null, ""Put Support 0DTE"": null, ""HVL 0DTE"": null, ""Gamma Wall 0DTE"": null, ""GEX 1"": null, ""GEX 2"": null, ""GEX 3"": null, ""GEX 4"": null, ""GEX 5"": null, ""GEX 6"": null, ""GEX 7"": null, ""GEX 8"": null, ""GEX 9"": null, ""GEX 10"": null}",unknown,,,,42008487,False,False,after_1700,outside_cash,,,,,,,,,,,studied_8,,,,,not_applicable_outside_hours,asia
58598115-faf3-5167-8cca-f5575db357ee,,,2025-07-14T02:14:00+00:00,22864.25,0.25,2025-07-13,,aeb8bad860db92863af8c5db289eb426dcf765061783264e1a527cd39dac9553,"{""Call Resistance"": null, ""Put Support"": null, ""HVL"": null, ""1D Min"": null, ""1D Max"": null, ""Call Resistance 0DTE"": null, ""Put Support 0DTE"": null, ""HVL 0DTE"": null, ""Gamma Wall 0DTE"": null, ""GEX 1"": null, ""GEX 2"": null, ""GEX 3"": null, ""GEX 4"": null, ""GEX 5"": null, ""GEX 6"": null, ""GEX 7"": null, ""GEX 8"": null, ""GEX 9"": null, ""GEX 10"": null}",unknown,,,,42008487,False,False,after_1700,outside_cash,,,,,,,,,,,studied_8,,,,,not_applicable_outside_hours,asia
ef7ed8f4-65f1-5db3-8888-53d2d3f17397,,,2025-07-14T02:45:00+00:00,22863.75,0.25,2025-07-13,,aeb8bad860db92863af8c5db289eb426dcf765061783264e1a527cd39dac9553,"{""Call Resistance"": null, ""Put Support"": null, ""HVL"": null, ""1D Min"": null, ""1D Max"": null, ""Call Resistance 0DTE"": null, ""Put Support 0DTE"": null, ""HVL 0DTE"": null, ""Gamma Wall 0DTE"": null, ""GEX 1"": null, ""GEX 2"": null, ""GEX 3"": null, ""GEX 4"": null, ""GEX 5"": null, ""GEX 6"": null, ""GEX 7"": null, ""GEX 8"": null, ""GEX 9"": null, ""GEX 10"": null}",unknown,,,,42008487,False,False,after_1700,outside_cash,,,,,,,,,,,studied_8,,,,,not_applicable_outside_hours,asia
0e13b997-f8fd-5ecf-9b71-a6d8da35e095,,,2025-07-14T02:48:00+00:00,22866.75,0.25,2025-07-13,,aeb8bad860db92863af8c5db289eb426dcf765061783264e1a527cd39dac9553,"{""Call Resistance"": null, ""Put Support"": null, ""HVL"": null, ""1D Min"": null, ""1D Max"": null, ""Call Resistance 0DTE"": null, ""Put Support 0DTE"": null, ""HVL 0DTE"": null, ""Gamma Wall 0DTE"": null, ""GEX 1"": null, ""GEX 2"": null, ""GEX 3"": null, ""GEX 4"": null, ""GEX 5"": null, ""GEX 6"": null, ""GEX 7"": null, ""GEX 8"": null, ""GEX 9"": null, ""GEX 10"": null}",unknown,,,,42008487,False,False,after_1700,outside_cash,,,,,,,,,,,studied_8,,,,,not_applicable_outside_hours,asia
cc3bed91-790e-5c86-87d9-6cbb7151a5d8,,,2025-07-14T03:07:00+00:00,22859.5,0.25,2025-07-13,,aeb8bad860db92863af8c5db289eb426dcf765061783264e1a527cd39dac9553,"{""Call Resistance"": null, ""Put Support"": null, ""HVL"": null, ""1D Min"": null, ""1D Max"": null, ""Call Resistance 0DTE"": null, ""Put Support 0DTE"": null, ""HVL 0DTE"": null, ""Gamma Wall 0DTE"": null, ""GEX 1"": null, ""GEX 2"": null, ""GEX 3"": null, ""GEX 4"": null, ""GEX 5"": null, ""GEX 6"": null, ""GEX 7"": null, ""GEX 8"": null, ""GEX 9"": null, ""GEX 10"": null}",unknown,,,,42008487,False,False,after_1700,outside_cash,,,,,,,,,,,studied_8,,,,,not_applicable_outside_hours,asia
8fade181-93a6-5f85-b3d9-eefe2038b600,,,2025-07-14T03:08:00+00:00,22861.25,0.25,2025-07-13,,aeb8bad860db92863af8c5db289eb426dcf765061783264e1a527cd39dac9553,"{""Call Resistance"": null, ""Put Support"": null, ""HVL"": null, ""1D Min"": null, ""1D Max"": null, ""Call Resistance 0DTE"": null, ""Put Support 0DTE"": null, ""HVL 0DTE"": null, ""Gamma Wall 0DTE"": null, ""GEX 1"": null, ""GEX 2"": null, ""GEX 3"": null, ""GEX 4"": null, ""GEX 5"": null, ""GEX 6"": null, ""GEX 7"": null, ""GEX 8"": null, ""GEX 9"": null, ""GEX 10"": null}",unknown,,,,42008487,False,False,after_1700,outside_cash,,,,,,,,,,,studied_8,,,,,not_applicable_outside_hours,asia
b43995f8-54cb-5d2b-ad16-0aa3e5473633,,,2025-07-14T03:14:00+00:00,22865.0,0.25,2025-07-13,,aeb8bad860db92863af8c5db289eb426dcf765061783264e1a527cd39dac9553,"{""Call Resistance"": null, ""Put Support"": null, ""HVL"": null, ""1D Min"": null, ""1D Max"": null, ""Call Resistance 0DTE"": null, ""Put Support 0DTE"": null, ""HVL 0DTE"": null, ""Gamma Wall 0DTE"": null, ""GEX 1"": null, ""GEX 2"": null, ""GEX 3"": null, ""GEX 4"": null, ""GEX 5"": null, ""GEX 6"": null, ""GEX 7"": null, ""GEX 8"": null, ""GEX 9"": null, ""GEX 10"": null}",unknown,,,,42008487,False,False,after_1700,outside_cash,,,,,,,,,,,studied_8,,,,,not_applicable_outside_hours,asia
01463720-5e1e-5dde-9610-abc558025b6e,,,2025-07-14T03:21:00+00:00,22862.75,0.25,2025-07-13,,aeb8bad860db92863af8c5db289eb426dcf765061783264e1a527cd39dac9553,"{""Call Resistance"": null, ""Put Support"": null, ""HVL"": null, ""1D Min"": null, ""1D Max"": null, ""Call Resistance 0DTE"": null, ""Put Support 0DTE"": null, ""HVL 0DTE"": null, ""Gamma Wall 0DTE"": null, ""GEX 1"": null, ""GEX 2"": null, ""GEX 3"": null, ""GEX 4"": null, ""GEX 5"": null, ""GEX 6"": null, ""GEX 7"": null, ""GEX 8"": null, ""GEX 9"": null, ""GEX 10"": null}",unknown,,,,42008487,False,False,after_1700,outside_cash,,,,,,,,,,,studied_8,,,,,not_applicable_outside_hours,asia
e0b21d47-b2ae-5ace-b1c1-db2a0df5b4fd,,,2025-07-14T03:29:00+00:00,22865.25,0.25,2025-07-13,,aeb8bad860db92863af8c5db289eb426dcf765061783264e1a527cd39dac9553,"{""Call Resistance"": null, ""Put Support"": null, ""HVL"": null, ""1D Min"": null, ""1D Max"": null, ""Call Resistance 0DTE"": null, ""Put Support 0DTE"": null, ""HVL 0DTE"": null, ""Gamma Wall 0DTE"": null, ""GEX 1"": null, ""GEX 2"": null, ""GEX 3"": null, ""GEX 4"": null, ""GEX 5"": null, ""GEX 6"": null, ""GEX 7"": null, ""GEX 8"": null, ""GEX 9"": null, ""GEX 10"": null}",unknown,,,,42008487,False,False,after_1700,outside_cash,,,,,,,,,,,studied_8,,,,,not_applicable_outside_hours,asia
24a93ada-b54b-5e2f-9de0-7afe356f8198,,,2025-07-14T03:44:00+00:00,22869.75,0.25,2025-07-13,,aeb8bad860db92863af8c5db289eb426dcf765061783264e1a527cd39dac9553,"{""Call Resistance"": null, ""Put Support"": null, ""HVL"": null, ""1D Min"": null, ""1D Max"": null, ""Call Resistance 0DTE"": null, ""Put Support 0DTE"": null, ""HVL 0DTE"": null, ""Gamma Wall 0DTE"": null, ""GEX 1"": null, ""GEX 2"": null, ""GEX 3"": null, ""GEX 4"": null, ""GEX 5"": null, ""GEX 6"": null, ""GEX 7"": null, ""GEX 8"": null, ""GEX 9"": null, ""GEX 10"": null}",unknown,,,,42008487,False,False,after_1700,outside_cash,,,,,,,,,,,studied_8,,,,,not_applicable_outside_hours,asia
77f97067-9fcc-5220-bdc1-2cd69b7bfccf,,,2025-07-14T04:10:00+00:00,22872.25,0.25,2025-07-13,,aeb8bad860db92863af8c5db289eb426dcf765061783264e1a527cd39dac9553,"{""Call Resistance"": null, ""Put Support"": null, ""HVL"": null, ""1D Min"": null, ""1D Max"": null, ""Call Resistance 0DTE"": null, ""Put Support 0DTE"": null, ""HVL 0DTE"": null, ""Gamma Wall 0DTE"": null, ""GEX 1"": null, ""GEX 2"": null, ""GEX 3"": null, ""GEX 4"": null, ""GEX 5"": null, ""GEX 6"": null, ""GEX 7"": null, ""GEX 8"": null, ""GEX 9"": null, ""GEX 10"": null}",unknown,,,,42008487,False,False,after_1700,outside_cash,,,,,,,,,,,studied_8,,,,,not_applicable_outside_hours,asia
7f7b25a2-9299-5d2e-92f0-e26fce053f2a,,,2025-07-14T04:12:00+00:00,22874.5,0.25,2025-07-13,,aeb8bad860db92863af8c5db289eb426dcf765061783264e1a527cd39dac9553,"{""Call Resistance"": null, ""Put Support"": null, ""HVL"": null, ""1D Min"": null, ""1D Max"": null, ""Call Resistance 0DTE"": null, ""Put Support 0DTE"": null, ""HVL 0DTE"": null, ""Gamma Wall 0DTE"": null, ""GEX 1"": null, ""GEX 2"": null, ""GEX 3"": null, ""GEX 4"": null, ""GEX 5"": null, ""GEX 6"": null, ""GEX 7"": null, ""GEX 8"": null, ""GEX 9"": null, ""GEX 10"": null}",unknown,,,,42008487,False,False,after_1700,outside_cash,,,,,,,,,,,studied_8,,,,,not_applicable_outside_hours,asia
b20200c0-f12c-5a23-949e-e26902299cae,f394981a-8085-5f06-ac1c-94fd59235f46,ef90a32c-d81e-5f92-a893-b89c935ba536,2025-07-15T02:43:00+00:00,23065.25,0.25,2025-07-14,,aeb8bad860db92863af8c5db289eb426dcf765061783264e1a527cd39dac9553,"{""Call Resistance"": null, ""Put Support"": null, ""HVL"": null, ""1D Min"": null, ""1D Max"": null, ""Call Resistance 0DTE"": null, ""Put Support 0DTE"": null, ""HVL 0DTE"": null, ""Gamma Wall 0DTE"": null, ""GEX 1"": null, ""GEX 2"": null, ""GEX 3"": null, ""GEX 4"": null, ""GEX 5"": null, ""GEX 6"": null, ""GEX 7"": null, ""GEX 8"": null, ""GEX 9"": null, ""GEX 10"": null}",unknown,,,,42008487,False,False,after_1700,outside_cash,,,,,,,,,,,studied_8,,,,,not_applicable_outside_hours,asia
4ad00cfb-4dbf-5ff3-80b1-c44037a156ac,,,2025-07-15T02:44:00+00:00,23067.25,0.25,2025-07-14,,aeb8bad860db92863af8c5db289eb426dcf765061783264e1a527cd39dac9553,"{""Call Resistance"": null, ""Put Support"": null, ""HVL"": null, ""1D Min"": null, ""1D Max"": null, ""Call Resistance 0DTE"": null, ""Put Support 0DTE"": null, ""HVL 0DTE"": null, ""Gamma Wall 0DTE"": null, ""GEX 1"": null, ""GEX 2"": null, ""GEX 3"": null, ""GEX 4"": null, ""GEX 5"": null, ""GEX 6"": null, ""GEX 7"": null, ""GEX 8"": null, ""GEX 9"": null, ""GEX 10"": null}",unknown,,,,42008487,False,False,after_1700,outside_cash,,,,,,,,,,,studied_8,,,,,not_applicable_outside_hours,asia
5db5392d-bdb1-549d-986a-6103fb6c1f30,,,2025-07-15T02:46:00+00:00,23055.5,0.25,2025-07-14,,aeb8bad860db92863af8c5db289eb426dcf765061783264e1a527cd39dac9553,"{""Call Resistance"": null, ""Put Support"": null, ""HVL"": null, ""1D Min"": null, ""1D Max"": null, ""Call Resistance 0DTE"": null, ""Put Support 0DTE"": null, ""HVL 0DTE"": null, ""Gamma Wall 0DTE"": null, ""GEX 1"": null, ""GEX 2"": null, ""GEX 3"": null, ""GEX 4"": null, ""GEX 5"": null, ""GEX 6"": null, ""GEX 7"": null, ""GEX 8"": null, ""GEX 9"": null, ""GEX 10"": null}",unknown,,,,42008487,False,False,after_1700,outside_cash,,,,,,,,,,,studied_8,,,,,not_applicable_outside_hours,asia
3f8f404d-f309-5ae2-bed7-c1c9b1a04d5f,,,2025-08-05T16:35:00+00:00,23208.75,0.25,2025-08-05,2025-08-04,aeb8bad860db92863af8c5db289eb426dcf765061783264e1a527cd39dac9553,"{""Call Resistance"": 23500.0, ""Put Support"": 23000.0, ""HVL"": 23230.0, ""1D Min"": 23108.94, ""1D Max"": 23592.56, ""Call Resistance 0DTE"": 23450.0, ""Put Support 0DTE"": 23200.0, ""HVL 0DTE"": 23230.0, ""Gamma Wall 0DTE"": 23450.0, ""GEX 1"": 23300.0, ""GEX 2"": 23400.0, ""GEX 3"": 23275.0, ""GEX 4"": 23250.0, ""GEX 5"": 23240.0, ""GEX 6"": 23100.0, ""GEX 7"": 23800.0, ""GEX 8"": 23750.0, ""GEX 9"": 23025.0, ""GEX 10"": 23700.0}",positive,1319043.5085819839,0.3861003861003861,241.8100000000013,42008487,False,True,,s2_1000_1200,below,HVL,23230.0,21.25,0.08787891319631068,1D Min,23108.94,99.81000000000131,0.4127620859352416,False,studied_8,-0.5231380009098023,0.5231380009098023,False,False,evaluated,ny
a06df0db-04f6-5fe1-bbce-1135f21408ce,,,2025-08-07T18:39:00+00:00,23381.75,0.25,2025-08-07,2025-08-06,aeb8bad860db92863af8c5db289eb426dcf765061783264e1a527cd39dac9553,"{""Call Resistance"": 23500.0, ""Put Support"": 23120.0, ""HVL"": 23225.0, ""1D Min"": 23173.64, ""1D Max"": 23652.86, ""Call Resistance 0DTE"": 23400.0, ""Put Support 0DTE"": 23120.0, ""HVL 0DTE"": 23250.0, ""Gamma Wall 0DTE"": 23400.0, ""GEX 1"": 23300.0, ""GEX 2"": 23550.0, ""GEX 3"": 23600.0, ""GEX 4"": 23450.0, ""GEX 5"": 23200.0, ""GEX 6"": 23100.0, ""GEX 7"": 23800.0, ""GEX 8"": 23000.0, ""GEX 9"": 23750.0, ""GEX 10"": 23110.0}",positive,947322.5221641208,0.3590733590733591,239.61000000000058,42008487,False,True,,s4_1330_1510,above,Call Resistance,23500.0,118.25,0.4935102875506019,GEX 1,23300.0,81.75,0.341179416551896,True,studied_8,-0.16589457869037144,0.16589457869037144,False,True,evaluated,none
dfb1f4ad-b50b-511a-bdf5-7db943023b58,,,2025-08-07T18:41:00+00:00,23363.0,0.25,2025-08-07,2025-08-06,aeb8bad860db92863af8c5db289eb426dcf765061783264e1a527cd39dac9553,"{""Call Resistance"": 23500.0, ""Put Support"": 23120.0, ""HVL"": 23225.0, ""1D Min"": 23173.64, ""1D Max"": 23652.86, ""Call Resistance 0DTE"": 23400.0, ""Put Support 0DTE"": 23120.0, ""HVL 0DTE"": 23250.0, ""Gamma Wall 0DTE"": 23400.0, ""GEX 1"": 23300.0, ""GEX 2"": 23550.0, ""GEX 3"": 23600.0, ""GEX 4"": 23450.0, ""GEX 5"": 23200.0, ""GEX 6"": 23100.0, ""GEX 7"": 23800.0, ""GEX 8"": 23000.0, ""GEX 9"": 23750.0, ""GEX 10"": 23110.0}",positive,947322.5221641208,0.3590733590733591,239.61000000000058,42008487,False,True,,s4_1330_1510,above,Call Resistance,23500.0,137.0,0.5717624473102111,GEX 1,23300.0,63.0,0.26292725679228685,True,studied_8,-0.1690246650807558,0.1690246650807558,False,True,evaluated,none
b637b548-6806-59d2-9f01-5147612c9e8c,,,2025-08-07T18:48:00+00:00,23377.25,0.25,2025-08-07,2025-08-06,aeb8bad860db92863af8c5db289eb426dcf765061783264e1a527cd39dac9553,"{""Call Resistance"": 23500.0, ""Put Support"": 23120.0, ""HVL"": 23225.0, ""1D Min"": 23173.64, ""1D Max"": 23652.86, ""Call Resistance 0DTE"": 23400.0, ""Put Support 0DTE"": 23120.0, ""HVL 0DTE"": 23250.0, ""Gamma Wall 0DTE"": 23400.0, ""GEX 1"": 23300.0, ""GEX 2"": 23550.0, ""GEX 3"": 23600.0, ""GEX 4"": 23450.0, ""GEX 5"": 23200.0, ""GEX 6"": 23100.0, ""GEX 7"": 23800.0, ""GEX 8"": 23000.0, ""GEX 9"": 23750.0, ""GEX 10"": 23110.0}",positive,947322.5221641208,0.3590733590733591,239.61000000000058,42008487,False,True,,s4_1330_1510,above,Call Resistance,23500.0,122.75,0.5122908058929081,GEX 1,23300.0,77.25,0.3223988982095898,True,studied_8,-0.22119277158716194,0.22119277158716194,False,True,evaluated,none
987281a2-4947-5d3d-95a6-7f8b16b98853,,,2025-08-07T18:49:00+00:00,23374.25,0.25,2025-08-07,2025-08-06,aeb8bad860db92863af8c5db289eb426dcf765061783264e1a527cd39dac9553,"{""Call Resistance"": 23500.0, ""Put Support"": 23120.0, ""HVL"": 23225.0, ""1D Min"": 23173.64, ""1D Max"": 23652.86, ""Call Resistance 0DTE"": 23400.0, ""Put Support 0DTE"": 23120.0, ""HVL 0DTE"": 23250.0, ""Gamma Wall 0DTE"": 23400.0, ""GEX 1"": 23300.0, ""GEX 2"": 23550.0, ""GEX 3"": 23600.0, ""GEX 4"": 23450.0, ""GEX 5"": 23200.0, ""GEX 6"": 23100.0, ""GEX 7"": 23800.0, ""GEX 8"": 23000.0, ""GEX 9"": 23750.0, ""GEX 10"": 23110.0}",positive,947322.5221641208,0.3590733590733591,239.61000000000058,42008487,False,True,,s4_1330_1510,above,Call Resistance,23500.0,125.75,0.5248111514544456,GEX 1,23300.0,74.25,0.3098785526480523,True,studied_8,-0.1492007846083215,0.1492007846083215,False,True,evaluated,none
b06a80f0-e195-51a4-b3cc-21bda1ebbff9,,,2025-08-07T18:54:00+00:00,23396.75,0.25,2025-08-07,2025-08-06,aeb8bad860db92863af8c5db289eb426dcf765061783264e1a527cd39dac9553,"{""Call Resistance"": 23500.0, ""Put Support"": 23120.0, ""HVL"": 23225.0, ""1D Min"": 23173.64, ""1D Max"": 23652.86, ""Call Resistance 0DTE"": 23400.0, ""Put Support 0DTE"": 23120.0, ""HVL 0DTE"": 23250.0, ""Gamma Wall 0DTE"": 23400.0, ""GEX 1"": 23300.0, ""GEX 2"": 23550.0, ""GEX 3"": 23600.0, ""GEX 4"": 23450.0, ""GEX 5"": 23200.0, ""GEX 6"": 23100.0, ""GEX 7"": 23800.0, ""GEX 8"": 23000.0, ""GEX 9"": 23750.0, ""GEX 10"": 23110.0}",positive,947322.5221641208,0.3590733590733591,239.61000000000058,42008487,False,True,,s4_1330_1510,above,Call Resistance,23500.0,103.25,0.43090855974291453,GEX 1,23300.0,96.75,0.40378114435958334,True,studied_8,-0.13146362839614342,0.13146362839614342,False,True,evaluated,none
2e0de721-f600-5b4d-b91c-2a3e48fb1d1e,,,2025-08-07T18:55:00+00:00,23399.0,0.25,2025-08-07,2025-08-06,aeb8bad860db92863af8c5db289eb426dcf765061783264e1a527cd39dac9553,"{""Call Resistance"": 23500.0, ""Put Support"": 23120.0, ""HVL"": 23225.0, ""1D Min"": 23173.64, ""1D Max"": 23652.86, ""Call Resistance 0DTE"": 23400.0, ""Put Support 0DTE"": 23120.0, ""HVL 0DTE"": 23250.0, ""Gamma Wall 0DTE"": 23400.0, ""GEX 1"": 23300.0, ""GEX 2"": 23550.0, ""GEX 3"": 23600.0, ""GEX 4"": 23450.0, ""GEX 5"": 23200.0, ""GEX 6"": 23100.0, ""GEX 7"": 23800.0, ""GEX 8"": 23000.0, ""GEX 9"": 23750.0, ""GEX 10"": 23110.0}",positive,947322.5221641208,0.3590733590733591,239.61000000000058,42008487,False,True,,s4_1330_1510,above,Call Resistance,23500.0,101.0,0.42151830057176143,GEX 1,23300.0,99.0,0.41317140353073645,True,studied_8,-0.06677517632819983,0.06677517632819983,False,True,evaluated,none
f7a053e4-f9cc-50d5-83a8-13d0a4b17d1e,,,2025-08-07T18:57:00+00:00,23419.75,0.25,2025-08-07,2025-08-06,aeb8bad860db92863af8c5db289eb426dcf765061783264e1a527cd39dac9553,"{""Call Resistance"": 23500.0, ""Put Support"": 23120.0, ""HVL"": 23225.0, ""1D Min"": 23173.64, ""1D Max"": 23652.86, ""Call Resistance 0DTE"": 23400.0, ""Put Support 0DTE"": 23120.0, ""HVL 0DTE"": 23250.0, ""Gamma Wall 0DTE"": 23400.0, ""GEX 1"": 23300.0, ""GEX 2"": 23550.0, ""GEX 3"": 23600.0, ""GEX 4"": 23450.0, ""GEX 5"": 23200.0, ""GEX 6"": 23100.0, ""GEX 7"": 23800.0, ""GEX 8"": 23000.0, ""GEX 9"": 23750.0, ""GEX 10"": 23110.0}",positive,947322.5221641208,0.3590733590733591,239.61000000000058,42008487,False,True,,s4_1330_1510,above,Call Resistance,23500.0,80.25,0.33491924377112725,GEX 1,23300.0,119.75,0.4997704603313706,True,studied_8,-0.020867242602562446,0.020867242602562446,False,True,evaluated,none
336cc960-db8f-5f33-99f2-cf6d9c3a8af8,,,2025-08-07T18:58:00+00:00,23415.5,0.25,2025-08-07,2025-08-06,aeb8bad860db92863af8c5db289eb426dcf765061783264e1a527cd39dac9553,"{""Call Resistance"": 23500.0, ""Put Support"": 23120.0, ""HVL"": 23225.0, ""1D Min"": 23173.64, ""1D Max"": 23652.86, ""Call Resistance 0DTE"": 23400.0, ""Put Support 0DTE"": 23120.0, ""HVL 0DTE"": 23250.0, ""Gamma Wall 0DTE"": 23400.0, ""GEX 1"": 23300.0, ""GEX 2"": 23550.0, ""GEX 3"": 23600.0, ""GEX 4"": 23450.0, ""GEX 5"": 23200.0, ""GEX 6"": 23100.0, ""GEX 7"": 23800.0, ""GEX 8"": 23000.0, ""GEX 9"": 23750.0, ""GEX 10"": 23110.0}",positive,947322.5221641208,0.3590733590733591,239.61000000000058,42008487,False,True,,s4_1330_1510,above,Call Resistance,23500.0,84.5,0.35265639998330534,GEX 1,23300.0,115.5,0.48203330411919254,True,studied_8,0.029214139643587426,0.029214139643587426,False,True,evaluated,none
da97cc4b-583c-5f53-834f-7c5b90cf6ee1,,,2025-08-07T19:32:00+00:00,23417.0,0.25,2025-08-07,2025-08-06,aeb8bad860db92863af8c5db289eb426dcf765061783264e1a527cd39dac9553,"{""Call Resistance"": 23500.0, ""Put Support"": 23120.0, ""HVL"": 23225.0, ""1D Min"": 23173.64, ""1D Max"": 23652.86, ""Call Resistance 0DTE"": 23400.0, ""Put Support 0DTE"": 23120.0, ""HVL 0DTE"": 23250.0, ""Gamma Wall 0DTE"": 23400.0, ""GEX 1"": 23300.0, ""GEX 2"": 23550.0, ""GEX 3"": 23600.0, ""GEX 4"": 23450.0, ""GEX 5"": 23200.0, ""GEX 6"": 23100.0, ""GEX 7"": 23800.0, ""GEX 8"": 23000.0, ""GEX 9"": 23750.0, ""GEX 10"": 23110.0}",positive,947322.5221641208,0.3590733590733591,239.61000000000058,42008487,False,True,,s4_1330_1510,above,Call Resistance,23500.0,83.0,0.3463962272025366,GEX 1,23300.0,117.0,0.4882934768999613,True,studied_8,-0.015650431951921836,0.015650431951921836,False,True,evaluated,none
82471aee-4afc-5a9e-a60e-d59e3982e039,,,2025-08-07T19:37:00+00:00,23425.5,0.25,2025-08-07,2025-08-06,aeb8bad860db92863af8c5db289eb426dcf765061783264e1a527cd39dac9553,"{""Call Resistance"": 23500.0, ""Put Support"": 23120.0, ""HVL"": 23225.0, ""1D Min"": 23173.64, ""1D Max"": 23652.86, ""Call Resistance 0DTE"": 23400.0, ""Put Support 0DTE"": 23120.0, ""HVL 0DTE"": 23250.0, ""Gamma Wall 0DTE"": 23400.0, ""GEX 1"": 23300.0, ""GEX 2"": 23550.0, ""GEX 3"": 23600.0, ""GEX 4"": 23450.0, ""GEX 5"": 23200.0, ""GEX 6"": 23100.0, ""GEX 7"": 23800.0, ""GEX 8"": 23000.0, ""GEX 9"": 23750.0, ""GEX 10"": 23110.0}",positive,947322.5221641208,0.3590733590733591,239.61000000000058,42008487,False,True,,s4_1330_1510,above,Call Resistance,23500.0,74.5,0.31092191477818043,GEX 1,23300.0,125.5,0.5237677893243174,True,studied_8,0.03338758816409992,0.03338758816409992,False,True,evaluated,none
9ffa6f6b-b31d-50b3-9514-bcaeec95aff6,,,2025-08-07T19:42:00+00:00,23435.5,0.25,2025-08-07,2025-08-06,aeb8bad860db92863af8c5db289eb426dcf765061783264e1a527cd39dac9553,"{""Call Resistance"": 23500.0, ""Put Support"": 23120.0, ""HVL"": 23225.0, ""1D Min"": 23173.64, ""1D Max"": 23652.86, ""Call Resistance 0DTE"": 23400.0, ""Put Support 0DTE"": 23120.0, ""HVL 0DTE"": 23250.0, ""Gamma Wall 0DTE"": 23400.0, ""GEX 1"": 23300.0, ""GEX 2"": 23550.0, ""GEX 3"": 23600.0, ""GEX 4"": 23450.0, ""GEX 5"": 23200.0, ""GEX 6"": 23100.0, ""GEX 7"": 23800.0, ""GEX 8"": 23000.0, ""GEX 9"": 23750.0, ""GEX 10"": 23110.0}",positive,947322.5221641208,0.3590733590733591,239.61000000000058,42008487,False,True,,s4_1330_1510,above,Call Resistance,23500.0,64.5,0.2691874295730556,GEX 1,23300.0,135.5,0.5655022745294424,True,studied_8,0.0605150035474311,0.0605150035474311,False,True,evaluated,none
a38497ce-e964-53e8-a095-98bd5158561c,,,2025-08-07T19:43:00+00:00,23437.5,0.25,2025-08-07,2025-08-06,aeb8bad860db92863af8c5db289eb426dcf765061783264e1a527cd39dac9553,"{""Call Resistance"": 23500.0, ""Put Support"": 23120.0, ""HVL"": 23225.0, ""1D Min"": 23173.64, ""1D Max"": 23652.86, ""Call Resistance 0DTE"": 23400.0, ""Put Support 0DTE"": 23120.0, ""HVL 0DTE"": 23250.0, ""Gamma Wall 0DTE"": 23400.0, ""GEX 1"": 23300.0, ""GEX 2"": 23550.0, ""GEX 3"": 23600.0, ""GEX 4"": 23450.0, ""GEX 5"": 23200.0, ""GEX 6"": 23100.0, ""GEX 7"": 23800.0, ""GEX 8"": 23000.0, ""GEX 9"": 23750.0, ""GEX 10"": 23110.0}",positive,947322.5221641208,0.3590733590733591,239.61000000000058,42008487,False,True,,s4_1330_1510,above,Call Resistance,23500.0,62.5,0.2608405325320306,GEX 1,23300.0,137.5,0.5738491715704673,True,studied_8,0.09181586745127476,0.09181586745127476,False,True,evaluated,none
7885e8b4-368e-5f48-937a-9340860c3644,,,2025-08-11T20:45:00+00:00,23628.75,0.25,2025-08-11,2025-08-08,aeb8bad860db92863af8c5db289eb426dcf765061783264e1a527cd39dac9553,"{""Call Resistance"": 24000.0, ""Put Support"": 22700.0, ""HVL"": 23240.0, ""1D Min"": 23547.56, ""1D Max"": 23983.44, ""Call Resistance 0DTE"": 23800.0, ""Put Support 0DTE"": 23410.0, ""HVL 0DTE"": 23520.0, ""Gamma Wall 0DTE"": 23800.0, ""GEX 1"": 23750.0, ""GEX 2"": 23600.0, ""GEX 3"": 23700.0, ""GEX 4"": 23900.0, ""GEX 5"": 23550.0, ""GEX 6"": 23500.0, ""GEX 7"": 23400.0, ""GEX 8"": 24100.0, ""GEX 9"": 24200.0, ""GEX 10"": 23525.0}",positive,3319369.6949205766,0.6833976833976834,217.9399999999987,42008487,False,True,,outside_cash,above,GEX 3,23700.0,71.25,0.3269248416995523,GEX 2,23600.0,28.75,0.13191704138753865,False,studied_8,-0.509314490226671,0.509314490226671,False,False,evaluated,asia
3ebb9d02-70f7-5294-bd2c-fa12c21c14fc,19a55d62-e13c-56bd-b1b4-fa592167d30e,ee736dc8-fcca-5cf8-94d5-b88a76c5176b,2025-08-11T22:02:00+00:00,23647.75,0.25,2025-08-11,,aeb8bad860db92863af8c5db289eb426dcf765061783264e1a527cd39dac9553,"{""Call Resistance"": null, ""Put Support"": null, ""HVL"": null, ""1D Min"": null, ""1D Max"": null, ""Call Resistance 0DTE"": null, ""Put Support 0DTE"": null, ""HVL 0DTE"": null, ""Gamma Wall 0DTE"": null, ""GEX 1"": null, ""GEX 2"": null, ""GEX 3"": null, ""GEX 4"": null, ""GEX 5"": null, ""GEX 6"": null, ""GEX 7"": null, ""GEX 8"": null, ""GEX 9"": null, ""GEX 10"": null}",unknown,,,,42008487,False,False,after_1700,outside_cash,,,,,,,,,,,studied_8,,,,,not_applicable_outside_hours,asia
d67ff0f4-9322-5fde-b641-82153850cf0d,,,2025-08-11T22:12:00+00:00,23638.25,0.25,2025-08-11,,aeb8bad860db92863af8c5db289eb426dcf765061783264e1a527cd39dac9553,"{""Call Resistance"": null, ""Put Support"": null, ""HVL"": null, ""1D Min"": null, ""1D Max"": null, ""Call Resistance 0DTE"": null, ""Put Support 0DTE"": null, ""HVL 0DTE"": null, ""Gamma Wall 0DTE"": null, ""GEX 1"": null, ""GEX 2"": null, ""GEX 3"": null, ""GEX 4"": null, ""GEX 5"": null, ""GEX 6"": null, ""GEX 7"": null, ""GEX 8"": null, ""GEX 9"": null, ""GEX 10"": null}",unknown,,,,42008487,False,False,after_1700,outside_cash,,,,,,,,,,,studied_8,,,,,not_applicable_outside_hours,asia
2eecad3a-7e6f-5af1-91de-9fb48e6c0157,c05d7754-c6e0-5142-81d2-32f73e0b812c,b1d91fbe-cfdd-5085-a89f-2d98417fd910,2025-08-13T15:42:00+00:00,23946.75,0.25,2025-08-13,2025-08-12,aeb8bad860db92863af8c5db289eb426dcf765061783264e1a527cd39dac9553,"{""Call Resistance"": 24000.0, ""Put Support"": 23000.0, ""HVL"": 23390.0, ""1D Min"": 23730.43, ""1D Max"": 24168.57, ""Call Resistance 0DTE"": 23950.0, ""Put Support 0DTE"": 23890.0, ""HVL 0DTE"": 23890.0, ""Gamma Wall 0DTE"": 23950.0, ""GEX 1"": 23750.0, ""GEX 2"": 23900.0, ""GEX 3"": 23800.0, ""GEX 4"": 24100.0, ""GEX 5"": 23850.0, ""GEX 6"": 24300.0, ""GEX 7"": 24200.0, ""GEX 8"": 23600.0, ""GEX 9"": 23700.0, ""GEX 10"": 24250.0}",positive,3606872.8745253123,0.7181467181467182,219.0699999999997,42008487,False,True,,s2_1000_1200,above,Call Resistance,24000.0,53.25,0.24307299036837574,GEX 2,23900.0,46.75,0.21340210891495898,False,studied_8,0.022823754964166734,0.022823754964166734,False,False,evaluated,ny
2b474300-ad86-5afc-84c7-9b0e553e5353,,,2025-08-13T15:42:00+00:00,23946.75,0.25,2025-08-13,2025-08-12,aeb8bad860db92863af8c5db289eb426dcf765061783264e1a527cd39dac9553,"{""Call Resistance"": 24000.0, ""Put Support"": 23000.0, ""HVL"": 23390.0, ""1D Min"": 23730.43, ""1D Max"": 24168.57, ""Call Resistance 0DTE"": 23950.0, ""Put Support 0DTE"": 23890.0, ""HVL 0DTE"": 23890.0, ""Gamma Wall 0DTE"": 23950.0, ""GEX 1"": 23750.0, ""GEX 2"": 23900.0, ""GEX 3"": 23800.0, ""GEX 4"": 24100.0, ""GEX 5"": 23850.0, ""GEX 6"": 24300.0, ""GEX 7"": 24200.0, ""GEX 8"": 23600.0, ""GEX 9"": 23700.0, ""GEX 10"": 24250.0}",positive,3606872.8745253123,0.7181467181467182,219.0699999999997,42008487,False,True,,s2_1000_1200,above,Call Resistance,24000.0,53.25,0.24307299036837574,GEX 2,23900.0,46.75,0.21340210891495898,False,studied_8,0.022823754964166734,0.022823754964166734,False,False,evaluated,ny
46ffda43-7931-5f20-b58b-c2efef4add1e,,,2025-08-13T15:43:00+00:00,23950.0,0.25,2025-08-13,2025-08-12,aeb8bad860db92863af8c5db289eb426dcf765061783264e1a527cd39dac9553,"{""Call Resistance"": 24000.0, ""Put Support"": 23000.0, ""HVL"": 23390.0, ""1D Min"": 23730.43, ""1D Max"": 24168.57, ""Call Resistance 0DTE"": 23950.0, ""Put Support 0DTE"": 23890.0, ""HVL 0DTE"": 23890.0, ""Gamma Wall 0DTE"": 23950.0, ""GEX 1"": 23750.0, ""GEX 2"": 23900.0, ""GEX 3"": 23800.0, ""GEX 4"": 24100.0, ""GEX 5"": 23850.0, ""GEX 6"": 24300.0, ""GEX 7"": 24200.0, ""GEX 8"": 23600.0, ""GEX 9"": 23700.0, ""GEX 10"": 24250.0}",positive,3606872.8745253123,0.7181467181467182,219.0699999999997,42008487,False,True,,s2_1000_1200,above,Call Resistance,24000.0,50.0,0.22823754964166734,GEX 2,23900.0,50.0,0.22823754964166734,False,studied_8,0.05249463641758349,0.05249463641758349,False,False,evaluated,ny
c140872a-0ffc-5ff5-97da-66a4b08c432f,,,2025-08-13T19:06:00+00:00,23932.0,0.25,2025-08-13,2025-08-12,aeb8bad860db92863af8c5db289eb426dcf765061783264e1a527cd39dac9553,"{""Call Resistance"": 24000.0, ""Put Support"": 23000.0, ""HVL"": 23390.0, ""1D Min"": 23730.43, ""1D Max"": 24168.57, ""Call Resistance 0DTE"": 23950.0, ""Put Support 0DTE"": 23890.0, ""HVL 0DTE"": 23890.0, ""Gamma Wall 0DTE"": 23950.0, ""GEX 1"": 23750.0, ""GEX 2"": 23900.0, ""GEX 3"": 23800.0, ""GEX 4"": 24100.0, ""GEX 5"": 23850.0, ""GEX 6"": 24300.0, ""GEX 7"": 24200.0, ""GEX 8"": 23600.0, ""GEX 9"": 23700.0, ""GEX 10"": 24250.0}",positive,3606872.8745253123,0.7181467181467182,219.0699999999997,42008487,False,True,,s4_1330_1510,above,Call Resistance,24000.0,68.0,0.3104030675126676,GEX 2,23900.0,32.0,0.1460720317706671,False,studied_8,-0.010270689733875031,0.010270689733875031,False,False,evaluated,none
a1fb0271-6fee-5b19-b47d-8e3eb6769516,,,2025-08-13T19:22:00+00:00,23949.25,0.25,2025-08-13,2025-08-12,aeb8bad860db92863af8c5db289eb426dcf765061783264e1a527cd39dac9553,"{""Call Resistance"": 24000.0, ""Put Support"": 23000.0, ""HVL"": 23390.0, ""1D Min"": 23730.43, ""1D Max"": 24168.57, ""Call Resistance 0DTE"": 23950.0, ""Put Support 0DTE"": 23890.0, ""HVL 0DTE"": 23890.0, ""Gamma Wall 0DTE"": 23950.0, ""GEX 1"": 23750.0, ""GEX 2"": 23900.0, ""GEX 3"": 23800.0, ""GEX 4"": 24100.0, ""GEX 5"": 23850.0, ""GEX 6"": 24300.0, ""GEX 7"": 24200.0, ""GEX 8"": 23600.0, ""GEX 9"": 23700.0, ""GEX 10"": 24250.0}",positive,3606872.8745253123,0.7181467181467182,219.0699999999997,42008487,False,True,,s4_1330_1510,above,Call Resistance,24000.0,50.75,0.23166111288629235,GEX 2,23900.0,49.25,0.22481398639704234,False,studied_8,0.043365134431916794,0.043365134431916794,False,False,evaluated,none
6044cb36-f0bc-5086-b385-04d2fabbfc3d,,,2025-08-13T19:23:00+00:00,23953.0,0.25,2025-08-13,2025-08-12,aeb8bad860db92863af8c5db289eb426dcf765061783264e1a527cd39dac9553,"{""Call Resistance"": 24000.0, ""Put Support"": 23000.0, ""HVL"": 23390.0, ""1D Min"": 23730.43, ""1D Max"": 24168.57, ""Call Resistance 0DTE"": 23950.0, ""Put Support 0DTE"": 23890.0, ""HVL 0DTE"": 23890.0, ""Gamma Wall 0DTE"": 23950.0, ""GEX 1"": 23750.0, ""GEX 2"": 23900.0, ""GEX 3"": 23800.0, ""GEX 4"": 24100.0, ""GEX 5"": 23850.0, ""GEX 6"": 24300.0, ""GEX 7"": 24200.0, ""GEX 8"": 23600.0, ""GEX 9"": 23700.0, ""GEX 10"": 24250.0}",positive,3606872.8745253123,0.7181467181467182,219.0699999999997,42008487,False,True,,s4_1330_1510,above,Call Resistance,24000.0,47.0,0.21454329666316732,GEX 2,23900.0,53.0,0.2419318026201674,False,studied_8,0.06618888939608353,0.06618888939608353,False,False,evaluated,none
0b62a157-e281-54ba-a779-3c299bcebcfa,,,2025-08-20T10:45:00+00:00,23414.0,0.25,2025-08-20,,aeb8bad860db92863af8c5db289eb426dcf765061783264e1a527cd39dac9553,"{""Call Resistance"": null, ""Put Support"": null, ""HVL"": null, ""1D Min"": null, ""1D Max"": null, ""Call Resistance 0DTE"": null, ""Put Support 0DTE"": null, ""HVL 0DTE"": null, ""Gamma Wall 0DTE"": null, ""GEX 1"": null, ""GEX 2"": null, ""GEX 3"": null, ""GEX 4"": null, ""GEX 5"": null, ""GEX 6"": null, ""GEX 7"": null, ""GEX 8"": null, ""GEX 9"": null, ""GEX 10"": null}",unknown,,,,42008487,False,False,before_0600,outside_cash,,,,,,,,,,,studied_8,,,,,not_applicable_outside_hours,london
e4cea78d-c7cc-5c3c-a05d-8b0817be27e6,,,2025-08-20T11:03:00+00:00,23445.0,0.25,2025-08-20,2025-08-19,aeb8bad860db92863af8c5db289eb426dcf765061783264e1a527cd39dac9553,"{""Call Resistance"": 23500.0, ""Put Support"": 23000.0, ""HVL"": 23475.0, ""1D Min"": 23238.01, ""1D Max"": 23708.99, ""Call Resistance 0DTE"": 23600.0, ""Put Support 0DTE"": 23400.0, ""HVL 0DTE"": 23460.0, ""Gamma Wall 0DTE"": 23600.0, ""GEX 1"": 23700.0, ""GEX 2"": 23300.0, ""GEX 3"": 23450.0, ""GEX 4"": 23250.0, ""GEX 5"": 23350.0, ""GEX 6"": 23900.0, ""GEX 7"": 23750.0, ""GEX 8"": 23100.0, ""GEX 9"": 23850.0, ""GEX 10"": 23200.0}",negative,-1171526.8916403514,0.13127413127413126,235.4900000000016,42008487,False,True,,outside_cash,below,GEX 3,23450.0,5.0,0.02123232409019477,GEX 2,23300.0,145.0,0.6157373986156482,False,studied_8,-0.20276869506136003,0.20276869506136003,False,False,evaluated,none
87c3c7df-1810-5de0-a712-c8cfdbf638c3,,,2025-08-20T11:04:00+00:00,23446.75,0.25,2025-08-20,2025-08-19,aeb8bad860db92863af8c5db289eb426dcf765061783264e1a527cd39dac9553,"{""Call Resistance"": 23500.0, ""Put Support"": 23000.0, ""HVL"": 23475.0, ""1D Min"": 23238.01, ""1D Max"": 23708.99, ""Call Resistance 0DTE"": 23600.0, ""Put Support 0DTE"": 23400.0, ""HVL 0DTE"": 23460.0, ""Gamma Wall 0DTE"": 23600.0, ""GEX 1"": 23700.0, ""GEX 2"": 23300.0, ""GEX 3"": 23450.0, ""GEX 4"": 23250.0, ""GEX 5"": 23350.0, ""GEX 6"": 23900.0, ""GEX 7"": 23750.0, ""GEX 8"": 23100.0, ""GEX 9"": 23850.0, ""GEX 10"": 23200.0}",negative,-1171526.8916403514,0.13127413127413126,235.4900000000016,42008487,False,True,,outside_cash,below,GEX 3,23450.0,3.25,0.0138010106586266,GEX 2,23300.0,146.75,0.6231687120472165,False,studied_8,-0.15499596585842182,0.15499596585842182,False,False,evaluated,none
28d08262-f377-52d0-a843-eda4468c1dc0,,,2025-08-20T12:00:00+00:00,23414.25,0.25,2025-08-20,2025-08-19,aeb8bad860db92863af8c5db289eb426dcf765061783264e1a527cd39dac9553,"{""Call Resistance"": 23500.0, ""Put Support"": 23000.0, ""HVL"": 23475.0, ""1D Min"": 23238.01, ""1D Max"": 23708.99, ""Call Resistance 0DTE"": 23600.0, ""Put Support 0DTE"": 23400.0, ""HVL 0DTE"": 23460.0, ""Gamma Wall 0DTE"": 23600.0, ""GEX 1"": 23700.0, ""GEX 2"": 23300.0, ""GEX 3"": 23450.0, ""GEX 4"": 23250.0, ""GEX 5"": 23350.0, ""GEX 6"": 23900.0, ""GEX 7"": 23750.0, ""GEX 8"": 23100.0, ""GEX 9"": 23850.0, ""GEX 10"": 23200.0}",negative,-1171526.8916403514,0.13127413127413126,235.4900000000016,42008487,False,True,,outside_cash,below,GEX 3,23450.0,35.75,0.1518111172448926,GEX 2,23300.0,114.25,0.48515860546095047,False,studied_8,-0.2792050617860612,0.2792050617860612,False,False,evaluated,ny
f15722d6-6e2b-529f-be55-c61423424c03,3764d92a-0851-524d-b4be-e905a97bbb06,37cbd8d2-5e7e-576e-b77c-b39286db3c8b,2025-08-20T12:02:00+00:00,23424.5,0.25,2025-08-20,2025-08-19,aeb8bad860db92863af8c5db289eb426dcf765061783264e1a527cd39dac9553,"{""Call Resistance"": 23500.0, ""Put Support"": 23000.0, ""HVL"": 23475.0, ""1D Min"": 23238.01, ""1D Max"": 23708.99, ""Call Resistance 0DTE"": 23600.0, ""Put Support 0DTE"": 23400.0, ""HVL 0DTE"": 23460.0, ""Gamma Wall 0DTE"": 23600.0, ""GEX 1"": 23700.0, ""GEX 2"": 23300.0, ""GEX 3"": 23450.0, ""GEX 4"": 23250.0, ""GEX 5"": 23350.0, ""GEX 6"": 23900.0, ""GEX 7"": 23750.0, ""GEX 8"": 23100.0, ""GEX 9"": 23850.0, ""GEX 10"": 23200.0}",negative,-1171526.8916403514,0.13127413127413126,235.4900000000016,42008487,False,True,,outside_cash,below,GEX 3,23450.0,25.5,0.10828485285999331,GEX 2,23300.0,124.5,0.5286848698458497,False,studied_8,-0.2622192025139054,0.2622192025139054,False,False,evaluated,ny
183ee834-5e32-58a4-8cda-964ef077901c,,,2025-08-20T12:18:00+00:00,23421.25,0.25,2025-08-20,2025-08-19,aeb8bad860db92863af8c5db289eb426dcf765061783264e1a527cd39dac9553,"{""Call Resistance"": 23500.0, ""Put Support"": 23000.0, ""HVL"": 23475.0, ""1D Min"": 23238.01, ""1D Max"": 23708.99, ""Call Resistance 0DTE"": 23600.0, ""Put Support 0DTE"": 23400.0, ""HVL 0DTE"": 23460.0, ""Gamma Wall 0DTE"": 23600.0, ""GEX 1"": 23700.0, ""GEX 2"": 23300.0, ""GEX 3"": 23450.0, ""GEX 4"": 23250.0, ""GEX 5"": 23350.0, ""GEX 6"": 23900.0, ""GEX 7"": 23750.0, ""GEX 8"": 23100.0, ""GEX 9"": 23850.0, ""GEX 10"": 23200.0}",negative,-1171526.8916403514,0.13127413127413126,235.4900000000016,42008487,False,True,,outside_cash,below,GEX 3,23450.0,28.75,0.12208586351861991,GEX 2,23300.0,121.25,0.5148838591872231,False,studied_8,-0.25584950528684697,0.25584950528684697,False,False,evaluated,ny
c660825c-2e79-5999-abf2-6b47ce6c89a8,,,2025-08-25T11:47:00+00:00,23495.5,0.25,2025-08-25,2025-08-22,aeb8bad860db92863af8c5db289eb426dcf765061783264e1a527cd39dac9553,"{""Call Resistance"": 23500.0, ""Put Support"": 23000.0, ""HVL"": 23300.0, ""1D Min"": 23358.99, ""1D Max"": 23806.51, ""Call Resistance 0DTE"": 23750.0, ""Put Support 0DTE"": 23625.0, ""HVL 0DTE"": 23250.0, ""Gamma Wall 0DTE"": 23750.0, ""GEX 1"": 23800.0, ""GEX 2"": 23600.0, ""GEX 3"": 23450.0, ""GEX 4"": 23425.0, ""GEX 5"": 23475.0, ""GEX 6"": 24000.0, ""GEX 7"": 23900.0, ""GEX 8"": 23200.0, ""GEX 9"": 23325.0, ""GEX 10"": 23350.0}",positive,1528003.2349350327,0.4015444015444015,223.7599999999984,42008487,False,True,,outside_cash,above,Call Resistance,23500.0,4.5,0.02011083303539521,GEX 3,23450.0,45.5,0.2033428673578849,False,studied_8,-0.3564086521272818,0.3564086521272818,False,False,evaluated,none
8c8f7152-74f5-50b4-9dbb-9d64393a0e88,,,2025-08-25T11:47:00+00:00,23495.5,0.25,2025-08-25,2025-08-22,aeb8bad860db92863af8c5db289eb426dcf765061783264e1a527cd39dac9553,"{""Call Resistance"": 23500.0, ""Put Support"": 23000.0, ""HVL"": 23300.0, ""1D Min"": 23358.99, ""1D Max"": 23806.51, ""Call Resistance 0DTE"": 23750.0, ""Put Support 0DTE"": 23625.0, ""HVL 0DTE"": 23250.0, ""Gamma Wall 0DTE"": 23750.0, ""GEX 1"": 23800.0, ""GEX 2"": 23600.0, ""GEX 3"": 23450.0, ""GEX 4"": 23425.0, ""GEX 5"": 23475.0, ""GEX 6"": 24000.0, ""GEX 7"": 23900.0, ""GEX 8"": 23200.0, ""GEX 9"": 23325.0, ""GEX 10"": 23350.0}",positive,1528003.2349350327,0.4015444015444015,223.7599999999984,42008487,False,True,,outside_cash,above,Call Resistance,23500.0,4.5,0.02011083303539521,GEX 3,23450.0,45.5,0.2033428673578849,False,studied_8,-0.3564086521272818,0.3564086521272818,False,False,evaluated,none
8b5c5eab-3747-585c-b119-8aafd0f0d466,,,2025-08-25T11:55:00+00:00,23499.25,0.25,2025-08-25,2025-08-22,aeb8bad860db92863af8c5db289eb426dcf765061783264e1a527cd39dac9553,"{""Call Resistance"": 23500.0, ""Put Support"": 23000.0, ""HVL"": 23300.0, ""1D Min"": 23358.99, ""1D Max"": 23806.51, ""Call Resistance 0DTE"": 23750.0, ""Put Support 0DTE"": 23625.0, ""HVL 0DTE"": 23250.0, ""Gamma Wall 0DTE"": 23750.0, ""GEX 1"": 23800.0, ""GEX 2"": 23600.0, ""GEX 3"": 23450.0, ""GEX 4"": 23425.0, ""GEX 5"": 23475.0, ""GEX 6"": 24000.0, ""GEX 7"": 23900.0, ""GEX 8"": 23200.0, ""GEX 9"": 23325.0, ""GEX 10"": 23350.0}",positive,1528003.2349350327,0.4015444015444015,223.7599999999984,42008487,False,True,,outside_cash,above,Call Resistance,23500.0,0.75,0.0033518055058992017,GEX 3,23450.0,49.25,0.2201018948873809,False,studied_8,-0.3351805505899202,0.3351805505899202,False,False,evaluated,none
e5c9c96e-04e3-512d-a537-b9123226335b,42a4ebd9-a8d0-50d4-9047-5bfe36cbc232,40fd4dae-81c7-5c78-87fb-f5d09f676d9e,2025-08-25T23:02:00+00:00,23513.5,0.25,2025-08-25,,aeb8bad860db92863af8c5db289eb426dcf765061783264e1a527cd39dac9553,"{""Call Resistance"": null, ""Put Support"": null, ""HVL"": null, ""1D Min"": null, ""1D Max"": null, ""Call Resistance 0DTE"": null, ""Put Support 0DTE"": null, ""HVL 0DTE"": null, ""Gamma Wall 0DTE"": null, ""GEX 1"": null, ""GEX 2"": null, ""GEX 3"": null, ""GEX 4"": null, ""GEX 5"": null, ""GEX 6"": null, ""GEX 7"": null, ""GEX 8"": null, ""GEX 9"": null, ""GEX 10"": null}",unknown,,,,42008487,False,False,after_1700,outside_cash,,,,,,,,,,,studied_8,,,,,not_applicable_outside_hours,asia
73e51511-ce27-5653-b1c3-30aaee318374,,,2025-08-25T23:04:00+00:00,23516.25,0.25,2025-08-25,,aeb8bad860db92863af8c5db289eb426dcf765061783264e1a527cd39dac9553,"{""Call Resistance"": null, ""Put Support"": null, ""HVL"": null, ""1D Min"": null, ""1D Max"": null, ""Call Resistance 0DTE"": null, ""Put Support 0DTE"": null, ""HVL 0DTE"": null, ""Gamma Wall 0DTE"": null, ""GEX 1"": null, ""GEX 2"": null, ""GEX 3"": null, ""GEX 4"": null, ""GEX 5"": null, ""GEX 6"": null, ""GEX 7"": null, ""GEX 8"": null, ""GEX 9"": null, ""GEX 10"": null}",unknown,,,,42008487,False,False,after_1700,outside_cash,,,,,,,,,,,studied_8,,,,,not_applicable_outside_hours,asia
c47836d6-0fd4-52bf-b2e1-2592c3f1e951,,,2025-08-25T23:08:00+00:00,23510.0,0.25,2025-08-25,,aeb8bad860db92863af8c5db289eb426dcf765061783264e1a527cd39dac9553,"{""Call Resistance"": null, ""Put Support"": null, ""HVL"": null, ""1D Min"": null, ""1D Max"": null, ""Call Resistance 0DTE"": null, ""Put Support 0DTE"": null, ""HVL 0DTE"": null, ""Gamma Wall 0DTE"": null, ""GEX 1"": null, ""GEX 2"": null, ""GEX 3"": null, ""GEX 4"": null, ""GEX 5"": null, ""GEX 6"": null, ""GEX 7"": null, ""GEX 8"": null, ""GEX 9"": null, ""GEX 10"": null}",unknown,,,,42008487,False,False,after_1700,outside_cash,,,,,,,,,,,studied_8,,,,,not_applicable_outside_hours,asia
b697339a-4cb3-556f-a3de-dc2108c95471,7fc2f33d-caa4-58a0-abaf-6bf17e4bbc1c,f4316f4b-e091-5309-8852-076b46ed4e34,2025-08-26T10:50:00+00:00,23495.75,0.25,2025-08-26,,aeb8bad860db92863af8c5db289eb426dcf765061783264e1a527cd39dac9553,"{""Call Resistance"": null, ""Put Support"": null, ""HVL"": null, ""1D Min"": null, ""1D Max"": null, ""Call Resistance 0DTE"": null, ""Put Support 0DTE"": null, ""HVL 0DTE"": null, ""Gamma Wall 0DTE"": null, ""GEX 1"": null, ""GEX 2"": null, ""GEX 3"": null, ""GEX 4"": null, ""GEX 5"": null, ""GEX 6"": null, ""GEX 7"": null, ""GEX 8"": null, ""GEX 9"": null, ""GEX 10"": null}",unknown,,,,42008487,False,False,before_0600,outside_cash,,,,,,,,,,,studied_8,,,,,not_applicable_outside_hours,london
0b33ca32-ce54-598f-8744-855430e00ec9,,,2025-08-26T10:51:00+00:00,23496.25,0.25,2025-08-26,,aeb8bad860db92863af8c5db289eb426dcf765061783264e1a527cd39dac9553,"{""Call Resistance"": null, ""Put Support"": null, ""HVL"": null, ""1D Min"": null, ""1D Max"": null, ""Call Resistance 0DTE"": null, ""Put Support 0DTE"": null, ""HVL 0DTE"": null, ""Gamma Wall 0DTE"": null, ""GEX 1"": null, ""GEX 2"": null, ""GEX 3"": null, ""GEX 4"": null, ""GEX 5"": null, ""GEX 6"": null, ""GEX 7"": null, ""GEX 8"": null, ""GEX 9"": null, ""GEX 10"": null}",unknown,,,,42008487,False,False,before_0600,outside_cash,,,,,,,,,,,studied_8,,,,,not_applicable_outside_hours,london
4bb09211-be73-5f22-b587-baf115452e78,77fb6b8e-74a5-5fbb-9e11-38d0026b1901,60cafdeb-375c-571c-97d2-bea979915452,2025-08-26T17:58:00+00:00,23501.0,0.25,2025-08-26,2025-08-25,aeb8bad860db92863af8c5db289eb426dcf765061783264e1a527cd39dac9553,"{""Call Resistance"": 23500.0, ""Put Support"": 23000.0, ""HVL"": 23490.0, ""1D Min"": 23271.42, ""1D Max"": 23733.08, ""Call Resistance 0DTE"": 23650.0, ""Put Support 0DTE"": 23450.0, ""HVL 0DTE"": 23490.0, ""Gamma Wall 0DTE"": 23650.0, ""GEX 1"": 23400.0, ""GEX 2"": 23300.0, ""GEX 3"": 23700.0, ""GEX 4"": 23625.0, ""GEX 5"": 23600.0, ""GEX 6"": 23800.0, ""GEX 7"": 23750.0, ""GEX 8"": 23100.0, ""GEX 9"": 23900.0, ""GEX 10"": 23950.0}",positive,852028.4634433782,0.33976833976833976,230.83000000000175,42008487,False,True,,s3_1200_1330,above,GEX 3,23700.0,199.0,0.8621063120044989,Call Resistance,23500.0,1.0,0.004332192522635673,False,studied_8,-0.061733743447558345,0.061733743447558345,False,False,evaluated,ny
24e30a85-4360-5ae0-bd88-42ab71bfa539,,,2025-08-26T17:58:00+00:00,23501.0,0.25,2025-08-26,2025-08-25,aeb8bad860db92863af8c5db289eb426dcf765061783264e1a527cd39dac9553,"{""Call Resistance"": 23500.0, ""Put Support"": 23000.0, ""HVL"": 23490.0, ""1D Min"": 23271.42, ""1D Max"": 23733.08, ""Call Resistance 0DTE"": 23650.0, ""Put Support 0DTE"": 23450.0, ""HVL 0DTE"": 23490.0, ""Gamma Wall 0DTE"": 23650.0, ""GEX 1"": 23400.0, ""GEX 2"": 23300.0, ""GEX 3"": 23700.0, ""GEX 4"": 23625.0, ""GEX 5"": 23600.0, ""GEX 6"": 23800.0, ""GEX 7"": 23750.0, ""GEX 8"": 23100.0, ""GEX 9"": 23900.0, ""GEX 10"": 23950.0}",positive,852028.4634433782,0.33976833976833976,230.83000000000175,42008487,False,True,,s3_1200_1330,above,GEX 3,23700.0,199.0,0.8621063120044989,Call Resistance,23500.0,1.0,0.004332192522635673,False,studied_8,-0.061733743447558345,0.061733743447558345,False,False,evaluated,ny
27ee34e7-e836-5db3-9860-921a9754bc43,,,2025-08-26T19:50:00+00:00,23553.5,0.25,2025-08-26,2025-08-25,aeb8bad860db92863af8c5db289eb426dcf765061783264e1a527cd39dac9553,"{""Call Resistance"": 23500.0, ""Put Support"": 23000.0, ""HVL"": 23490.0, ""1D Min"": 23271.42, ""1D Max"": 23733.08, ""Call Resistance 0DTE"": 23650.0, ""Put Support 0DTE"": 23450.0, ""HVL 0DTE"": 23490.0, ""Gamma Wall 0DTE"": 23650.0, ""GEX 1"": 23400.0, ""GEX 2"": 23300.0, ""GEX 3"": 23700.0, ""GEX 4"": 23625.0, ""GEX 5"": 23600.0, ""GEX 6"": 23800.0, ""GEX 7"": 23750.0, ""GEX 8"": 23100.0, ""GEX 9"": 23900.0, ""GEX 10"": 23950.0}",positive,852028.4634433782,0.33976833976833976,230.83000000000175,42008487,False,True,,s4_1330_1510,above,GEX 3,23700.0,146.5,0.6346662045661261,Call Resistance,23500.0,53.5,0.2317722999610085,False,studied_8,0.16245721959883774,0.16245721959883774,False,False,evaluated,none
4afea9bf-68b2-50c7-bdf6-998cd605c26a,,,2025-08-26T19:52:00+00:00,23584.5,0.25,2025-08-26,2025-08-25,aeb8bad860db92863af8c5db289eb426dcf765061783264e1a527cd39dac9553,"{""Call Resistance"": 23500.0, ""Put Support"": 23000.0, ""HVL"": 23490.0, ""1D Min"": 23271.42, ""1D Max"": 23733.08, ""Call Resistance 0DTE"": 23650.0, ""Put Support 0DTE"": 23450.0, ""HVL 0DTE"": 23490.0, ""Gamma Wall 0DTE"": 23650.0, ""GEX 1"": 23400.0, ""GEX 2"": 23300.0, ""GEX 3"": 23700.0, ""GEX 4"": 23625.0, ""GEX 5"": 23600.0, ""GEX 6"": 23800.0, ""GEX 7"": 23750.0, ""GEX 8"": 23100.0, ""GEX 9"": 23900.0, ""GEX 10"": 23950.0}",positive,852028.4634433782,0.33976833976833976,230.83000000000175,42008487,False,True,,s4_1330_1510,above,GEX 3,23700.0,115.5,0.5003682363644203,Call Resistance,23500.0,84.5,0.3660702681627144,False,studied_8,0.3335788242429468,0.3335788242429468,False,False,evaluated,none
2f281522-1d8d-5f29-945a-91ee505cd0b6,3b577025-6f04-5a42-a4b4-ec84e166cfa0,37588650-9aa4-5de7-812a-001273f65d6c,2025-08-26T20:08:00+00:00,23600.25,0.25,2025-08-26,2025-08-25,aeb8bad860db92863af8c5db289eb426dcf765061783264e1a527cd39dac9553,"{""Call Resistance"": 23500.0, ""Put Support"": 23000.0, ""HVL"": 23490.0, ""1D Min"": 23271.42, ""1D Max"": 23733.08, ""Call Resistance 0DTE"": 23650.0, ""Put Support 0DTE"": 23450.0, ""HVL 0DTE"": 23490.0, ""Gamma Wall 0DTE"": 23650.0, ""GEX 1"": 23400.0, ""GEX 2"": 23300.0, ""GEX 3"": 23700.0, ""GEX 4"": 23625.0, ""GEX 5"": 23600.0, ""GEX 6"": 23800.0, ""GEX 7"": 23750.0, ""GEX 8"": 23100.0, ""GEX 9"": 23900.0, ""GEX 10"": 23950.0}",positive,852028.4634433782,0.33976833976833976,230.83000000000175,42008487,False,True,,s4_1330_1510,above,GEX 3,23700.0,99.75,0.4321362041329084,Call Resistance,23500.0,100.25,0.43430230039422624,False,studied_8,0.38231599012259815,0.38231599012259815,False,False,evaluated,asia
92bebded-6c91-5944-ad4c-8a524ef08cac,,,2025-08-26T20:09:00+00:00,23606.25,0.25,2025-08-26,2025-08-25,aeb8bad860db92863af8c5db289eb426dcf765061783264e1a527cd39dac9553,"{""Call Resistance"": 23500.0, ""Put Support"": 23000.0, ""HVL"": 23490.0, ""1D Min"": 23271.42, ""1D Max"": 23733.08, ""Call Resistance 0DTE"": 23650.0, ""Put Support 0DTE"": 23450.0, ""HVL 0DTE"": 23490.0, ""Gamma Wall 0DTE"": 23650.0, ""GEX 1"": 23400.0, ""GEX 2"": 23300.0, ""GEX 3"": 23700.0, ""GEX 4"": 23625.0, ""GEX 5"": 23600.0, ""GEX 6"": 23800.0, ""GEX 7"": 23750.0, ""GEX 8"": 23100.0, ""GEX 9"": 23900.0, ""GEX 10"": 23950.0}",positive,852028.4634433782,0.33976833976833976,230.83000000000175,42008487,False,True,,s4_1330_1510,above,GEX 3,23700.0,93.75,0.40614304899709436,Call Resistance,23500.0,106.25,0.46029545553004025,False,studied_8,0.3888142789065517,0.3888142789065517,False,False,evaluated,asia
7826e58c-9941-5b92-a59f-e2c84f2091d3,,,2025-08-27T09:59:00+00:00,23597.25,0.25,2025-08-27,,aeb8bad860db92863af8c5db289eb426dcf765061783264e1a527cd39dac9553,"{""Call Resistance"": null, ""Put Support"": null, ""HVL"": null, ""1D Min"": null, ""1D Max"": null, ""Call Resistance 0DTE"": null, ""Put Support 0DTE"": null, ""HVL 0DTE"": null, ""Gamma Wall 0DTE"": null, ""GEX 1"": null, ""GEX 2"": null, ""GEX 3"": null, ""GEX 4"": null, ""GEX 5"": null, ""GEX 6"": null, ""GEX 7"": null, ""GEX 8"": null, ""GEX 9"": null, ""GEX 10"": null}",unknown,,,,42008487,False,False,before_0600,outside_cash,,,,,,,,,,,studied_8,,,,,not_applicable_outside_hours,london
007da5ca-6be1-55cd-b836-7d3f3aad02c9,002a996a-a03e-59cf-bf6a-456c846cf6dc,ca581bbf-3073-5a28-b916-817edca5ab60,2025-08-27T10:15:00+00:00,23596.0,0.25,2025-08-27,,aeb8bad860db92863af8c5db289eb426dcf765061783264e1a527cd39dac9553,"{""Call Resistance"": null, ""Put Support"": null, ""HVL"": null, ""1D Min"": null, ""1D Max"": null, ""Call Resistance 0DTE"": null, ""Put Support 0DTE"": null, ""HVL 0DTE"": null, ""Gamma Wall 0DTE"": null, ""GEX 1"": null, ""GEX 2"": null, ""GEX 3"": null, ""GEX 4"": null, ""GEX 5"": null, ""GEX 6"": null, ""GEX 7"": null, ""GEX 8"": null, ""GEX 9"": null, ""GEX 10"": null}",unknown,,,,42008487,False,False,before_0600,outside_cash,,,,,,,,,,,studied_8,,,,,not_applicable_outside_hours,london
edac5b45-ee95-526a-8fce-abb261080f57,,,2025-08-27T10:24:00+00:00,23596.75,0.25,2025-08-27,,aeb8bad860db92863af8c5db289eb426dcf765061783264e1a527cd39dac9553,"{""Call Resistance"": null, ""Put Support"": null, ""HVL"": null, ""1D Min"": null, ""1D Max"": null, ""Call Resistance 0DTE"": null, ""Put Support 0DTE"": null, ""HVL 0DTE"": null, ""Gamma Wall 0DTE"": null, ""GEX 1"": null, ""GEX 2"": null, ""GEX 3"": null, ""GEX 4"": null, ""GEX 5"": null, ""GEX 6"": null, ""GEX 7"": null, ""GEX 8"": null, ""GEX 9"": null, ""GEX 10"": null}",unknown,,,,42008487,False,False,before_0600,outside_cash,,,,,,,,,,,studied_8,,,,,not_applicable_outside_hours,london
f48d4d99-d28a-5922-9aa3-8fc54dce407d,,,2025-08-27T14:49:00+00:00,23599.25,0.25,2025-08-27,2025-08-26,aeb8bad860db92863af8c5db289eb426dcf765061783264e1a527cd39dac9553,"{""Call Resistance"": 24000.0, ""Put Support"": 23000.0, ""HVL"": 23490.0, ""1D Min"": 23378.39, ""1D Max"": 23836.61, ""Call Resistance 0DTE"": 23600.0, ""Put Support 0DTE"": 23460.0, ""HVL 0DTE"": 23530.0, ""Gamma Wall 0DTE"": 23600.0, ""GEX 1"": 23500.0, ""GEX 2"": 23800.0, ""GEX 3"": 23750.0, ""GEX 4"": 23400.0, ""GEX 5"": 23650.0, ""GEX 6"": 23300.0, ""GEX 7"": 23850.0, ""GEX 8"": 23200.0, ""GEX 9"": 23350.0, ""GEX 10"": 23950.0}",positive,2428220.643301086,0.5637065637065637,229.11000000000058,42008487,False,True,,s1_0830_1000,above,GEX 3,23750.0,150.75,0.6579808825455005,GEX 1,23500.0,99.25,0.4331980271485302,True,studied_8,-0.030553009471432857,0.030553009471432857,False,True,evaluated,ny
db203af6-9901-5db4-b32b-41b1bbe85a9f,,,2025-08-27T14:49:00+00:00,23599.25,0.25,2025-08-27,2025-08-26,aeb8bad860db92863af8c5db289eb426dcf765061783264e1a527cd39dac9553,"{""Call Resistance"": 24000.0, ""Put Support"": 23000.0, ""HVL"": 23490.0, ""1D Min"": 23378.39, ""1D Max"": 23836.61, ""Call Resistance 0DTE"": 23600.0, ""Put Support 0DTE"": 23460.0, ""HVL 0DTE"": 23530.0, ""Gamma Wall 0DTE"": 23600.0, ""GEX 1"": 23500.0, ""GEX 2"": 23800.0, ""GEX 3"": 23750.0, ""GEX 4"": 23400.0, ""GEX 5"": 23650.0, ""GEX 6"": 23300.0, ""GEX 7"": 23850.0, ""GEX 8"": 23200.0, ""GEX 9"": 23350.0, ""GEX 10"": 23950.0}",positive,2428220.643301086,0.5637065637065637,229.11000000000058,42008487,False,True,,s1_0830_1000,above,GEX 3,23750.0,150.75,0.6579808825455005,GEX 1,23500.0,99.25,0.4331980271485302,True,studied_8,-0.030553009471432857,0.030553009471432857,False,True,evaluated,ny
89b84313-4c12-5cd9-a015-0130e6bf169e,,,2025-08-27T14:55:00+00:00,23601.25,0.25,2025-08-27,2025-08-26,aeb8bad860db92863af8c5db289eb426dcf765061783264e1a527cd39dac9553,"{""Call Resistance"": 24000.0, ""Put Support"": 23000.0, ""HVL"": 23490.0, ""1D Min"": 23378.39, ""1D Max"": 23836.61, ""Call Resistance 0DTE"": 23600.0, ""Put Support 0DTE"": 23460.0, ""HVL 0DTE"": 23530.0, ""Gamma Wall 0DTE"": 23600.0, ""GEX 1"": 23500.0, ""GEX 2"": 23800.0, ""GEX 3"": 23750.0, ""GEX 4"": 23400.0, ""GEX 5"": 23650.0, ""GEX 6"": 23300.0, ""GEX 7"": 23850.0, ""GEX 8"": 23200.0, ""GEX 9"": 23350.0, ""GEX 10"": 23950.0}",positive,2428220.643301086,0.5637065637065637,229.11000000000058,42008487,False,True,,s1_0830_1000,above,GEX 3,23750.0,148.75,0.6492514512679483,GEX 1,23500.0,101.25,0.44192745842608244,True,studied_8,-0.019641220374492552,0.019641220374492552,False,True,evaluated,ny
c8d90e63-1d2b-566a-9ede-925b1556852f,,,2025-08-27T15:24:00+00:00,23605.0,0.25,2025-08-27,2025-08-26,aeb8bad860db92863af8c5db289eb426dcf765061783264e1a527cd39dac9553,"{""Call Resistance"": 24000.0, ""Put Support"": 23000.0, ""HVL"": 23490.0, ""1D Min"": 23378.39, ""1D Max"": 23836.61, ""Call Resistance 0DTE"": 23600.0, ""Put Support 0DTE"": 23460.0, ""HVL 0DTE"": 23530.0, ""Gamma Wall 0DTE"": 23600.0, ""GEX 1"": 23500.0, ""GEX 2"": 23800.0, ""GEX 3"": 23750.0, ""GEX 4"": 23400.0, ""GEX 5"": 23650.0, ""GEX 6"": 23300.0, ""GEX 7"": 23850.0, ""GEX 8"": 23200.0, ""GEX 9"": 23350.0, ""GEX 10"": 23950.0}",positive,2428220.643301086,0.5637065637065637,229.11000000000058,42008487,False,True,,s2_1000_1200,above,GEX 3,23750.0,145.0,0.6328837676225377,GEX 1,23500.0,105.0,0.45829514207149286,True,studied_8,0.003273536729082092,0.003273536729082092,False,True,evaluated,ny
a88fcc77-93f1-5a0e-8451-69fed0607896,,,2025-08-27T15:49:00+00:00,23622.5,0.25,2025-08-27,2025-08-26,aeb8bad860db92863af8c5db289eb426dcf765061783264e1a527cd39dac9553,"{""Call Resistance"": 24000.0, ""Put Support"": 23000.0, ""HVL"": 23490.0, ""1D Min"": 23378.39, ""1D Max"": 23836.61, ""Call Resistance 0DTE"": 23600.0, ""Put Support 0DTE"": 23460.0, ""HVL 0DTE"": 23530.0, ""Gamma Wall 0DTE"": 23600.0, ""GEX 1"": 23500.0, ""GEX 2"": 23800.0, ""GEX 3"": 23750.0, ""GEX 4"": 23400.0, ""GEX 5"": 23650.0, ""GEX 6"": 23300.0, ""GEX 7"": 23850.0, ""GEX 8"": 23200.0, ""GEX 9"": 23350.0, ""GEX 10"": 23950.0}",positive,2428220.643301086,0.5637065637065637,229.11000000000058,42008487,False,True,,s2_1000_1200,above,GEX 3,23750.0,127.5,0.5565012439439556,GEX 1,23500.0,122.5,0.534677665750075,True,studied_8,0.04037361965867913,0.04037361965867913,False,True,evaluated,ny
a1b31147-97c2-5239-8519-06d9ea9283cc,,,2025-08-27T15:50:00+00:00,23622.75,0.25,2025-08-27,2025-08-26,aeb8bad860db92863af8c5db289eb426dcf765061783264e1a527cd39dac9553,"{""Call Resistance"": 24000.0, ""Put Support"": 23000.0, ""HVL"": 23490.0, ""1D Min"": 23378.39, ""1D Max"": 23836.61, ""Call Resistance 0DTE"": 23600.0, ""Put Support 0DTE"": 23460.0, ""HVL 0DTE"": 23530.0, ""Gamma Wall 0DTE"": 23600.0, ""GEX 1"": 23500.0, ""GEX 2"": 23800.0, ""GEX 3"": 23750.0, ""GEX 4"": 23400.0, ""GEX 5"": 23650.0, ""GEX 6"": 23300.0, ""GEX 7"": 23850.0, ""GEX 8"": 23200.0, ""GEX 9"": 23350.0, ""GEX 10"": 23950.0}",positive,2428220.643301086,0.5637065637065637,229.11000000000058,42008487,False,True,,s2_1000_1200,above,GEX 3,23750.0,127.25,0.5554100650342616,GEX 1,23500.0,122.75,0.535768844659769,True,studied_8,0.070926629130112,0.070926629130112,False,True,evaluated,ny
20eb93ee-ba9a-5a55-b80d-ecd508040226,,,2025-08-27T15:58:00+00:00,23627.75,0.25,2025-08-27,2025-08-26,aeb8bad860db92863af8c5db289eb426dcf765061783264e1a527cd39dac9553,"{""Call Resistance"": 24000.0, ""Put Support"": 23000.0, ""HVL"": 23490.0, ""1D Min"": 23378.39, ""1D Max"": 23836.61, ""Call Resistance 0DTE"": 23600.0, ""Put Support 0DTE"": 23460.0, ""HVL 0DTE"": 23530.0, ""Gamma Wall 0DTE"": 23600.0, ""GEX 1"": 23500.0, ""GEX 2"": 23800.0, ""GEX 3"": 23750.0, ""GEX 4"": 23400.0, ""GEX 5"": 23650.0, ""GEX 6"": 23300.0, ""GEX 7"": 23850.0, ""GEX 8"": 23200.0, ""GEX 9"": 23350.0, ""GEX 10"": 23950.0}",positive,2428220.643301086,0.5637065637065637,229.11000000000058,42008487,False,True,,s2_1000_1200,above,GEX 3,23750.0,122.25,0.533586486840381,GEX 1,23500.0,127.75,0.5575924228536496,True,studied_8,0.10038845969185083,0.10038845969185083,False,True,evaluated,ny
c3d071f0-a12a-5711-853a-27906c23562b,,,2025-08-27T17:30:00+00:00,23602.0,0.25,2025-08-27,2025-08-26,aeb8bad860db92863af8c5db289eb426dcf765061783264e1a527cd39dac9553,"{""Call Resistance"": 24000.0, ""Put Support"": 23000.0, ""HVL"": 23490.0, ""1D Min"": 23378.39, ""1D Max"": 23836.61, ""Call Resistance 0DTE"": 23600.0, ""Put Support 0DTE"": 23460.0, ""HVL 0DTE"": 23530.0, ""Gamma Wall 0DTE"": 23600.0, ""GEX 1"": 23500.0, ""GEX 2"": 23800.0, ""GEX 3"": 23750.0, ""GEX 4"": 23400.0, ""GEX 5"": 23650.0, ""GEX 6"": 23300.0, ""GEX 7"": 23850.0, ""GEX 8"": 23200.0, ""GEX 9"": 23350.0, ""GEX 10"": 23950.0}",positive,2428220.643301086,0.5637065637065637,229.11000000000058,42008487,False,True,,s3_1200_1330,above,GEX 3,23750.0,148.0,0.6459779145388661,GEX 1,23500.0,102.0,0.44520099515516454,True,studied_8,-0.014185325826022398,0.014185325826022398,False,True,evaluated,ny
d368886a-9ad2-518a-87d8-1d52a2e15e55,,,2025-08-27T17:41:00+00:00,23614.75,0.25,2025-08-27,2025-08-26,aeb8bad860db92863af8c5db289eb426dcf765061783264e1a527cd39dac9553,"{""Call Resistance"": 24000.0, ""Put Support"": 23000.0, ""HVL"": 23490.0, ""1D Min"": 23378.39, ""1D Max"": 23836.61, ""Call Resistance 0DTE"": 23600.0, ""Put Support 0DTE"": 23460.0, ""HVL 0DTE"": 23530.0, ""Gamma Wall 0DTE"": 23600.0, ""GEX 1"": 23500.0, ""GEX 2"": 23800.0, ""GEX 3"": 23750.0, ""GEX 4"": 23400.0, ""GEX 5"": 23650.0, ""GEX 6"": 23300.0, ""GEX 7"": 23850.0, ""GEX 8"": 23200.0, ""GEX 9"": 23350.0, ""GEX 10"": 23950.0}",positive,2428220.643301086,0.5637065637065637,229.11000000000058,42008487,False,True,,s3_1200_1330,above,GEX 3,23750.0,135.25,0.5903277901444706,GEX 1,23500.0,114.75,0.5008511195495601,True,studied_8,0.03273536729082092,0.03273536729082092,False,True,evaluated,ny
df8cf91f-0870-5720-9d8e-f29dcf7da6e1,,,2025-08-27T17:53:00+00:00,23619.75,0.25,2025-08-27,2025-08-26,aeb8bad860db92863af8c5db289eb426dcf765061783264e1a527cd39dac9553,"{""Call Resistance"": 24000.0, ""Put Support"": 23000.0, ""HVL"": 23490.0, ""1D Min"": 23378.39, ""1D Max"": 23836.61, ""Call Resistance 0DTE"": 23600.0, ""Put Support 0DTE"": 23460.0, ""HVL 0DTE"": 23530.0, ""Gamma Wall 0DTE"": 23600.0, ""GEX 1"": 23500.0, ""GEX 2"": 23800.0, ""GEX 3"": 23750.0, ""GEX 4"": 23400.0, ""GEX 5"": 23650.0, ""GEX 6"": 23300.0, ""GEX 7"": 23850.0, ""GEX 8"": 23200.0, ""GEX 9"": 23350.0, ""GEX 10"": 23950.0}",positive,2428220.643301086,0.5637065637065637,229.11000000000058,42008487,False,True,,s3_1200_1330,above,GEX 3,23750.0,130.25,0.56850421195059,GEX 1,23500.0,119.75,0.5226746977434407,True,studied_8,0.06001484003317169,0.06001484003317169,False,True,evaluated,ny
b9fea344-c699-576f-af8b-7a370c406a80,,,2025-08-27T17:59:00+00:00,23624.25,0.25,2025-08-27,2025-08-26,aeb8bad860db92863af8c5db289eb426dcf765061783264e1a527cd39dac9553,"{""Call Resistance"": 24000.0, ""Put Support"": 23000.0, ""HVL"": 23490.0, ""1D Min"": 23378.39, ""1D Max"": 23836.61, ""Call Resistance 0DTE"": 23600.0, ""Put Support 0DTE"": 23460.0, ""HVL 0DTE"": 23530.0, ""Gamma Wall 0DTE"": 23600.0, ""GEX 1"": 23500.0, ""GEX 2"": 23800.0, ""GEX 3"": 23750.0, ""GEX 4"": 23400.0, ""GEX 5"": 23650.0, ""GEX 6"": 23300.0, ""GEX 7"": 23850.0, ""GEX 8"": 23200.0, ""GEX 9"": 23350.0, ""GEX 10"": 23950.0}",positive,2428220.643301086,0.5637065637065637,229.11000000000058,42008487,False,True,,s3_1200_1330,above,GEX 3,23750.0,125.75,0.5488629915760974,GEX 1,23500.0,124.25,0.5423159181179332,True,studied_8,0.06874427131072393,0.06874427131072393,False,True,evaluated,ny
3342e6b7-7194-561c-93a5-278e05a9b5fe,,,2025-08-27T18:09:00+00:00,23625.0,0.25,2025-08-27,2025-08-26,aeb8bad860db92863af8c5db289eb426dcf765061783264e1a527cd39dac9553,"{""Call Resistance"": 24000.0, ""Put Support"": 23000.0, ""HVL"": 23490.0, ""1D Min"": 23378.39, ""1D Max"": 23836.61, ""Call Resistance 0DTE"": 23600.0, ""Put Support 0DTE"": 23460.0, ""HVL 0DTE"": 23530.0, ""Gamma Wall 0DTE"": 23600.0, ""GEX 1"": 23500.0, ""GEX 2"": 23800.0, ""GEX 3"": 23750.0, ""GEX 4"": 23400.0, ""GEX 5"": 23650.0, ""GEX 6"": 23300.0, ""GEX 7"": 23850.0, ""GEX 8"": 23200.0, ""GEX 9"": 23350.0, ""GEX 10"": 23950.0}",positive,2428220.643301086,0.5637065637065637,229.11000000000058,42008487,False,True,,s3_1200_1330,above,GEX 3,23750.0,125.0,0.5455894548470154,GEX 1,23500.0,125.0,0.5455894548470154,True,studied_8,0.0818384182270523,0.0818384182270523,False,True,evaluated,none
6c1d756e-9029-5b92-9efb-631908de36d7,,,2025-08-27T18:14:00+00:00,23641.25,0.25,2025-08-27,2025-08-26,aeb8bad860db92863af8c5db289eb426dcf765061783264e1a527cd39dac9553,"{""Call Resistance"": 24000.0, ""Put Support"": 23000.0, ""HVL"": 23490.0, ""1D Min"": 23378.39, ""1D Max"": 23836.61, ""Call Resistance 0DTE"": 23600.0, ""Put Support 0DTE"": 23460.0, ""HVL 0DTE"": 23530.0, ""Gamma Wall 0DTE"": 23600.0, ""GEX 1"": 23500.0, ""GEX 2"": 23800.0, ""GEX 3"": 23750.0, ""GEX 4"": 23400.0, ""GEX 5"": 23650.0, ""GEX 6"": 23300.0, ""GEX 7"": 23850.0, ""GEX 8"": 23200.0, ""GEX 9"": 23350.0, ""GEX 10"": 23950.0}",positive,2428220.643301086,0.5637065637065637,229.11000000000058,42008487,False,True,,s3_1200_1330,above,GEX 3,23750.0,108.75,0.4746628257169033,GEX 1,23500.0,141.25,0.6165160839771273,True,studied_8,0.11893850115664935,0.11893850115664935,False,True,evaluated,none
dc999586-2f82-5f78-a19f-167438c6be3c,,,2025-08-27T18:15:00+00:00,23650.0,0.25,2025-08-27,2025-08-26,aeb8bad860db92863af8c5db289eb426dcf765061783264e1a527cd39dac9553,"{""Call Resistance"": 24000.0, ""Put Support"": 23000.0, ""HVL"": 23490.0, ""1D Min"": 23378.39, ""1D Max"": 23836.61, ""Call Resistance 0DTE"": 23600.0, ""Put Support 0DTE"": 23460.0, ""HVL 0DTE"": 23530.0, ""Gamma Wall 0DTE"": 23600.0, ""GEX 1"": 23500.0, ""GEX 2"": 23800.0, ""GEX 3"": 23750.0, ""GEX 4"": 23400.0, ""GEX 5"": 23650.0, ""GEX 6"": 23300.0, ""GEX 7"": 23850.0, ""GEX 8"": 23200.0, ""GEX 9"": 23350.0, ""GEX 10"": 23950.0}",positive,2428220.643301086,0.5637065637065637,229.11000000000058,42008487,False,True,,s3_1200_1330,above,GEX 3,23750.0,100.0,0.43647156387761227,GEX 1,23500.0,150.0,0.6547073458164184,True,studied_8,0.15385622626685833,0.15385622626685833,False,True,evaluated,none
a17c87a5-4881-5a77-80dc-1ce333e16f1d,,,2025-08-27T18:16:00+00:00,23651.5,0.25,2025-08-27,2025-08-26,aeb8bad860db92863af8c5db289eb426dcf765061783264e1a527cd39dac9553,"{""Call Resistance"": 24000.0, ""Put Support"": 23000.0, ""HVL"": 23490.0, ""1D Min"": 23378.39, ""1D Max"": 23836.61, ""Call Resistance 0DTE"": 23600.0, ""Put Support 0DTE"": 23460.0, ""HVL 0DTE"": 23530.0, ""Gamma Wall 0DTE"": 23600.0, ""GEX 1"": 23500.0, ""GEX 2"": 23800.0, ""GEX 3"": 23750.0, ""GEX 4"": 23400.0, ""GEX 5"": 23650.0, ""GEX 6"": 23300.0, ""GEX 7"": 23850.0, ""GEX 8"": 23200.0, ""GEX 9"": 23350.0, ""GEX 10"": 23950.0}",positive,2428220.643301086,0.5637065637065637,229.11000000000058,42008487,False,True,,s3_1200_1330,above,GEX 3,23750.0,98.5,0.4299244904194481,GEX 1,23500.0,151.5,0.6612544192745826,True,studied_8,0.19204748810614938,0.19204748810614938,False,True,evaluated,none
50038096-5457-59b6-8bb5-62ff40be1960,,,2025-08-27T18:25:00+00:00,23653.0,0.25,2025-08-27,2025-08-26,aeb8bad860db92863af8c5db289eb426dcf765061783264e1a527cd39dac9553,"{""Call Resistance"": 24000.0, ""Put Support"": 23000.0, ""HVL"": 23490.0, ""1D Min"": 23378.39, ""1D Max"": 23836.61, ""Call Resistance 0DTE"": 23600.0, ""Put Support 0DTE"": 23460.0, ""HVL 0DTE"": 23530.0, ""Gamma Wall 0DTE"": 23600.0, ""GEX 1"": 23500.0, ""GEX 2"": 23800.0, ""GEX 3"": 23750.0, ""GEX 4"": 23400.0, ""GEX 5"": 23650.0, ""GEX 6"": 23300.0, ""GEX 7"": 23850.0, ""GEX 8"": 23200.0, ""GEX 9"": 23350.0, ""GEX 10"": 23950.0}",positive,2428220.643301086,0.5637065637065637,229.11000000000058,42008487,False,True,,s3_1200_1330,above,GEX 3,23750.0,97.0,0.4233774169612839,GEX 1,23500.0,153.0,0.6678014927327468,True,studied_8,0.21823578193880613,0.21823578193880613,False,True,evaluated,none
dffc53d0-0500-58be-834b-497cbb093e82,2cfb01ba-c0a1-5d3d-884b-dc6b591525d1,88dbc8f1-f1ab-594d-954a-395c21d39ef7,2025-08-27T22:52:00+00:00,23531.0,0.25,2025-08-27,,aeb8bad860db92863af8c5db289eb426dcf765061783264e1a527cd39dac9553,"{""Call Resistance"": null, ""Put Support"": null, ""HVL"": null, ""1D Min"": null, ""1D Max"": null, ""Call Resistance 0DTE"": null, ""Put Support 0DTE"": null, ""HVL 0DTE"": null, ""Gamma Wall 0DTE"": null, ""GEX 1"": null, ""GEX 2"": null, ""GEX 3"": null, ""GEX 4"": null, ""GEX 5"": null, ""GEX 6"": null, ""GEX 7"": null, ""GEX 8"": null, ""GEX 9"": null, ""GEX 10"": null}",unknown,,,,42008487,False,False,after_1700,outside_cash,,,,,,,,,,,studied_8,,,,,not_applicable_outside_hours,asia
bd8d97ed-5798-59e9-bc69-4196d2108d5b,,,2025-08-27T22:53:00+00:00,23531.75,0.25,2025-08-27,,aeb8bad860db92863af8c5db289eb426dcf765061783264e1a527cd39dac9553,"{""Call Resistance"": null, ""Put Support"": null, ""HVL"": null, ""1D Min"": null, ""1D Max"": null, ""Call Resistance 0DTE"": null, ""Put Support 0DTE"": null, ""HVL 0DTE"": null, ""Gamma Wall 0DTE"": null, ""GEX 1"": null, ""GEX 2"": null, ""GEX 3"": null, ""GEX 4"": null, ""GEX 5"": null, ""GEX 6"": null, ""GEX 7"": null, ""GEX 8"": null, ""GEX 9"": null, ""GEX 10"": null}",unknown,,,,42008487,False,False,after_1700,outside_cash,,,,,,,,,,,studied_8,,,,,not_applicable_outside_hours,asia
e30c70c2-b31f-5611-b96c-69ad6bb19948,,,2025-08-27T22:55:00+00:00,23524.75,0.25,2025-08-27,,aeb8bad860db92863af8c5db289eb426dcf765061783264e1a527cd39dac9553,"{""Call Resistance"": null, ""Put Support"": null, ""HVL"": null, ""1D Min"": null, ""1D Max"": null, ""Call Resistance 0DTE"": null, ""Put Support 0DTE"": null, ""HVL 0DTE"": null, ""Gamma Wall 0DTE"": null, ""GEX 1"": null, ""GEX 2"": null, ""GEX 3"": null, ""GEX 4"": null, ""GEX 5"": null, ""GEX 6"": null, ""GEX 7"": null, ""GEX 8"": null, ""GEX 9"": null, ""GEX 10"": null}",unknown,,,,42008487,False,False,after_1700,outside_cash,,,,,,,,,,,studied_8,,,,,not_applicable_outside_hours,asia
1cdbb77c-6c9f-5ff0-8aab-8bf1feb1fd6a,631aca79-b5e0-5157-80b6-38662a9cf420,7e3cbc4d-2ea1-5979-8dd9-dc0ee10d7cf3,2025-08-28T01:28:00+00:00,23529.25,0.25,2025-08-27,,aeb8bad860db92863af8c5db289eb426dcf765061783264e1a527cd39dac9553,"{""Call Resistance"": null, ""Put Support"": null, ""HVL"": null, ""1D Min"": null, ""1D Max"": null, ""Call Resistance 0DTE"": null, ""Put Support 0DTE"": null, ""HVL 0DTE"": null, ""Gamma Wall 0DTE"": null, ""GEX 1"": null, ""GEX 2"": null, ""GEX 3"": null, ""GEX 4"": null, ""GEX 5"": null, ""GEX 6"": null, ""GEX 7"": null, ""GEX 8"": null, ""GEX 9"": null, ""GEX 10"": null}",unknown,,,,42008487,False,False,after_1700,outside_cash,,,,,,,,,,,studied_8,,,,,not_applicable_outside_hours,asia
47e55f67-92fd-56c2-9120-8fc5d7899017,,,2025-08-28T01:28:00+00:00,23529.25,0.25,2025-08-27,,aeb8bad860db92863af8c5db289eb426dcf765061783264e1a527cd39dac9553,"{""Call Resistance"": null, ""Put Support"": null, ""HVL"": null, ""1D Min"": null, ""1D Max"": null, ""Call Resistance 0DTE"": null, ""Put Support 0DTE"": null, ""HVL 0DTE"": null, ""Gamma Wall 0DTE"": null, ""GEX 1"": null, ""GEX 2"": null, ""GEX 3"": null, ""GEX 4"": null, ""GEX 5"": null, ""GEX 6"": null, ""GEX 7"": null, ""GEX 8"": null, ""GEX 9"": null, ""GEX 10"": null}",unknown,,,,42008487,False,False,after_1700,outside_cash,,,,,,,,,,,studied_8,,,,,not_applicable_outside_hours,asia
c799b532-b9b4-56b5-81f2-606477d61d8a,,,2025-09-03T03:16:00+00:00,23326.5,0.25,2025-09-02,,aeb8bad860db92863af8c5db289eb426dcf765061783264e1a527cd39dac9553,"{""Call Resistance"": null, ""Put Support"": null, ""HVL"": null, ""1D Min"": null, ""1D Max"": null, ""Call Resistance 0DTE"": null, ""Put Support 0DTE"": null, ""HVL 0DTE"": null, ""Gamma Wall 0DTE"": null, ""GEX 1"": null, ""GEX 2"": null, ""GEX 3"": null, ""GEX 4"": null, ""GEX 5"": null, ""GEX 6"": null, ""GEX 7"": null, ""GEX 8"": null, ""GEX 9"": null, ""GEX 10"": null}",unknown,,,,42008487,False,False,after_1700,outside_cash,,,,,,,,,,,studied_8,,,,,not_applicable_outside_hours,asia
e4c11949-9152-51ee-ba98-d54e0584e35e,51fae842-7806-57d6-a0f3-26557fd97b92,98b75f28-6932-56b0-84d4-1869609c392e,2025-09-03T07:04:00+00:00,23357.5,0.25,2025-09-03,,aeb8bad860db92863af8c5db289eb426dcf765061783264e1a527cd39dac9553,"{""Call Resistance"": null, ""Put Support"": null, ""HVL"": null, ""1D Min"": null, ""1D Max"": null, ""Call Resistance 0DTE"": null, ""Put Support 0DTE"": null, ""HVL 0DTE"": null, ""Gamma Wall 0DTE"": null, ""GEX 1"": null, ""GEX 2"": null, ""GEX 3"": null, ""GEX 4"": null, ""GEX 5"": null, ""GEX 6"": null, ""GEX 7"": null, ""GEX 8"": null, ""GEX 9"": null, ""GEX 10"": null}",unknown,,,,42008487,False,False,before_0600,outside_cash,,,,,,,,,,,studied_8,,,,,not_applicable_outside_hours,london
cb41a383-13d7-5893-bd55-1cf880a92cc2,,,2025-09-03T07:05:00+00:00,23361.0,0.25,2025-09-03,,aeb8bad860db92863af8c5db289eb426dcf765061783264e1a527cd39dac9553,"{""Call Resistance"": null, ""Put Support"": null, ""HVL"": null, ""1D Min"": null, ""1D Max"": null, ""Call Resistance 0DTE"": null, ""Put Support 0DTE"": null, ""HVL 0DTE"": null, ""Gamma Wall 0DTE"": null, ""GEX 1"": null, ""GEX 2"": null, ""GEX 3"": null, ""GEX 4"": null, ""GEX 5"": null, ""GEX 6"": null, ""GEX 7"": null, ""GEX 8"": null, ""GEX 9"": null, ""GEX 10"": null}",unknown,,,,42008487,False,False,before_0600,outside_cash,,,,,,,,,,,studied_8,,,,,not_applicable_outside_hours,london
69e9b9fe-2cea-54b8-b49f-bbac20f1b778,,,2025-09-03T07:08:00+00:00,23350.25,0.25,2025-09-03,,aeb8bad860db92863af8c5db289eb426dcf765061783264e1a527cd39dac9553,"{""Call Resistance"": null, ""Put Support"": null, ""HVL"": null, ""1D Min"": null, ""1D Max"": null, ""Call Resistance 0DTE"": null, ""Put Support 0DTE"": null, ""HVL 0DTE"": null, ""Gamma Wall 0DTE"": null, ""GEX 1"": null, ""GEX 2"": null, ""GEX 3"": null, ""GEX 4"": null, ""GEX 5"": null, ""GEX 6"": null, ""GEX 7"": null, ""GEX 8"": null, ""GEX 9"": null, ""GEX 10"": null}",unknown,,,,42008487,False,False,before_0600,outside_cash,,,,,,,,,,,studied_8,,,,,not_applicable_outside_hours,london
d12ab6e1-1cc5-595b-acc6-a78f26829bec,2ebbdfa8-ae72-538f-9464-cc88ed86d488,b13c2aa4-8ce1-5d2e-8673-8c71bf21b904,2026-04-02T23:58:00+00:00,24211.75,0.25,2026-04-02,,aeb8bad860db92863af8c5db289eb426dcf765061783264e1a527cd39dac9553,"{""Call Resistance"": null, ""Put Support"": null, ""HVL"": null, ""1D Min"": null, ""1D Max"": null, ""Call Resistance 0DTE"": null, ""Put Support 0DTE"": null, ""HVL 0DTE"": null, ""Gamma Wall 0DTE"": null, ""GEX 1"": null, ""GEX 2"": null, ""GEX 3"": null, ""GEX 4"": null, ""GEX 5"": null, ""GEX 6"": null, ""GEX 7"": null, ""GEX 8"": null, ""GEX 9"": null, ""GEX 10"": null}",unknown,,,,42004058,False,False,after_1700,outside_cash,,,,,,,,,,,studied_8,,,,,not_applicable_outside_hours,asia
df12e219-aa04-5241-b407-a761a4d38a6a,0c616ebf-5172-5dc2-b5ee-42c661cb9ddb,7ec74b25-cb49-5ddb-b42e-588dbb574a57,2026-04-05T22:51:00+00:00,24073.0,0.25,2026-04-05,,aeb8bad860db92863af8c5db289eb426dcf765061783264e1a527cd39dac9553,"{""Call Resistance"": null, ""Put Support"": null, ""HVL"": null, ""1D Min"": null, ""1D Max"": null, ""Call Resistance 0DTE"": null, ""Put Support 0DTE"": null, ""HVL 0DTE"": null, ""Gamma Wall 0DTE"": null, ""GEX 1"": null, ""GEX 2"": null, ""GEX 3"": null, ""GEX 4"": null, ""GEX 5"": null, ""GEX 6"": null, ""GEX 7"": null, ""GEX 8"": null, ""GEX 9"": null, ""GEX 10"": null}",unknown,,,,42004058,False,False,after_1700,outside_cash,,,,,,,,,,,studied_8,,,,,not_applicable_outside_hours,asia
5f2e861b-7a50-59e8-a107-6972dd463aa7,,,2026-04-05T22:52:00+00:00,24074.75,0.25,2026-04-05,,aeb8bad860db92863af8c5db289eb426dcf765061783264e1a527cd39dac9553,"{""Call Resistance"": null, ""Put Support"": null, ""HVL"": null, ""1D Min"": null, ""1D Max"": null, ""Call Resistance 0DTE"": null, ""Put Support 0DTE"": null, ""HVL 0DTE"": null, ""Gamma Wall 0DTE"": null, ""GEX 1"": null, ""GEX 2"": null, ""GEX 3"": null, ""GEX 4"": null, ""GEX 5"": null, ""GEX 6"": null, ""GEX 7"": null, ""GEX 8"": null, ""GEX 9"": null, ""GEX 10"": null}",unknown,,,,42004058,False,False,after_1700,outside_cash,,,,,,,,,,,studied_8,,,,,not_applicable_outside_hours,asia
c611442b-caad-5b8e-9f0f-607b84d34cd0,,,2026-04-05T23:03:00+00:00,24066.25,0.25,2026-04-05,,aeb8bad860db92863af8c5db289eb426dcf765061783264e1a527cd39dac9553,"{""Call Resistance"": null, ""Put Support"": null, ""HVL"": null, ""1D Min"": null, ""1D Max"": null, ""Call Resistance 0DTE"": null, ""Put Support 0DTE"": null, ""HVL 0DTE"": null, ""Gamma Wall 0DTE"": null, ""GEX 1"": null, ""GEX 2"": null, ""GEX 3"": null, ""GEX 4"": null, ""GEX 5"": null, ""GEX 6"": null, ""GEX 7"": null, ""GEX 8"": null, ""GEX 9"": null, ""GEX 10"": null}",unknown,,,,42004058,False,False,after_1700,outside_cash,,,,,,,,,,,studied_8,,,,,not_applicable_outside_hours,asia
cf2cb368-59ee-5028-87cf-5879a76c44cd,,,2026-04-05T23:56:00+00:00,24080.0,0.25,2026-04-05,,aeb8bad860db92863af8c5db289eb426dcf765061783264e1a527cd39dac9553,"{""Call Resistance"": null, ""Put Support"": null, ""HVL"": null, ""1D Min"": null, ""1D Max"": null, ""Call Resistance 0DTE"": null, ""Put Support 0DTE"": null, ""HVL 0DTE"": null, ""Gamma Wall 0DTE"": null, ""GEX 1"": null, ""GEX 2"": null, ""GEX 3"": null, ""GEX 4"": null, ""GEX 5"": null, ""GEX 6"": null, ""GEX 7"": null, ""GEX 8"": null, ""GEX 9"": null, ""GEX 10"": null}",unknown,,,,42004058,False,False,after_1700,outside_cash,,,,,,,,,,,studied_8,,,,,not_applicable_outside_hours,asia
ee9476f9-ac73-5e18-b8ad-d8ca18ffbab6,,,2026-04-05T23:58:00+00:00,24087.0,0.25,2026-04-05,,aeb8bad860db92863af8c5db289eb426dcf765061783264e1a527cd39dac9553,"{""Call Resistance"": null, ""Put Support"": null, ""HVL"": null, ""1D Min"": null, ""1D Max"": null, ""Call Resistance 0DTE"": null, ""Put Support 0DTE"": null, ""HVL 0DTE"": null, ""Gamma Wall 0DTE"": null, ""GEX 1"": null, ""GEX 2"": null, ""GEX 3"": null, ""GEX 4"": null, ""GEX 5"": null, ""GEX 6"": null, ""GEX 7"": null, ""GEX 8"": null, ""GEX 9"": null, ""GEX 10"": null}",unknown,,,,42004058,False,False,after_1700,outside_cash,,,,,,,,,,,studied_8,,,,,not_applicable_outside_hours,asia
e71fd5cf-c77b-5cb1-a35b-c20ad82e3bbc,d02c1a42-e102-5fa5-953b-db79e0c627a1,224bbca5-9ff1-5357-abd3-f39e5c9a290e,2026-04-06T03:48:00+00:00,24205.75,0.25,2026-04-05,,aeb8bad860db92863af8c5db289eb426dcf765061783264e1a527cd39dac9553,"{""Call Resistance"": null, ""Put Support"": null, ""HVL"": null, ""1D Min"": null, ""1D Max"": null, ""Call Resistance 0DTE"": null, ""Put Support 0DTE"": null, ""HVL 0DTE"": null, ""Gamma Wall 0DTE"": null, ""GEX 1"": null, ""GEX 2"": null, ""GEX 3"": null, ""GEX 4"": null, ""GEX 5"": null, ""GEX 6"": null, ""GEX 7"": null, ""GEX 8"": null, ""GEX 9"": null, ""GEX 10"": null}",unknown,,,,42004058,False,False,after_1700,outside_cash,,,,,,,,,,,studied_8,,,,,not_applicable_outside_hours,asia
4992599d-fa5f-5bca-a8de-a1223e5ca9a1,,,2026-04-06T04:02:00+00:00,24227.0,0.25,2026-04-05,,aeb8bad860db92863af8c5db289eb426dcf765061783264e1a527cd39dac9553,"{""Call Resistance"": null, ""Put Support"": null, ""HVL"": null, ""1D Min"": null, ""1D Max"": null, ""Call Resistance 0DTE"": null, ""Put Support 0DTE"": null, ""HVL 0DTE"": null, ""Gamma Wall 0DTE"": null, ""GEX 1"": null, ""GEX 2"": null, ""GEX 3"": null, ""GEX 4"": null, ""GEX 5"": null, ""GEX 6"": null, ""GEX 7"": null, ""GEX 8"": null, ""GEX 9"": null, ""GEX 10"": null}",unknown,,,,42004058,False,False,after_1700,outside_cash,,,,,,,,,,,studied_8,,,,,not_applicable_outside_hours,asia
1571f662-be62-52e6-9c67-dc75858c728e,,,2026-04-06T04:03:00+00:00,24224.75,0.25,2026-04-05,,aeb8bad860db92863af8c5db289eb426dcf765061783264e1a527cd39dac9553,"{""Call Resistance"": null, ""Put Support"": null, ""HVL"": null, ""1D Min"": null, ""1D Max"": null, ""Call Resistance 0DTE"": null, ""Put Support 0DTE"": null, ""HVL 0DTE"": null, ""Gamma Wall 0DTE"": null, ""GEX 1"": null, ""GEX 2"": null, ""GEX 3"": null, ""GEX 4"": null, ""GEX 5"": null, ""GEX 6"": null, ""GEX 7"": null, ""GEX 8"": null, ""GEX 9"": null, ""GEX 10"": null}",unknown,,,,42004058,False,False,after_1700,outside_cash,,,,,,,,,,,studied_8,,,,,not_applicable_outside_hours,asia
aa836a81-bad7-5deb-87cb-29a1c89a0c23,,,2026-04-06T10:18:00+00:00,24350.75,0.25,2026-04-06,,aeb8bad860db92863af8c5db289eb426dcf765061783264e1a527cd39dac9553,"{""Call Resistance"": null, ""Put Support"": null, ""HVL"": null, ""1D Min"": null, ""1D Max"": null, ""Call Resistance 0DTE"": null, ""Put Support 0DTE"": null, ""HVL 0DTE"": null, ""Gamma Wall 0DTE"": null, ""GEX 1"": null, ""GEX 2"": null, ""GEX 3"": null, ""GEX 4"": null, ""GEX 5"": null, ""GEX 6"": null, ""GEX 7"": null, ""GEX 8"": null, ""GEX 9"": null, ""GEX 10"": null}",unknown,,,,42004058,False,False,before_0600,outside_cash,,,,,,,,,,,studied_8,,,,,not_applicable_outside_hours,london
ae197845-6e75-50ca-9cb6-27c5e9c8d579,00a8d6b6-5c47-589a-a63b-0b1859ec3275,dfe92ab2-d562-5211-bc7e-81db869becdd,2026-04-07T02:46:00+00:00,24207.75,0.25,2026-04-06,,aeb8bad860db92863af8c5db289eb426dcf765061783264e1a527cd39dac9553,"{""Call Resistance"": null, ""Put Support"": null, ""HVL"": null, ""1D Min"": null, ""1D Max"": null, ""Call Resistance 0DTE"": null, ""Put Support 0DTE"": null, ""HVL 0DTE"": null, ""Gamma Wall 0DTE"": null, ""GEX 1"": null, ""GEX 2"": null, ""GEX 3"": null, ""GEX 4"": null, ""GEX 5"": null, ""GEX 6"": null, ""GEX 7"": null, ""GEX 8"": null, ""GEX 9"": null, ""GEX 10"": null}",unknown,,,,42004058,False,False,after_1700,outside_cash,,,,,,,,,,,studied_8,,,,,not_applicable_outside_hours,asia
74c0a921-3000-5099-a604-6e8933938d99,,,2026-04-07T02:46:00+00:00,24207.75,0.25,2026-04-06,,aeb8bad860db92863af8c5db289eb426dcf765061783264e1a527cd39dac9553,"{""Call Resistance"": null, ""Put Support"": null, ""HVL"": null, ""1D Min"": null, ""1D Max"": null, ""Call Resistance 0DTE"": null, ""Put Support 0DTE"": null, ""HVL 0DTE"": null, ""Gamma Wall 0DTE"": null, ""GEX 1"": null, ""GEX 2"": null, ""GEX 3"": null, ""GEX 4"": null, ""GEX 5"": null, ""GEX 6"": null, ""GEX 7"": null, ""GEX 8"": null, ""GEX 9"": null, ""GEX 10"": null}",unknown,,,,42004058,False,False,after_1700,outside_cash,,,,,,,,,,,studied_8,,,,,not_applicable_outside_hours,asia
cfa938ba-9987-53d6-9e1c-cc4a03303e3d,,,2026-04-07T02:49:00+00:00,24219.0,0.25,2026-04-06,,aeb8bad860db92863af8c5db289eb426dcf765061783264e1a527cd39dac9553,"{""Call Resistance"": null, ""Put Support"": null, ""HVL"": null, ""1D Min"": null, ""1D Max"": null, ""Call Resistance 0DTE"": null, ""Put Support 0DTE"": null, ""HVL 0DTE"": null, ""Gamma Wall 0DTE"": null, ""GEX 1"": null, ""GEX 2"": null, ""GEX 3"": null, ""GEX 4"": null, ""GEX 5"": null, ""GEX 6"": null, ""GEX 7"": null, ""GEX 8"": null, ""GEX 9"": null, ""GEX 10"": null}",unknown,,,,42004058,False,False,after_1700,outside_cash,,,,,,,,,,,studied_8,,,,,not_applicable_outside_hours,asia
53c9e335-1d18-504c-abfe-a77c1d47f037,,,2026-04-07T02:59:00+00:00,24210.25,0.25,2026-04-06,,aeb8bad860db92863af8c5db289eb426dcf765061783264e1a527cd39dac9553,"{""Call Resistance"": null, ""Put Support"": null, ""HVL"": null, ""1D Min"": null, ""1D Max"": null, ""Call Resistance 0DTE"": null, ""Put Support 0DTE"": null, ""HVL 0DTE"": null, ""Gamma Wall 0DTE"": null, ""GEX 1"": null, ""GEX 2"": null, ""GEX 3"": null, ""GEX 4"": null, ""GEX 5"": null, ""GEX 6"": null, ""GEX 7"": null, ""GEX 8"": null, ""GEX 9"": null, ""GEX 10"": null}",unknown,,,,42004058,False,False,after_1700,outside_cash,,,,,,,,,,,studied_8,,,,,not_applicable_outside_hours,asia
b62d8ab9-34f7-52e3-afe2-7311e81ef017,,,2026-04-07T03:24:00+00:00,24215.75,0.25,2026-04-06,,aeb8bad860db92863af8c5db289eb426dcf765061783264e1a527cd39dac9553,"{""Call Resistance"": null, ""Put Support"": null, ""HVL"": null, ""1D Min"": null, ""1D Max"": null, ""Call Resistance 0DTE"": null, ""Put Support 0DTE"": null, ""HVL 0DTE"": null, ""Gamma Wall 0DTE"": null, ""GEX 1"": null, ""GEX 2"": null, ""GEX 3"": null, ""GEX 4"": null, ""GEX 5"": null, ""GEX 6"": null, ""GEX 7"": null, ""GEX 8"": null, ""GEX 9"": null, ""GEX 10"": null}",unknown,,,,42004058,False,False,after_1700,outside_cash,,,,,,,,,,,studied_8,,,,,not_applicable_outside_hours,asia
44e187bf-883c-5efd-bb1c-5a57fced6ce8,,,2026-04-08T20:41:00+00:00,25040.5,0.25,2026-04-08,2026-04-07,aeb8bad860db92863af8c5db289eb426dcf765061783264e1a527cd39dac9553,"{""Call Resistance"": 24750.0, ""Put Support"": 23500.0, ""HVL"": 24175.0, ""1D Min"": 24030.01, ""1D Max"": 24768.49, ""Call Resistance 0DTE"": 24500.0, ""Put Support 0DTE"": 23500.0, ""HVL 0DTE"": 24175.0, ""Gamma Wall 0DTE"": 24500.0, ""GEX 1"": 24600.0, ""GEX 2"": 24250.0, ""GEX 3"": 24400.0, ""GEX 4"": 24050.0, ""GEX 5"": 24300.0, ""GEX 6"": 24800.0, ""GEX 7"": 24900.0, ""GEX 8"": 25000.0, ""GEX 9"": 24000.0, ""GEX 10"": 25100.0}",positive,1771445.7353983917,0.5846153846153846,369.2400000000016,42004058,False,True,,outside_cash,above,,,,,1D Max,24768.49,272.0099999999984,0.7366753331166646,False,studied_8,1.759695590943552,1.759695590943552,False,False,evaluated,asia
3627802a-7cf8-534c-b7fd-d83a926e5eaa,8a45634e-012a-58c6-be9e-d55e517e8264,55b58745-7911-5dd8-b8e1-cceb1eb653f0,2026-04-08T22:02:00+00:00,25050.5,0.25,2026-04-08,,aeb8bad860db92863af8c5db289eb426dcf765061783264e1a527cd39dac9553,"{""Call Resistance"": null, ""Put Support"": null, ""HVL"": null, ""1D Min"": null, ""1D Max"": null, ""Call Resistance 0DTE"": null, ""Put Support 0DTE"": null, ""HVL 0DTE"": null, ""Gamma Wall 0DTE"": null, ""GEX 1"": null, ""GEX 2"": null, ""GEX 3"": null, ""GEX 4"": null, ""GEX 5"": null, ""GEX 6"": null, ""GEX 7"": null, ""GEX 8"": null, ""GEX 9"": null, ""GEX 10"": null}",unknown,,,,42004058,False,False,after_1700,outside_cash,,,,,,,,,,,studied_8,,,,,not_applicable_outside_hours,asia
ca95a9d2-a342-51ff-b7e9-8c21c8fe884f,,,2026-04-09T06:29:00+00:00,25034.25,0.25,2026-04-09,,aeb8bad860db92863af8c5db289eb426dcf765061783264e1a527cd39dac9553,"{""Call Resistance"": null, ""Put Support"": null, ""HVL"": null, ""1D Min"": null, ""1D Max"": null, ""Call Resistance 0DTE"": null, ""Put Support 0DTE"": null, ""HVL 0DTE"": null, ""Gamma Wall 0DTE"": null, ""GEX 1"": null, ""GEX 2"": null, ""GEX 3"": null, ""GEX 4"": null, ""GEX 5"": null, ""GEX 6"": null, ""GEX 7"": null, ""GEX 8"": null, ""GEX 9"": null, ""GEX 10"": null}",unknown,,,,42004058,False,False,before_0600,outside_cash,,,,,,,,,,,studied_8,,,,,not_applicable_outside_hours,london
d4d13008-46bf-5fa9-96da-7e045cbe6ee9,22e300f0-1e73-55c0-a549-e36c9cecb076,429807a8-4b53-5d6a-b379-b8b9a0aa64b9,2026-04-09T10:22:00+00:00,25020.25,0.25,2026-04-09,,aeb8bad860db92863af8c5db289eb426dcf765061783264e1a527cd39dac9553,"{""Call Resistance"": null, ""Put Support"": null, ""HVL"": null, ""1D Min"": null, ""1D Max"": null, ""Call Resistance 0DTE"": null, ""Put Support 0DTE"": null, ""HVL 0DTE"": null, ""Gamma Wall 0DTE"": null, ""GEX 1"": null, ""GEX 2"": null, ""GEX 3"": null, ""GEX 4"": null, ""GEX 5"": null, ""GEX 6"": null, ""GEX 7"": null, ""GEX 8"": null, ""GEX 9"": null, ""GEX 10"": null}",unknown,,,,42004058,False,False,before_0600,outside_cash,,,,,,,,,,,studied_8,,,,,not_applicable_outside_hours,london
ead5ad53-8082-5e7c-a8d0-dce28fd6ff3e,,,2026-04-09T10:22:00+00:00,25020.25,0.25,2026-04-09,,aeb8bad860db92863af8c5db289eb426dcf765061783264e1a527cd39dac9553,"{""Call Resistance"": null, ""Put Support"": null, ""HVL"": null, ""1D Min"": null, ""1D Max"": null, ""Call Resistance 0DTE"": null, ""Put Support 0DTE"": null, ""HVL 0DTE"": null, ""Gamma Wall 0DTE"": null, ""GEX 1"": null, ""GEX 2"": null, ""GEX 3"": null, ""GEX 4"": null, ""GEX 5"": null, ""GEX 6"": null, ""GEX 7"": null, ""GEX 8"": null, ""GEX 9"": null, ""GEX 10"": null}",unknown,,,,42004058,False,False,before_0600,outside_cash,,,,,,,,,,,studied_8,,,,,not_applicable_outside_hours,london
e569c1a5-f344-556c-b4ba-278d76e17a67,,,2026-04-09T10:23:00+00:00,25019.5,0.25,2026-04-09,,aeb8bad860db92863af8c5db289eb426dcf765061783264e1a527cd39dac9553,"{""Call Resistance"": null, ""Put Support"": null, ""HVL"": null, ""1D Min"": null, ""1D Max"": null, ""Call Resistance 0DTE"": null, ""Put Support 0DTE"": null, ""HVL 0DTE"": null, ""Gamma Wall 0DTE"": null, ""GEX 1"": null, ""GEX 2"": null, ""GEX 3"": null, ""GEX 4"": null, ""GEX 5"": null, ""GEX 6"": null, ""GEX 7"": null, ""GEX 8"": null, ""GEX 9"": null, ""GEX 10"": null}",unknown,,,,42004058,False,False,before_0600,outside_cash,,,,,,,,,,,studied_8,,,,,not_applicable_outside_hours,london
6ba9e6f4-b003-562a-97d9-95a1bda3bffe,,,2026-04-09T10:44:00+00:00,25017.0,0.25,2026-04-09,,aeb8bad860db92863af8c5db289eb426dcf765061783264e1a527cd39dac9553,"{""Call Resistance"": null, ""Put Support"": null, ""HVL"": null, ""1D Min"": null, ""1D Max"": null, ""Call Resistance 0DTE"": null, ""Put Support 0DTE"": null, ""HVL 0DTE"": null, ""Gamma Wall 0DTE"": null, ""GEX 1"": null, ""GEX 2"": null, ""GEX 3"": null, ""GEX 4"": null, ""GEX 5"": null, ""GEX 6"": null, ""GEX 7"": null, ""GEX 8"": null, ""GEX 9"": null, ""GEX 10"": null}",unknown,,,,42004058,False,False,before_0600,outside_cash,,,,,,,,,,,studied_8,,,,,not_applicable_outside_hours,london
3ffb9019-39ac-5ee2-a72f-7a6dca26d46f,,,2026-04-09T10:45:00+00:00,25018.5,0.25,2026-04-09,,aeb8bad860db92863af8c5db289eb426dcf765061783264e1a527cd39dac9553,"{""Call Resistance"": null, ""Put Support"": null, ""HVL"": null, ""1D Min"": null, ""1D Max"": null, ""Call Resistance 0DTE"": null, ""Put Support 0DTE"": null, ""HVL 0DTE"": null, ""Gamma Wall 0DTE"": null, ""GEX 1"": null, ""GEX 2"": null, ""GEX 3"": null, ""GEX 4"": null, ""GEX 5"": null, ""GEX 6"": null, ""GEX 7"": null, ""GEX 8"": null, ""GEX 9"": null, ""GEX 10"": null}",unknown,,,,42004058,False,False,before_0600,outside_cash,,,,,,,,,,,studied_8,,,,,not_applicable_outside_hours,london
7a36ac81-e268-5dc0-8d31-b95b5f971cf3,,,2026-04-09T10:49:00+00:00,25019.75,0.25,2026-04-09,,aeb8bad860db92863af8c5db289eb426dcf765061783264e1a527cd39dac9553,"{""Call Resistance"": null, ""Put Support"": null, ""HVL"": null, ""1D Min"": null, ""1D Max"": null, ""Call Resistance 0DTE"": null, ""Put Support 0DTE"": null, ""HVL 0DTE"": null, ""Gamma Wall 0DTE"": null, ""GEX 1"": null, ""GEX 2"": null, ""GEX 3"": null, ""GEX 4"": null, ""GEX 5"": null, ""GEX 6"": null, ""GEX 7"": null, ""GEX 8"": null, ""GEX 9"": null, ""GEX 10"": null}",unknown,,,,42004058,False,False,before_0600,outside_cash,,,,,,,,,,,studied_8,,,,,not_applicable_outside_hours,london
16cce785-b9f8-5494-b3f5-1972ff2c6fa6,,,2026-04-09T10:50:00+00:00,25023.5,0.25,2026-04-09,,aeb8bad860db92863af8c5db289eb426dcf765061783264e1a527cd39dac9553,"{""Call Resistance"": null, ""Put Support"": null, ""HVL"": null, ""1D Min"": null, ""1D Max"": null, ""Call Resistance 0DTE"": null, ""Put Support 0DTE"": null, ""HVL 0DTE"": null, ""Gamma Wall 0DTE"": null, ""GEX 1"": null, ""GEX 2"": null, ""GEX 3"": null, ""GEX 4"": null, ""GEX 5"": null, ""GEX 6"": null, ""GEX 7"": null, ""GEX 8"": null, ""GEX 9"": null, ""GEX 10"": null}",unknown,,,,42004058,False,False,before_0600,outside_cash,,,,,,,,,,,studied_8,,,,,not_applicable_outside_hours,london
72829ddb-b642-58ac-ada7-4173ba45b27f,,,2026-04-09T12:43:00+00:00,25046.0,0.25,2026-04-09,2026-04-08,aeb8bad860db92863af8c5db289eb426dcf765061783264e1a527cd39dac9553,"{""Call Resistance"": 25500.0, ""Put Support"": 25020.0, ""HVL"": 24390.0, ""1D Min"": 24705.58, ""1D Max"": 25372.42, ""Call Resistance 0DTE"": 25100.0, ""Put Support 0DTE"": 25020.0, ""HVL 0DTE"": 25020.0, ""Gamma Wall 0DTE"": 25100.0, ""GEX 1"": 24750.0, ""GEX 2"": 25000.0, ""GEX 3"": 25300.0, ""GEX 4"": 25200.0, ""GEX 5"": 25250.0, ""GEX 6"": 25400.0, ""GEX 7"": 25600.0, ""GEX 8"": 24500.0, ""GEX 9"": 24400.0, ""GEX 10"": 24600.0}",positive,2969212.468414947,0.7807692307692308,333.41999999999825,42004058,False,True,,outside_cash,above,GEX 3,25300.0,254.0,0.7618019314978146,Put Support,25020.0,26.0,0.07797972527142984,False,studied_8,-0.06748245456181429,0.06748245456181429,False,False,evaluated,ny
92931be2-b195-53bf-acd2-862e104534c2,431b05cb-19f7-5503-9c7c-af895839b9e0,f61583c3-9447-57dc-80fb-5f164af4c442,2026-04-09T13:06:00+00:00,25042.75,0.25,2026-04-09,2026-04-08,aeb8bad860db92863af8c5db289eb426dcf765061783264e1a527cd39dac9553,"{""Call Resistance"": 25500.0, ""Put Support"": 25020.0, ""HVL"": 24390.0, ""1D Min"": 24705.58, ""1D Max"": 25372.42, ""Call Resistance 0DTE"": 25100.0, ""Put Support 0DTE"": 25020.0, ""HVL 0DTE"": 25020.0, ""Gamma Wall 0DTE"": 25100.0, ""GEX 1"": 24750.0, ""GEX 2"": 25000.0, ""GEX 3"": 25300.0, ""GEX 4"": 25200.0, ""GEX 5"": 25250.0, ""GEX 6"": 25400.0, ""GEX 7"": 25600.0, ""GEX 8"": 24500.0, ""GEX 9"": 24400.0, ""GEX 10"": 24600.0}",positive,2969212.468414947,0.7807692307692308,333.41999999999825,42004058,False,True,,outside_cash,above,GEX 3,25300.0,257.25,0.7715493971567433,Put Support,25020.0,22.75,0.06823225961250111,False,studied_8,-0.04198908283846222,0.04198908283846222,False,False,evaluated,ny
a4953ed2-ccfe-58e8-9f9b-d4505d18a605,,,2026-04-09T13:13:00+00:00,25045.5,0.25,2026-04-09,2026-04-08,aeb8bad860db92863af8c5db289eb426dcf765061783264e1a527cd39dac9553,"{""Call Resistance"": 25500.0, ""Put Support"": 25020.0, ""HVL"": 24390.0, ""1D Min"": 24705.58, ""1D Max"": 25372.42, ""Call Resistance 0DTE"": 25100.0, ""Put Support 0DTE"": 25020.0, ""HVL 0DTE"": 25020.0, ""Gamma Wall 0DTE"": 25100.0, ""GEX 1"": 24750.0, ""GEX 2"": 25000.0, ""GEX 3"": 25300.0, ""GEX 4"": 25200.0, ""GEX 5"": 25250.0, ""GEX 6"": 25400.0, ""GEX 7"": 25600.0, ""GEX 8"": 24500.0, ""GEX 9"": 24400.0, ""GEX 10"": 24600.0}",positive,2969212.468414947,0.7807692307692308,333.41999999999825,42004058,False,True,,outside_cash,above,GEX 3,25300.0,254.5,0.7633015415991882,Put Support,25020.0,25.5,0.07648011517005619,False,studied_8,-0.049487133345330475,0.049487133345330475,False,False,evaluated,ny
be16f6d6-b1b6-56b1-a9c8-9877dbab5a21,,,2026-04-09T13:27:00+00:00,25052.25,0.25,2026-04-09,2026-04-08,aeb8bad860db92863af8c5db289eb426dcf765061783264e1a527cd39dac9553,"{""Call Resistance"": 25500.0, ""Put Support"": 25020.0, ""HVL"": 24390.0, ""1D Min"": 24705.58, ""1D Max"": 25372.42, ""Call Resistance 0DTE"": 25100.0, ""Put Support 0DTE"": 25020.0, ""HVL 0DTE"": 25020.0, ""Gamma Wall 0DTE"": 25100.0, ""GEX 1"": 24750.0, ""GEX 2"": 25000.0, ""GEX 3"": 25300.0, ""GEX 4"": 25200.0, ""GEX 5"": 25250.0, ""GEX 6"": 25400.0, ""GEX 7"": 25600.0, ""GEX 8"": 24500.0, ""GEX 9"": 24400.0, ""GEX 10"": 24600.0}",positive,2969212.468414947,0.7807692307692308,333.41999999999825,42004058,False,True,,outside_cash,above,GEX 3,25300.0,247.75,0.7430568052306439,Put Support,25020.0,32.25,0.09672485153860047,False,studied_8,-0.014246295963049683,0.014246295963049683,False,False,evaluated,ny
67befd6b-eff3-5813-a33d-b12d8a7408b3,c79dc666-413e-5c13-bc18-cd225adc0592,8e0647b5-f223-5d60-b57e-6158ed7b100e,2026-04-09T16:53:00+00:00,25204.5,0.25,2026-04-09,2026-04-08,aeb8bad860db92863af8c5db289eb426dcf765061783264e1a527cd39dac9553,"{""Call Resistance"": 25500.0, ""Put Support"": 25020.0, ""HVL"": 24390.0, ""1D Min"": 24705.58, ""1D Max"": 25372.42, ""Call Resistance 0DTE"": 25100.0, ""Put Support 0DTE"": 25020.0, ""HVL 0DTE"": 25020.0, ""Gamma Wall 0DTE"": 25100.0, ""GEX 1"": 24750.0, ""GEX 2"": 25000.0, ""GEX 3"": 25300.0, ""GEX 4"": 25200.0, ""GEX 5"": 25250.0, ""GEX 6"": 25400.0, ""GEX 7"": 25600.0, ""GEX 8"": 24500.0, ""GEX 9"": 24400.0, ""GEX 10"": 24600.0}",positive,2969212.468414947,0.7807692307692308,333.41999999999825,42004058,False,True,,s2_1000_1200,above,GEX 3,25300.0,95.5,0.28642552936236726,Put Support,25020.0,184.5,0.5533561274068771,False,studied_8,0.42363985363805634,0.42363985363805634,False,False,evaluated,ny
64bdead8-9aaa-5c2b-92b1-7835974782b1,,,2026-04-09T16:57:00+00:00,25194.5,0.25,2026-04-09,2026-04-08,aeb8bad860db92863af8c5db289eb426dcf765061783264e1a527cd39dac9553,"{""Call Resistance"": 25500.0, ""Put Support"": 25020.0, ""HVL"": 24390.0, ""1D Min"": 24705.58, ""1D Max"": 25372.42, ""Call Resistance 0DTE"": 25100.0, ""Put Support 0DTE"": 25020.0, ""HVL 0DTE"": 25020.0, ""Gamma Wall 0DTE"": 25100.0, ""GEX 1"": 24750.0, ""GEX 2"": 25000.0, ""GEX 3"": 25300.0, ""GEX 4"": 25200.0, ""GEX 5"": 25250.0, ""GEX 6"": 25400.0, ""GEX 7"": 25600.0, ""GEX 8"": 24500.0, ""GEX 9"": 24400.0, ""GEX 10"": 24600.0}",positive,2969212.468414947,0.7807692307692308,333.41999999999825,42004058,False,True,,s2_1000_1200,above,GEX 3,25300.0,105.5,0.3164177313898403,Put Support,25020.0,174.5,0.5233639253794041,False,studied_8,0.41539199808050126,0.41539199808050126,False,False,evaluated,ny
732115bc-523b-592c-92c5-e732ea64615e,,,2026-04-09T17:05:00+00:00,25208.25,0.25,2026-04-09,2026-04-08,aeb8bad860db92863af8c5db289eb426dcf765061783264e1a527cd39dac9553,"{""Call Resistance"": 25500.0, ""Put Support"": 25020.0, ""HVL"": 24390.0, ""1D Min"": 24705.58, ""1D Max"": 25372.42, ""Call Resistance 0DTE"": 25100.0, ""Put Support 0DTE"": 25020.0, ""HVL 0DTE"": 25020.0, ""Gamma Wall 0DTE"": 25100.0, ""GEX 1"": 24750.0, ""GEX 2"": 25000.0, ""GEX 3"": 25300.0, ""GEX 4"": 25200.0, ""GEX 5"": 25250.0, ""GEX 6"": 25400.0, ""GEX 7"": 25600.0, ""GEX 8"": 24500.0, ""GEX 9"": 24400.0, ""GEX 10"": 24600.0}",positive,2969212.468414947,0.7807692307692308,333.41999999999825,42004058,False,True,,s3_1200_1330,above,GEX 3,25300.0,91.75,0.2751784536020649,Put Support,25020.0,188.25,0.5646032031671795,False,studied_8,0.4401355647531665,0.4401355647531665,False,False,evaluated,ny
c3090cf6-ac8d-5e7a-a4b2-fd2b15dfff2e,,,2026-04-09T17:08:00+00:00,25221.5,0.25,2026-04-09,2026-04-08,aeb8bad860db92863af8c5db289eb426dcf765061783264e1a527cd39dac9553,"{""Call Resistance"": 25500.0, ""Put Support"": 25020.0, ""HVL"": 24390.0, ""1D Min"": 24705.58, ""1D Max"": 25372.42, ""Call Resistance 0DTE"": 25100.0, ""Put Support 0DTE"": 25020.0, ""HVL 0DTE"": 25020.0, ""Gamma Wall 0DTE"": 25100.0, ""GEX 1"": 24750.0, ""GEX 2"": 25000.0, ""GEX 3"": 25300.0, ""GEX 4"": 25200.0, ""GEX 5"": 25250.0, ""GEX 6"": 25400.0, ""GEX 7"": 25600.0, ""GEX 8"": 24500.0, ""GEX 9"": 24400.0, ""GEX 10"": 24600.0}",positive,2969212.468414947,0.7807692307692308,333.41999999999825,42004058,False,True,,s3_1200_1330,above,GEX 3,25300.0,78.5,0.23543878591566317,Put Support,25020.0,201.5,0.6043428708535812,False,studied_8,0.485123867794376,0.485123867794376,False,False,evaluated,ny
d4c282b1-4682-5de7-bed3-6ad14d415593,,,2026-04-09T17:13:00+00:00,25233.25,0.25,2026-04-09,2026-04-08,aeb8bad860db92863af8c5db289eb426dcf765061783264e1a527cd39dac9553,"{""Call Resistance"": 25500.0, ""Put Support"": 25020.0, ""HVL"": 24390.0, ""1D Min"": 24705.58, ""1D Max"": 25372.42, ""Call Resistance 0DTE"": 25100.0, ""Put Support 0DTE"": 25020.0, ""HVL 0DTE"": 25020.0, ""Gamma Wall 0DTE"": 25100.0, ""GEX 1"": 24750.0, ""GEX 2"": 25000.0, ""GEX 3"": 25300.0, ""GEX 4"": 25200.0, ""GEX 5"": 25250.0, ""GEX 6"": 25400.0, ""GEX 7"": 25600.0, ""GEX 8"": 24500.0, ""GEX 9"": 24400.0, ""GEX 10"": 24600.0}",positive,2969212.468414947,0.7807692307692308,333.41999999999825,42004058,False,True,,s3_1200_1330,above,GEX 3,25300.0,66.75,0.20019794853338238,Put Support,25020.0,213.25,0.6395837082358621,False,studied_8,0.532361585987646,0.532361585987646,False,False,evaluated,ny
1ee0da2c-5b83-5bdb-b09d-6ff416e26c88,,,2026-04-09T17:17:00+00:00,25237.0,0.25,2026-04-09,2026-04-08,aeb8bad860db92863af8c5db289eb426dcf765061783264e1a527cd39dac9553,"{""Call Resistance"": 25500.0, ""Put Support"": 25020.0, ""HVL"": 24390.0, ""1D Min"": 24705.58, ""1D Max"": 25372.42, ""Call Resistance 0DTE"": 25100.0, ""Put Support 0DTE"": 25020.0, ""HVL 0DTE"": 25020.0, ""Gamma Wall 0DTE"": 25100.0, ""GEX 1"": 24750.0, ""GEX 2"": 25000.0, ""GEX 3"": 25300.0, ""GEX 4"": 25200.0, ""GEX 5"": 25250.0, ""GEX 6"": 25400.0, ""GEX 7"": 25600.0, ""GEX 8"": 24500.0, ""GEX 9"": 24400.0, ""GEX 10"": 24600.0}",positive,2969212.468414947,0.7807692307692308,333.41999999999825,42004058,False,True,,s3_1200_1330,above,GEX 3,25300.0,63.0,0.18895087277307998,Put Support,25020.0,217.0,0.6508307839961645,False,studied_8,0.5361106112410802,0.5361106112410802,False,False,evaluated,ny
