# {"archival": false, "configuration": "slot_s4", "formula_version": "menthorq_eod_v1", "menthorq_context_version": "menthorq_eod_v1", "report_only": true, "run_identity": {"core_replay_id": "a129af83ff9949221ecdd56745c5b293c1f207cc66142cbc0bf557c942db9791", "evaluation_dates": ["2025-06-16", "2025-06-17", "2025-06-18", "2025-06-19", "2025-06-20", "2025-06-23", "2025-06-24", "2025-06-25", "2025-06-26", "2025-06-27", "2025-06-30", "2025-07-01", "2025-07-02", "2025-07-03", "2025-07-04", "2025-07-07", "2025-07-09", "2025-07-10", "2025-07-11", "2025-07-14", "2025-07-15", "2025-07-16", "2025-07-17", "2025-07-18", "2025-07-21", "2025-07-22", "2025-07-23", "2025-07-24", "2025-07-25", "2025-07-28", "2025-07-29", "2025-07-30", "2025-07-31", "2025-08-01", "2025-08-04", "2025-08-05", "2025-08-06", "2025-08-07", "2025-08-08", "2025-08-11", "2025-08-12", "2025-08-13", "2025-08-14", "2025-08-15", "2025-08-18", "2025-08-19", "2025-08-20", "2025-08-21", "2025-08-22", "2025-08-25", "2025-08-26", "2025-08-27", "2025-08-28", "2025-08-29", "2025-09-01", "2025-09-02", "2025-09-03", "2025-09-04", "2025-09-05", "2025-09-08", "2025-09-09", "2025-09-10", "2025-09-11", "2025-09-12", "2025-09-15", "2025-09-16", "2025-09-17", "2025-09-18", "2025-09-19", "2025-09-22", "2025-09-23", "2025-09-24", "2025-09-25", "2025-09-26", "2025-09-29", "2025-09-30", "2025-10-01", "2025-10-02", "2025-10-03", "2025-10-06", "2025-10-07", "2025-10-08", "2025-10-09", "2025-10-10", "2025-10-13", "2025-10-14", "2025-10-15", "2025-10-16", "2025-10-17", "2025-10-20", "2025-10-21", "2025-10-22", "2025-10-23", "2025-10-24", "2025-10-27", "2025-10-28", "2025-10-29", "2025-10-30", "2025-10-31", "2025-11-03", "2025-11-04", "2025-11-05", "2025-11-06", "2025-11-07", "2025-11-10", "2025-11-11", "2025-11-12", "2025-11-13", "2025-11-17", "2025-11-18", "2025-11-19", "2025-11-21", "2025-11-24", "2025-11-25", "2025-11-26", "2025-11-27", "2025-11-28", "2025-12-01", "2025-12-02", "2025-12-03", "2025-12-04", "2025-12-05", "2025-12-08", "2025-12-09", "2025-12-10", "2025-12-11", "2025-12-12", "2025-12-15", "2025-12-16", "2025-12-17", "2025-12-18", "2025-12-19", "2025-12-22", "2025-12-23", "2025-12-24", "2025-12-26", "2025-12-29", "2025-12-30", "2025-12-31", "2026-01-02", "2026-01-05", "2026-01-06", "2026-01-07", "2026-01-08", "2026-01-09", "2026-01-12", "2026-01-13", "2026-01-14", "2026-01-15", "2026-01-16", "2026-01-19", "2026-01-20", "2026-01-21", "2026-01-22", "2026-01-23", "2026-01-26", "2026-01-27", "2026-01-28", "2026-01-29", "2026-01-30", "2026-02-02", "2026-02-03", "2026-02-04", "2026-02-05", "2026-02-06", "2026-02-09", "2026-02-10", "2026-02-11", "2026-02-12", "2026-02-13", "2026-02-16", "2026-02-17", "2026-02-18", "2026-02-19", "2026-02-20", "2026-02-23", "2026-02-24", "2026-02-25", "2026-02-26", "2026-02-27", "2026-03-02", "2026-03-03", "2026-03-04", "2026-03-05", "2026-03-06", "2026-03-09", "2026-03-10", "2026-03-11", "2026-03-12", "2026-03-13", "2026-03-16", "2026-03-17", "2026-03-18", "2026-03-19", "2026-03-20", "2026-03-23", "2026-03-24", "2026-03-25", "2026-03-26", "2026-03-27", "2026-03-30", "2026-03-31", "2026-04-01", "2026-04-02", "2026-04-03", "2026-04-06", "2026-04-07", "2026-04-08", "2026-04-09", "2026-04-10", "2026-04-13", "2026-04-14", "2026-04-15", "2026-04-16", "2026-04-17", "2026-04-20", "2026-04-21", "2026-04-22", "2026-04-23", "2026-04-24", "2026-04-27", "2026-04-28", "2026-04-29", "2026-04-30", "2026-05-01", "2026-05-04", "2026-05-05", "2026-05-06", "2026-05-07", "2026-05-08", "2026-05-11", "2026-05-12", "2026-05-13", "2026-05-14", "2026-05-15", "2026-05-18", "2026-05-19", "2026-05-20", "2026-05-21", "2026-05-22", "2026-05-25", "2026-05-26", "2026-05-27", "2026-05-28", "2026-05-29", "2026-06-01", "2026-06-02", "2026-06-03", "2026-06-04", "2026-06-05", "2026-06-08", "2026-06-09", "2026-06-10"], "pipeline_semantic_id": "1e3018b11ed0130545aefda0aeca927d625f246d7054b0ba7847e3a5c299e37a", "quant_lab_commit": "8c46f80dc65485c70751785b8edcaf5dfc11c0d2", "quant_lab_replay_source_identity": "affe0fc52ec790dd8c29b1dc171167276975ff72be739f08fd1dfd2ebd41e251", "replay_dates": ["2025-06-02", "2025-06-03", "2025-06-04", "2025-06-05", "2025-06-06", "2025-06-09", "2025-06-10", "2025-06-11", "2025-06-12", "2025-06-13", "2025-06-16", "2025-06-17", "2025-06-18", "2025-06-19", "2025-06-20", "2025-06-23", "2025-06-24", "2025-06-25", "2025-06-26", "2025-06-27", "2025-06-30", "2025-07-01", "2025-07-02", "2025-07-03", "2025-07-04", "2025-07-07", "2025-07-09", "2025-07-10", "2025-07-11", "2025-07-14", "2025-07-15", "2025-07-16", "2025-07-17", "2025-07-18", "2025-07-21", "2025-07-22", "2025-07-23", "2025-07-24", "2025-07-25", "2025-07-28", "2025-07-29", "2025-07-30", "2025-07-31", "2025-08-01", "2025-08-04", "2025-08-05", "2025-08-06", "2025-08-07", "2025-08-08", "2025-08-11", "2025-08-12", "2025-08-13", "2025-08-14", "2025-08-15", "2025-08-18", "2025-08-19", "2025-08-20", "2025-08-21", "2025-08-22", "2025-08-25", "2025-08-26", "2025-08-27", "2025-08-28", "2025-08-29", "2025-09-01", "2025-09-02", "2025-09-03", "2025-09-04", "2025-09-05", "2025-09-08", "2025-09-09", "2025-09-10", "2025-09-11", "2025-09-12", "2025-09-15", "2025-09-16", "2025-09-17", "2025-09-18", "2025-09-19", "2025-09-22", "2025-09-23", "2025-09-24", "2025-09-25", "2025-09-26", "2025-09-29", "2025-09-30", "2025-10-01", "2025-10-02", "2025-10-03", "2025-10-06", "2025-10-07", "2025-10-08", "2025-10-09", "2025-10-10", "2025-10-13", "2025-10-14", "2025-10-15", "2025-10-16", "2025-10-17", "2025-10-20", "2025-10-21", "2025-10-22", "2025-10-23", "2025-10-24", "2025-10-27", "2025-10-28", "2025-10-29", "2025-10-30", "2025-10-31", "2025-11-03", "2025-11-04", "2025-11-05", "2025-11-06", "2025-11-07", "2025-11-10", "2025-11-11", "2025-11-12", "2025-11-13", "2025-11-17", "2025-11-18", "2025-11-19", "2025-11-21", "2025-11-24", "2025-11-25", "2025-11-26", "2025-11-27", "2025-11-28", "2025-12-01", "2025-12-02", "2025-12-03", "2025-12-04", "2025-12-05", "2025-12-08", "2025-12-09", "2025-12-10", "2025-12-11", "2025-12-12", "2025-12-15", "2025-12-16", "2025-12-17", "2025-12-18", "2025-12-19", "2025-12-22", "2025-12-23", "2025-12-24", "2025-12-26", "2025-12-29", "2025-12-30", "2025-12-31", "2026-01-02", "2026-01-05", "2026-01-06", "2026-01-07", "2026-01-08", "2026-01-09", "2026-01-12", "2026-01-13", "2026-01-14", "2026-01-15", "2026-01-16", "2026-01-19", "2026-01-20", "2026-01-21", "2026-01-22", "2026-01-23", "2026-01-26", "2026-01-27", "2026-01-28", "2026-01-29", "2026-01-30", "2026-02-02", "2026-02-03", "2026-02-04", "2026-02-05", "2026-02-06", "2026-02-09", "2026-02-10", "2026-02-11", "2026-02-12", "2026-02-13", "2026-02-16", "2026-02-17", "2026-02-18", "2026-02-19", "2026-02-20", "2026-02-23", "2026-02-24", "2026-02-25", "2026-02-26", "2026-02-27", "2026-03-02", "2026-03-03", "2026-03-04", "2026-03-05", "2026-03-06", "2026-03-09", "2026-03-10", "2026-03-11", "2026-03-12", "2026-03-13", "2026-03-16", "2026-03-17", "2026-03-18", "2026-03-19", "2026-03-20", "2026-03-23", "2026-03-24", "2026-03-25", "2026-03-26", "2026-03-27", "2026-03-30", "2026-03-31", "2026-04-01", "2026-04-02", "2026-04-03", "2026-04-06", "2026-04-07", "2026-04-08", "2026-04-09", "2026-04-10", "2026-04-13", "2026-04-14", "2026-04-15", "2026-04-16", "2026-04-17", "2026-04-20", "2026-04-21", "2026-04-22", "2026-04-23", "2026-04-24", "2026-04-27", "2026-04-28", "2026-04-29", "2026-04-30", "2026-05-01", "2026-05-04", "2026-05-05", "2026-05-06", "2026-05-07", "2026-05-08", "2026-05-11", "2026-05-12", "2026-05-13", "2026-05-14", "2026-05-15", "2026-05-18", "2026-05-19", "2026-05-20", "2026-05-21", "2026-05-22", "2026-05-25", "2026-05-26", "2026-05-27", "2026-05-28", "2026-05-29", "2026-06-01", "2026-06-02", "2026-06-03", "2026-06-04", "2026-06-05", "2026-06-08", "2026-06-09", "2026-06-10"], "replay_input_bundle_id": "8bfc79dfed8bdc85b700c9f3c2e4351ee017c9a4df1c2f5d73c2e08fb3384dd8", "resolved_section_config_hash": "ad6a212c7019bf25e6d653a796b239882f9e3b6576526c862db5eefb19432895", "search_id": "519b5317ebde363e47081db22e3a022378403e2468155d1af0415cdb33290a3b", "strategy_core_commit": "709487bc85ef82a259297c4ad6f3f198f4cabbcd", "strategy_core_source_identity": "30ffab98b2766da326a3712d2639e962e1b72241b9c3327fdb41faa95f5ec57b", "v2_dataset_artifact_id": "df697b15751460f1a9123b1112020b1b74157ab73a8886a4adcab4c6f90908e4", "warmup_dates": ["2025-06-02", "2025-06-03", "2025-06-04", "2025-06-05", "2025-06-06", "2025-06-09", "2025-06-10", "2025-06-11", "2025-06-12", "2025-06-13"]}, "schema_version": 1, "source_file_sha256": {"daily_total_dealer_gamma_and_regime.csv": "afb8e9bae8c9ae5a6200cb49e3862d222551e168962ac402fefff6ee15c9821d", "eod_gamma_levels_daily_wide.csv": "aeb8bad860db92863af8c5db289eb426dcf765061783264e1a527cd39dac9553"}}
candidate_id,decision_id,trade_id,availability_ts_utc,entry_price_points,tick_size,trading_date,source_eod_date,source_file_sha256,levels,regime,total_net_gex,gex_percentile_1y,implied_move_points,selected_instrument_id,roll_flag,context_available,unavailable_reason,slot_chicago,hvl_side,nearest_above_names,nearest_above_points,nearest_above_distance_points,nearest_above_distance_implied,nearest_below_names,nearest_below_points,nearest_below_distance_points,nearest_below_distance_implied,nearest_support_is_gex1,nearest_support_universe,opening_move_signed,opening_move_abs,regime_gate_blocked,nearest_support_gate_blocked,gate_status,entry_session
30cd5241-0a6d-546a-a03a-901073eebaaf,,,2025-06-05T10:32:00+00:00,21802.75,0.25,2025-06-05,,aeb8bad860db92863af8c5db289eb426dcf765061783264e1a527cd39dac9553,"{""Call Resistance"": null, ""Put Support"": null, ""HVL"": null, ""1D Min"": null, ""1D Max"": null, ""Call Resistance 0DTE"": null, ""Put Support 0DTE"": null, ""HVL 0DTE"": null, ""Gamma Wall 0DTE"": null, ""GEX 1"": null, ""GEX 2"": null, ""GEX 3"": null, ""GEX 4"": null, ""GEX 5"": null, ""GEX 6"": null, ""GEX 7"": null, ""GEX 8"": null, ""GEX 9"": null, ""GEX 10"": null}",unknown,,,,42005804,False,False,before_0600,outside_cash,,,,,,,,,,,all_19,,,,,not_applicable_outside_hours,london
de51c418-d3d3-5cad-8338-e0e1f9b611e6,,,2025-06-05T10:32:00+00:00,21802.75,0.25,2025-06-05,,aeb8bad860db92863af8c5db289eb426dcf765061783264e1a527cd39dac9553,"{""Call Resistance"": null, ""Put Support"": null, ""HVL"": null, ""1D Min"": null, ""1D Max"": null, ""Call Resistance 0DTE"": null, ""Put Support 0DTE"": null, ""HVL 0DTE"": null, ""Gamma Wall 0DTE"": null, ""GEX 1"": null, ""GEX 2"": null, ""GEX 3"": null, ""GEX 4"": null, ""GEX 5"": null, ""GEX 6"": null, ""GEX 7"": null, ""GEX 8"": null, ""GEX 9"": null, ""GEX 10"": null}",unknown,,,,42005804,False,False,before_0600,outside_cash,,,,,,,,,,,all_19,,,,,not_applicable_outside_hours,london
4373bd4e-e5d6-53bd-8fad-1c209e277e67,,,2025-06-05T12:11:00+00:00,21772.0,0.25,2025-06-05,2025-06-04,aeb8bad860db92863af8c5db289eb426dcf765061783264e1a527cd39dac9553,"{""Call Resistance"": 21900.0, ""Put Support"": 21780.0, ""HVL"": 21790.0, ""1D Min"": 21511.15, ""1D Max"": 21984.85, ""Call Resistance 0DTE"": 21900.0, ""Put Support 0DTE"": 21750.0, ""HVL 0DTE"": 21790.0, ""Gamma Wall 0DTE"": 21900.0, ""GEX 1"": 21800.0, ""GEX 2"": 21850.0, ""GEX 3"": 21910.0, ""GEX 4"": 21950.0, ""GEX 5"": 21890.0, ""GEX 6"": 22000.0, ""GEX 7"": 21500.0, ""GEX 8"": 21300.0, ""GEX 9"": 22100.0, ""GEX 10"": 22050.0}",positive,2265368.8647174663,0.5254237288135594,236.84999999999854,42005804,False,True,,outside_cash,below,Put Support,21780.0,8.0,0.03377665188938167,Put Support 0DTE,21750.0,22.0,0.0928857926957996,False,all_19,0.07388642600802241,0.07388642600802241,False,False,evaluated,ny
b17510d1-7abb-51b4-8428-31cb1535608b,,,2025-06-05T12:14:00+00:00,21779.75,0.25,2025-06-05,2025-06-04,aeb8bad860db92863af8c5db289eb426dcf765061783264e1a527cd39dac9553,"{""Call Resistance"": 21900.0, ""Put Support"": 21780.0, ""HVL"": 21790.0, ""1D Min"": 21511.15, ""1D Max"": 21984.85, ""Call Resistance 0DTE"": 21900.0, ""Put Support 0DTE"": 21750.0, ""HVL 0DTE"": 21790.0, ""Gamma Wall 0DTE"": 21900.0, ""GEX 1"": 21800.0, ""GEX 2"": 21850.0, ""GEX 3"": 21910.0, ""GEX 4"": 21950.0, ""GEX 5"": 21890.0, ""GEX 6"": 22000.0, ""GEX 7"": 21500.0, ""GEX 8"": 21300.0, ""GEX 9"": 22100.0, ""GEX 10"": 22050.0}",positive,2265368.8647174663,0.5254237288135594,236.84999999999854,42005804,False,True,,outside_cash,below,Put Support,21780.0,0.25,0.0010555203715431772,Put Support 0DTE,21750.0,29.75,0.1256069242136381,False,all_19,0.09605235381042913,0.09605235381042913,False,False,evaluated,ny
865245ee-42a3-578c-a727-23701cc626be,,,2025-06-06T09:55:00+00:00,21684.5,0.25,2025-06-06,,aeb8bad860db92863af8c5db289eb426dcf765061783264e1a527cd39dac9553,"{""Call Resistance"": null, ""Put Support"": null, ""HVL"": null, ""1D Min"": null, ""1D Max"": null, ""Call Resistance 0DTE"": null, ""Put Support 0DTE"": null, ""HVL 0DTE"": null, ""Gamma Wall 0DTE"": null, ""GEX 1"": null, ""GEX 2"": null, ""GEX 3"": null, ""GEX 4"": null, ""GEX 5"": null, ""GEX 6"": null, ""GEX 7"": null, ""GEX 8"": null, ""GEX 9"": null, ""GEX 10"": null}",unknown,,,,42005804,False,False,before_0600,outside_cash,,,,,,,,,,,all_19,,,,,not_applicable_outside_hours,london
6b5abc6d-bb86-55b5-9bef-ed1ab4221796,,,2025-06-06T10:02:00+00:00,21673.75,0.25,2025-06-06,,aeb8bad860db92863af8c5db289eb426dcf765061783264e1a527cd39dac9553,"{""Call Resistance"": null, ""Put Support"": null, ""HVL"": null, ""1D Min"": null, ""1D Max"": null, ""Call Resistance 0DTE"": null, ""Put Support 0DTE"": null, ""HVL 0DTE"": null, ""Gamma Wall 0DTE"": null, ""GEX 1"": null, ""GEX 2"": null, ""GEX 3"": null, ""GEX 4"": null, ""GEX 5"": null, ""GEX 6"": null, ""GEX 7"": null, ""GEX 8"": null, ""GEX 9"": null, ""GEX 10"": null}",unknown,,,,42005804,False,False,before_0600,outside_cash,,,,,,,,,,,all_19,,,,,not_applicable_outside_hours,london
b82b86f1-31a0-57ef-a6ec-32b08e50c764,,,2025-06-06T10:21:00+00:00,21688.0,0.25,2025-06-06,,aeb8bad860db92863af8c5db289eb426dcf765061783264e1a527cd39dac9553,"{""Call Resistance"": null, ""Put Support"": null, ""HVL"": null, ""1D Min"": null, ""1D Max"": null, ""Call Resistance 0DTE"": null, ""Put Support 0DTE"": null, ""HVL 0DTE"": null, ""Gamma Wall 0DTE"": null, ""GEX 1"": null, ""GEX 2"": null, ""GEX 3"": null, ""GEX 4"": null, ""GEX 5"": null, ""GEX 6"": null, ""GEX 7"": null, ""GEX 8"": null, ""GEX 9"": null, ""GEX 10"": null}",unknown,,,,42005804,False,False,before_0600,outside_cash,,,,,,,,,,,all_19,,,,,not_applicable_outside_hours,london
130a6499-c715-5653-9c42-6662bba68a76,,,2025-06-06T10:40:00+00:00,21676.0,0.25,2025-06-06,,aeb8bad860db92863af8c5db289eb426dcf765061783264e1a527cd39dac9553,"{""Call Resistance"": null, ""Put Support"": null, ""HVL"": null, ""1D Min"": null, ""1D Max"": null, ""Call Resistance 0DTE"": null, ""Put Support 0DTE"": null, ""HVL 0DTE"": null, ""Gamma Wall 0DTE"": null, ""GEX 1"": null, ""GEX 2"": null, ""GEX 3"": null, ""GEX 4"": null, ""GEX 5"": null, ""GEX 6"": null, ""GEX 7"": null, ""GEX 8"": null, ""GEX 9"": null, ""GEX 10"": null}",unknown,,,,42005804,False,False,before_0600,outside_cash,,,,,,,,,,,all_19,,,,,not_applicable_outside_hours,london
439c5f2e-97b7-592a-8c3e-a98b836ebea6,,,2025-06-10T03:54:00+00:00,21943.75,0.25,2025-06-09,,aeb8bad860db92863af8c5db289eb426dcf765061783264e1a527cd39dac9553,"{""Call Resistance"": null, ""Put Support"": null, ""HVL"": null, ""1D Min"": null, ""1D Max"": null, ""Call Resistance 0DTE"": null, ""Put Support 0DTE"": null, ""HVL 0DTE"": null, ""Gamma Wall 0DTE"": null, ""GEX 1"": null, ""GEX 2"": null, ""GEX 3"": null, ""GEX 4"": null, ""GEX 5"": null, ""GEX 6"": null, ""GEX 7"": null, ""GEX 8"": null, ""GEX 9"": null, ""GEX 10"": null}",unknown,,,,42005804,False,False,after_1700,outside_cash,,,,,,,,,,,all_19,,,,,not_applicable_outside_hours,asia
7ef08f9d-de5f-5c6a-8cbe-daa0ca814191,,,2025-06-10T03:56:00+00:00,21942.0,0.25,2025-06-09,,aeb8bad860db92863af8c5db289eb426dcf765061783264e1a527cd39dac9553,"{""Call Resistance"": null, ""Put Support"": null, ""HVL"": null, ""1D Min"": null, ""1D Max"": null, ""Call Resistance 0DTE"": null, ""Put Support 0DTE"": null, ""HVL 0DTE"": null, ""Gamma Wall 0DTE"": null, ""GEX 1"": null, ""GEX 2"": null, ""GEX 3"": null, ""GEX 4"": null, ""GEX 5"": null, ""GEX 6"": null, ""GEX 7"": null, ""GEX 8"": null, ""GEX 9"": null, ""GEX 10"": null}",unknown,,,,42005804,False,False,after_1700,outside_cash,,,,,,,,,,,all_19,,,,,not_applicable_outside_hours,asia
b258808d-a83b-5fdc-b9e1-71484415d50c,,,2025-06-18T05:55:00+00:00,21987.75,0.25,2025-06-18,,aeb8bad860db92863af8c5db289eb426dcf765061783264e1a527cd39dac9553,"{""Call Resistance"": null, ""Put Support"": null, ""HVL"": null, ""1D Min"": null, ""1D Max"": null, ""Call Resistance 0DTE"": null, ""Put Support 0DTE"": null, ""HVL 0DTE"": null, ""Gamma Wall 0DTE"": null, ""GEX 1"": null, ""GEX 2"": null, ""GEX 3"": null, ""GEX 4"": null, ""GEX 5"": null, ""GEX 6"": null, ""GEX 7"": null, ""GEX 8"": null, ""GEX 9"": null, ""GEX 10"": null}",unknown,,,,42008487,False,False,before_0600,outside_cash,,,,,,,,,,,all_19,,,,,not_applicable_outside_hours,none
74827cf0-4c09-5c53-9995-f5842dc93201,,,2025-06-18T05:56:00+00:00,21987.75,0.25,2025-06-18,,aeb8bad860db92863af8c5db289eb426dcf765061783264e1a527cd39dac9553,"{""Call Resistance"": null, ""Put Support"": null, ""HVL"": null, ""1D Min"": null, ""1D Max"": null, ""Call Resistance 0DTE"": null, ""Put Support 0DTE"": null, ""HVL 0DTE"": null, ""Gamma Wall 0DTE"": null, ""GEX 1"": null, ""GEX 2"": null, ""GEX 3"": null, ""GEX 4"": null, ""GEX 5"": null, ""GEX 6"": null, ""GEX 7"": null, ""GEX 8"": null, ""GEX 9"": null, ""GEX 10"": null}",unknown,,,,42008487,False,False,before_0600,outside_cash,,,,,,,,,,,all_19,,,,,not_applicable_outside_hours,none
5a3ddf56-f8c4-54ea-9ba0-fd6af9997e66,,,2025-06-18T06:02:00+00:00,21987.5,0.25,2025-06-18,,aeb8bad860db92863af8c5db289eb426dcf765061783264e1a527cd39dac9553,"{""Call Resistance"": null, ""Put Support"": null, ""HVL"": null, ""1D Min"": null, ""1D Max"": null, ""Call Resistance 0DTE"": null, ""Put Support 0DTE"": null, ""HVL 0DTE"": null, ""Gamma Wall 0DTE"": null, ""GEX 1"": null, ""GEX 2"": null, ""GEX 3"": null, ""GEX 4"": null, ""GEX 5"": null, ""GEX 6"": null, ""GEX 7"": null, ""GEX 8"": null, ""GEX 9"": null, ""GEX 10"": null}",unknown,,,,42008487,False,False,before_0600,outside_cash,,,,,,,,,,,all_19,,,,,not_applicable_outside_hours,london
4e98061a-ea94-5e9a-9ea4-31666a4ddce2,,,2025-06-18T06:10:00+00:00,22000.75,0.25,2025-06-18,,aeb8bad860db92863af8c5db289eb426dcf765061783264e1a527cd39dac9553,"{""Call Resistance"": null, ""Put Support"": null, ""HVL"": null, ""1D Min"": null, ""1D Max"": null, ""Call Resistance 0DTE"": null, ""Put Support 0DTE"": null, ""HVL 0DTE"": null, ""Gamma Wall 0DTE"": null, ""GEX 1"": null, ""GEX 2"": null, ""GEX 3"": null, ""GEX 4"": null, ""GEX 5"": null, ""GEX 6"": null, ""GEX 7"": null, ""GEX 8"": null, ""GEX 9"": null, ""GEX 10"": null}",unknown,,,,42008487,False,False,before_0600,outside_cash,,,,,,,,,,,all_19,,,,,not_applicable_outside_hours,london
fc0c3116-7229-574d-9e12-fba9c86cf694,,,2025-06-18T06:11:00+00:00,22000.75,0.25,2025-06-18,,aeb8bad860db92863af8c5db289eb426dcf765061783264e1a527cd39dac9553,"{""Call Resistance"": null, ""Put Support"": null, ""HVL"": null, ""1D Min"": null, ""1D Max"": null, ""Call Resistance 0DTE"": null, ""Put Support 0DTE"": null, ""HVL 0DTE"": null, ""Gamma Wall 0DTE"": null, ""GEX 1"": null, ""GEX 2"": null, ""GEX 3"": null, ""GEX 4"": null, ""GEX 5"": null, ""GEX 6"": null, ""GEX 7"": null, ""GEX 8"": null, ""GEX 9"": null, ""GEX 10"": null}",unknown,,,,42008487,False,False,before_0600,outside_cash,,,,,,,,,,,all_19,,,,,not_applicable_outside_hours,london
6329b2da-44f9-5359-b4c7-7036990146c0,,,2025-06-18T06:13:00+00:00,22010.25,0.25,2025-06-18,,aeb8bad860db92863af8c5db289eb426dcf765061783264e1a527cd39dac9553,"{""Call Resistance"": null, ""Put Support"": null, ""HVL"": null, ""1D Min"": null, ""1D Max"": null, ""Call Resistance 0DTE"": null, ""Put Support 0DTE"": null, ""HVL 0DTE"": null, ""Gamma Wall 0DTE"": null, ""GEX 1"": null, ""GEX 2"": null, ""GEX 3"": null, ""GEX 4"": null, ""GEX 5"": null, ""GEX 6"": null, ""GEX 7"": null, ""GEX 8"": null, ""GEX 9"": null, ""GEX 10"": null}",unknown,,,,42008487,False,False,before_0600,outside_cash,,,,,,,,,,,all_19,,,,,not_applicable_outside_hours,london
16284e5c-b8b5-5d75-96b4-31fa02ed74c3,,,2025-06-18T06:24:00+00:00,22009.0,0.25,2025-06-18,,aeb8bad860db92863af8c5db289eb426dcf765061783264e1a527cd39dac9553,"{""Call Resistance"": null, ""Put Support"": null, ""HVL"": null, ""1D Min"": null, ""1D Max"": null, ""Call Resistance 0DTE"": null, ""Put Support 0DTE"": null, ""HVL 0DTE"": null, ""Gamma Wall 0DTE"": null, ""GEX 1"": null, ""GEX 2"": null, ""GEX 3"": null, ""GEX 4"": null, ""GEX 5"": null, ""GEX 6"": null, ""GEX 7"": null, ""GEX 8"": null, ""GEX 9"": null, ""GEX 10"": null}",unknown,,,,42008487,False,False,before_0600,outside_cash,,,,,,,,,,,all_19,,,,,not_applicable_outside_hours,london
763708e7-189a-5d8e-bdfd-5ee778a4522e,,,2025-06-18T06:28:00+00:00,22015.0,0.25,2025-06-18,,aeb8bad860db92863af8c5db289eb426dcf765061783264e1a527cd39dac9553,"{""Call Resistance"": null, ""Put Support"": null, ""HVL"": null, ""1D Min"": null, ""1D Max"": null, ""Call Resistance 0DTE"": null, ""Put Support 0DTE"": null, ""HVL 0DTE"": null, ""Gamma Wall 0DTE"": null, ""GEX 1"": null, ""GEX 2"": null, ""GEX 3"": null, ""GEX 4"": null, ""GEX 5"": null, ""GEX 6"": null, ""GEX 7"": null, ""GEX 8"": null, ""GEX 9"": null, ""GEX 10"": null}",unknown,,,,42008487,False,False,before_0600,outside_cash,,,,,,,,,,,all_19,,,,,not_applicable_outside_hours,london
55e9e001-6c7e-5b33-b20d-ba1829f4606c,,,2025-06-18T06:34:00+00:00,22027.0,0.25,2025-06-18,,aeb8bad860db92863af8c5db289eb426dcf765061783264e1a527cd39dac9553,"{""Call Resistance"": null, ""Put Support"": null, ""HVL"": null, ""1D Min"": null, ""1D Max"": null, ""Call Resistance 0DTE"": null, ""Put Support 0DTE"": null, ""HVL 0DTE"": null, ""Gamma Wall 0DTE"": null, ""GEX 1"": null, ""GEX 2"": null, ""GEX 3"": null, ""GEX 4"": null, ""GEX 5"": null, ""GEX 6"": null, ""GEX 7"": null, ""GEX 8"": null, ""GEX 9"": null, ""GEX 10"": null}",unknown,,,,42008487,False,False,before_0600,outside_cash,,,,,,,,,,,all_19,,,,,not_applicable_outside_hours,london
b0d2a441-267d-5f1c-985c-86aec1511dc7,,,2025-06-18T06:57:00+00:00,22005.0,0.25,2025-06-18,,aeb8bad860db92863af8c5db289eb426dcf765061783264e1a527cd39dac9553,"{""Call Resistance"": null, ""Put Support"": null, ""HVL"": null, ""1D Min"": null, ""1D Max"": null, ""Call Resistance 0DTE"": null, ""Put Support 0DTE"": null, ""HVL 0DTE"": null, ""Gamma Wall 0DTE"": null, ""GEX 1"": null, ""GEX 2"": null, ""GEX 3"": null, ""GEX 4"": null, ""GEX 5"": null, ""GEX 6"": null, ""GEX 7"": null, ""GEX 8"": null, ""GEX 9"": null, ""GEX 10"": null}",unknown,,,,42008487,False,False,before_0600,outside_cash,,,,,,,,,,,all_19,,,,,not_applicable_outside_hours,london
3c8614f3-367f-5e4f-abc0-422707f46e5b,,,2025-06-18T07:03:00+00:00,22011.0,0.25,2025-06-18,,aeb8bad860db92863af8c5db289eb426dcf765061783264e1a527cd39dac9553,"{""Call Resistance"": null, ""Put Support"": null, ""HVL"": null, ""1D Min"": null, ""1D Max"": null, ""Call Resistance 0DTE"": null, ""Put Support 0DTE"": null, ""HVL 0DTE"": null, ""Gamma Wall 0DTE"": null, ""GEX 1"": null, ""GEX 2"": null, ""GEX 3"": null, ""GEX 4"": null, ""GEX 5"": null, ""GEX 6"": null, ""GEX 7"": null, ""GEX 8"": null, ""GEX 9"": null, ""GEX 10"": null}",unknown,,,,42008487,False,False,before_0600,outside_cash,,,,,,,,,,,all_19,,,,,not_applicable_outside_hours,london
9ed4d38a-c750-589d-ae2c-cd2c19c2519b,,,2025-06-18T07:09:00+00:00,22011.0,0.25,2025-06-18,,aeb8bad860db92863af8c5db289eb426dcf765061783264e1a527cd39dac9553,"{""Call Resistance"": null, ""Put Support"": null, ""HVL"": null, ""1D Min"": null, ""1D Max"": null, ""Call Resistance 0DTE"": null, ""Put Support 0DTE"": null, ""HVL 0DTE"": null, ""Gamma Wall 0DTE"": null, ""GEX 1"": null, ""GEX 2"": null, ""GEX 3"": null, ""GEX 4"": null, ""GEX 5"": null, ""GEX 6"": null, ""GEX 7"": null, ""GEX 8"": null, ""GEX 9"": null, ""GEX 10"": null}",unknown,,,,42008487,False,False,before_0600,outside_cash,,,,,,,,,,,all_19,,,,,not_applicable_outside_hours,london
1abff342-cdbb-59d1-a548-187cbd7d9bbf,,,2025-06-20T16:21:00+00:00,21857.5,0.25,2025-06-20,2025-06-19,aeb8bad860db92863af8c5db289eb426dcf765061783264e1a527cd39dac9553,"{""Call Resistance"": 22500.0, ""Put Support"": 21300.0, ""HVL"": 21675.0, ""1D Min"": 21565.5, ""1D Max"": 21840.5, ""Call Resistance 0DTE"": 21700.0, ""Put Support 0DTE"": 21450.0, ""HVL 0DTE"": 21675.0, ""Gamma Wall 0DTE"": 21700.0, ""GEX 1"": 21750.0, ""GEX 2"": 21800.0, ""GEX 3"": 21600.0, ""GEX 4"": 21650.0, ""GEX 5"": 21575.0, ""GEX 6"": 21900.0, ""GEX 7"": 21500.0, ""GEX 8"": 21950.0, ""GEX 9"": 21940.0, ""GEX 10"": 21860.0}",unknown,,,137.5,42008487,False,True,,s2_1000_1200,above,GEX 10,21860.0,2.5,0.01818181818181818,1D Max,21840.5,17.0,0.12363636363636364,False,all_19,1.1636363636363636,1.1636363636363636,False,False,context_unavailable,ny
b113fa6c-33b3-5802-ba17-7a3d1f922900,,,2025-06-20T16:24:00+00:00,21848.75,0.25,2025-06-20,2025-06-19,aeb8bad860db92863af8c5db289eb426dcf765061783264e1a527cd39dac9553,"{""Call Resistance"": 22500.0, ""Put Support"": 21300.0, ""HVL"": 21675.0, ""1D Min"": 21565.5, ""1D Max"": 21840.5, ""Call Resistance 0DTE"": 21700.0, ""Put Support 0DTE"": 21450.0, ""HVL 0DTE"": 21675.0, ""Gamma Wall 0DTE"": 21700.0, ""GEX 1"": 21750.0, ""GEX 2"": 21800.0, ""GEX 3"": 21600.0, ""GEX 4"": 21650.0, ""GEX 5"": 21575.0, ""GEX 6"": 21900.0, ""GEX 7"": 21500.0, ""GEX 8"": 21950.0, ""GEX 9"": 21940.0, ""GEX 10"": 21860.0}",unknown,,,137.5,42008487,False,True,,s2_1000_1200,above,GEX 10,21860.0,11.25,0.08181818181818182,1D Max,21840.5,8.25,0.06,False,all_19,1.1509090909090909,1.1509090909090909,False,False,context_unavailable,ny
df17eea5-d1ff-562a-a946-a5452b57331c,,,2025-06-20T16:47:00+00:00,21884.0,0.25,2025-06-20,2025-06-19,aeb8bad860db92863af8c5db289eb426dcf765061783264e1a527cd39dac9553,"{""Call Resistance"": 22500.0, ""Put Support"": 21300.0, ""HVL"": 21675.0, ""1D Min"": 21565.5, ""1D Max"": 21840.5, ""Call Resistance 0DTE"": 21700.0, ""Put Support 0DTE"": 21450.0, ""HVL 0DTE"": 21675.0, ""Gamma Wall 0DTE"": 21700.0, ""GEX 1"": 21750.0, ""GEX 2"": 21800.0, ""GEX 3"": 21600.0, ""GEX 4"": 21650.0, ""GEX 5"": 21575.0, ""GEX 6"": 21900.0, ""GEX 7"": 21500.0, ""GEX 8"": 21950.0, ""GEX 9"": 21940.0, ""GEX 10"": 21860.0}",unknown,,,137.5,42008487,False,True,,s2_1000_1200,above,GEX 6,21900.0,16.0,0.11636363636363636,GEX 10,21860.0,24.0,0.17454545454545456,False,all_19,1.3163636363636364,1.3163636363636364,False,False,context_unavailable,ny
173c0f22-55ff-507f-aa95-57414a565378,,,2025-06-20T16:55:00+00:00,21893.25,0.25,2025-06-20,2025-06-19,aeb8bad860db92863af8c5db289eb426dcf765061783264e1a527cd39dac9553,"{""Call Resistance"": 22500.0, ""Put Support"": 21300.0, ""HVL"": 21675.0, ""1D Min"": 21565.5, ""1D Max"": 21840.5, ""Call Resistance 0DTE"": 21700.0, ""Put Support 0DTE"": 21450.0, ""HVL 0DTE"": 21675.0, ""Gamma Wall 0DTE"": 21700.0, ""GEX 1"": 21750.0, ""GEX 2"": 21800.0, ""GEX 3"": 21600.0, ""GEX 4"": 21650.0, ""GEX 5"": 21575.0, ""GEX 6"": 21900.0, ""GEX 7"": 21500.0, ""GEX 8"": 21950.0, ""GEX 9"": 21940.0, ""GEX 10"": 21860.0}",unknown,,,137.5,42008487,False,True,,s2_1000_1200,above,GEX 6,21900.0,6.75,0.04909090909090909,GEX 10,21860.0,33.25,0.24181818181818182,False,all_19,1.3509090909090908,1.3509090909090908,False,False,context_unavailable,ny
913cea18-d2d4-5e5c-af69-53b3eea289ef,,,2025-06-20T17:10:00+00:00,21865.0,0.25,2025-06-20,2025-06-19,aeb8bad860db92863af8c5db289eb426dcf765061783264e1a527cd39dac9553,"{""Call Resistance"": 22500.0, ""Put Support"": 21300.0, ""HVL"": 21675.0, ""1D Min"": 21565.5, ""1D Max"": 21840.5, ""Call Resistance 0DTE"": 21700.0, ""Put Support 0DTE"": 21450.0, ""HVL 0DTE"": 21675.0, ""Gamma Wall 0DTE"": 21700.0, ""GEX 1"": 21750.0, ""GEX 2"": 21800.0, ""GEX 3"": 21600.0, ""GEX 4"": 21650.0, ""GEX 5"": 21575.0, ""GEX 6"": 21900.0, ""GEX 7"": 21500.0, ""GEX 8"": 21950.0, ""GEX 9"": 21940.0, ""GEX 10"": 21860.0}",unknown,,,137.5,42008487,False,True,,s3_1200_1330,above,GEX 6,21900.0,35.0,0.2545454545454545,GEX 10,21860.0,5.0,0.03636363636363636,False,all_19,1.1454545454545455,1.1454545454545455,False,False,context_unavailable,ny
da94b187-e49d-5102-acc8-e4720386d080,,,2025-06-20T17:14:00+00:00,21888.5,0.25,2025-06-20,2025-06-19,aeb8bad860db92863af8c5db289eb426dcf765061783264e1a527cd39dac9553,"{""Call Resistance"": 22500.0, ""Put Support"": 21300.0, ""HVL"": 21675.0, ""1D Min"": 21565.5, ""1D Max"": 21840.5, ""Call Resistance 0DTE"": 21700.0, ""Put Support 0DTE"": 21450.0, ""HVL 0DTE"": 21675.0, ""Gamma Wall 0DTE"": 21700.0, ""GEX 1"": 21750.0, ""GEX 2"": 21800.0, ""GEX 3"": 21600.0, ""GEX 4"": 21650.0, ""GEX 5"": 21575.0, ""GEX 6"": 21900.0, ""GEX 7"": 21500.0, ""GEX 8"": 21950.0, ""GEX 9"": 21940.0, ""GEX 10"": 21860.0}",unknown,,,137.5,42008487,False,True,,s3_1200_1330,above,GEX 6,21900.0,11.5,0.08363636363636363,GEX 10,21860.0,28.5,0.20727272727272728,False,all_19,1.3127272727272727,1.3127272727272727,False,False,context_unavailable,ny
18de4498-49c4-5d79-8521-790b0c8ff2e3,,,2025-06-20T19:34:00+00:00,21822.0,0.25,2025-06-20,2025-06-19,aeb8bad860db92863af8c5db289eb426dcf765061783264e1a527cd39dac9553,"{""Call Resistance"": 22500.0, ""Put Support"": 21300.0, ""HVL"": 21675.0, ""1D Min"": 21565.5, ""1D Max"": 21840.5, ""Call Resistance 0DTE"": 21700.0, ""Put Support 0DTE"": 21450.0, ""HVL 0DTE"": 21675.0, ""Gamma Wall 0DTE"": 21700.0, ""GEX 1"": 21750.0, ""GEX 2"": 21800.0, ""GEX 3"": 21600.0, ""GEX 4"": 21650.0, ""GEX 5"": 21575.0, ""GEX 6"": 21900.0, ""GEX 7"": 21500.0, ""GEX 8"": 21950.0, ""GEX 9"": 21940.0, ""GEX 10"": 21860.0}",unknown,,,137.5,42008487,False,True,,s4_1330_1510,above,1D Max,21840.5,18.5,0.13454545454545455,GEX 2,21800.0,22.0,0.16,False,all_19,0.8472727272727273,0.8472727272727273,False,False,context_unavailable,none
023f51f7-9013-5fb0-ab00-aaa8643bf69a,168d3b3f-1cf9-5ef5-8a21-f8381e382293,df1515ba-de09-58c7-8355-4b021dad1c30,2025-06-20T19:57:00+00:00,21845.75,0.25,2025-06-20,2025-06-19,aeb8bad860db92863af8c5db289eb426dcf765061783264e1a527cd39dac9553,"{""Call Resistance"": 22500.0, ""Put Support"": 21300.0, ""HVL"": 21675.0, ""1D Min"": 21565.5, ""1D Max"": 21840.5, ""Call Resistance 0DTE"": 21700.0, ""Put Support 0DTE"": 21450.0, ""HVL 0DTE"": 21675.0, ""Gamma Wall 0DTE"": 21700.0, ""GEX 1"": 21750.0, ""GEX 2"": 21800.0, ""GEX 3"": 21600.0, ""GEX 4"": 21650.0, ""GEX 5"": 21575.0, ""GEX 6"": 21900.0, ""GEX 7"": 21500.0, ""GEX 8"": 21950.0, ""GEX 9"": 21940.0, ""GEX 10"": 21860.0}",unknown,,,137.5,42008487,False,True,,s4_1330_1510,above,GEX 10,21860.0,14.25,0.10363636363636364,1D Max,21840.5,5.25,0.038181818181818185,False,all_19,1.0436363636363637,1.0436363636363637,False,False,context_unavailable,none
8223b146-8853-5289-a367-7c3bfd6c8579,,,2025-06-23T12:16:00+00:00,21848.0,0.25,2025-06-23,2025-06-20,aeb8bad860db92863af8c5db289eb426dcf765061783264e1a527cd39dac9553,"{""Call Resistance"": 22500.0, ""Put Support"": 21500.0, ""HVL"": 21950.0, ""1D Min"": 21611.08, ""1D Max"": 22136.92, ""Call Resistance 0DTE"": 22200.0, ""Put Support 0DTE"": 21300.0, ""HVL 0DTE"": 22030.0, ""Gamma Wall 0DTE"": 22200.0, ""GEX 1"": 21800.0, ""GEX 2"": 21900.0, ""GEX 3"": 21850.0, ""GEX 4"": 22100.0, ""GEX 5"": 21700.0, ""GEX 6"": 22250.0, ""GEX 7"": 22300.0, ""GEX 8"": 21600.0, ""GEX 9"": 21400.0, ""GEX 10"": 21550.0}",positive,65359.33591154963,0.3024193548387097,262.91999999999825,42008487,False,True,,outside_cash,below,GEX 3,21850.0,2.0,0.007606876616461332,GEX 1,21800.0,48.0,0.18256503879507197,True,all_19,-0.07321618743344031,0.07321618743344031,False,False,evaluated,ny
7b8db20f-c810-5cd6-9a55-b3d419a31259,,,2025-06-23T12:21:00+00:00,21836.5,0.25,2025-06-23,2025-06-20,aeb8bad860db92863af8c5db289eb426dcf765061783264e1a527cd39dac9553,"{""Call Resistance"": 22500.0, ""Put Support"": 21500.0, ""HVL"": 21950.0, ""1D Min"": 21611.08, ""1D Max"": 22136.92, ""Call Resistance 0DTE"": 22200.0, ""Put Support 0DTE"": 21300.0, ""HVL 0DTE"": 22030.0, ""Gamma Wall 0DTE"": 22200.0, ""GEX 1"": 21800.0, ""GEX 2"": 21900.0, ""GEX 3"": 21850.0, ""GEX 4"": 22100.0, ""GEX 5"": 21700.0, ""GEX 6"": 22250.0, ""GEX 7"": 22300.0, ""GEX 8"": 21600.0, ""GEX 9"": 21400.0, ""GEX 10"": 21550.0}",positive,65359.33591154963,0.3024193548387097,262.91999999999825,42008487,False,True,,outside_cash,below,GEX 3,21850.0,13.5,0.05134641716111399,GEX 1,21800.0,36.5,0.1388254982504193,True,all_19,-0.09888939601399731,0.09888939601399731,False,False,evaluated,ny
95691e18-0e2e-5355-8621-86887d44e1fa,,,2025-06-23T12:27:00+00:00,21849.0,0.25,2025-06-23,2025-06-20,aeb8bad860db92863af8c5db289eb426dcf765061783264e1a527cd39dac9553,"{""Call Resistance"": 22500.0, ""Put Support"": 21500.0, ""HVL"": 21950.0, ""1D Min"": 21611.08, ""1D Max"": 22136.92, ""Call Resistance 0DTE"": 22200.0, ""Put Support 0DTE"": 21300.0, ""HVL 0DTE"": 22030.0, ""Gamma Wall 0DTE"": 22200.0, ""GEX 1"": 21800.0, ""GEX 2"": 21900.0, ""GEX 3"": 21850.0, ""GEX 4"": 22100.0, ""GEX 5"": 21700.0, ""GEX 6"": 22250.0, ""GEX 7"": 22300.0, ""GEX 8"": 21600.0, ""GEX 9"": 21400.0, ""GEX 10"": 21550.0}",positive,65359.33591154963,0.3024193548387097,262.91999999999825,42008487,False,True,,outside_cash,below,GEX 3,21850.0,1.0,0.003803438308230666,GEX 1,21800.0,49.0,0.18636847710330262,True,all_19,-0.060855012931690655,0.060855012931690655,False,False,evaluated,ny
b59fa390-7b21-5bae-93b5-2e041f7ec9ba,,,2025-06-23T12:33:00+00:00,21848.0,0.25,2025-06-23,2025-06-20,aeb8bad860db92863af8c5db289eb426dcf765061783264e1a527cd39dac9553,"{""Call Resistance"": 22500.0, ""Put Support"": 21500.0, ""HVL"": 21950.0, ""1D Min"": 21611.08, ""1D Max"": 22136.92, ""Call Resistance 0DTE"": 22200.0, ""Put Support 0DTE"": 21300.0, ""HVL 0DTE"": 22030.0, ""Gamma Wall 0DTE"": 22200.0, ""GEX 1"": 21800.0, ""GEX 2"": 21900.0, ""GEX 3"": 21850.0, ""GEX 4"": 22100.0, ""GEX 5"": 21700.0, ""GEX 6"": 22250.0, ""GEX 7"": 22300.0, ""GEX 8"": 21600.0, ""GEX 9"": 21400.0, ""GEX 10"": 21550.0}",positive,65359.33591154963,0.3024193548387097,262.91999999999825,42008487,False,True,,outside_cash,below,GEX 3,21850.0,2.0,0.007606876616461332,GEX 1,21800.0,48.0,0.18256503879507197,True,all_19,-0.07606876616461332,0.07606876616461332,False,False,evaluated,ny
b5909f98-1e90-56cc-99c0-64adb42946ce,,,2025-06-23T12:34:00+00:00,21854.0,0.25,2025-06-23,2025-06-20,aeb8bad860db92863af8c5db289eb426dcf765061783264e1a527cd39dac9553,"{""Call Resistance"": 22500.0, ""Put Support"": 21500.0, ""HVL"": 21950.0, ""1D Min"": 21611.08, ""1D Max"": 22136.92, ""Call Resistance 0DTE"": 22200.0, ""Put Support 0DTE"": 21300.0, ""HVL 0DTE"": 22030.0, ""Gamma Wall 0DTE"": 22200.0, ""GEX 1"": 21800.0, ""GEX 2"": 21900.0, ""GEX 3"": 21850.0, ""GEX 4"": 22100.0, ""GEX 5"": 21700.0, ""GEX 6"": 22250.0, ""GEX 7"": 22300.0, ""GEX 8"": 21600.0, ""GEX 9"": 21400.0, ""GEX 10"": 21550.0}",positive,65359.33591154963,0.3024193548387097,262.91999999999825,42008487,False,True,,outside_cash,below,GEX 2,21900.0,46.0,0.17495816217861063,GEX 3,21850.0,4.0,0.015213753232922664,False,all_19,-0.059904153354632984,0.059904153354632984,False,False,evaluated,ny
bbf78a02-0887-551f-8c42-009230d37e29,,,2025-06-23T12:35:00+00:00,21857.75,0.25,2025-06-23,2025-06-20,aeb8bad860db92863af8c5db289eb426dcf765061783264e1a527cd39dac9553,"{""Call Resistance"": 22500.0, ""Put Support"": 21500.0, ""HVL"": 21950.0, ""1D Min"": 21611.08, ""1D Max"": 22136.92, ""Call Resistance 0DTE"": 22200.0, ""Put Support 0DTE"": 21300.0, ""HVL 0DTE"": 22030.0, ""Gamma Wall 0DTE"": 22200.0, ""GEX 1"": 21800.0, ""GEX 2"": 21900.0, ""GEX 3"": 21850.0, ""GEX 4"": 22100.0, ""GEX 5"": 21700.0, ""GEX 6"": 22250.0, ""GEX 7"": 22300.0, ""GEX 8"": 21600.0, ""GEX 9"": 21400.0, ""GEX 10"": 21550.0}",positive,65359.33591154963,0.3024193548387097,262.91999999999825,42008487,False,True,,outside_cash,below,GEX 2,21900.0,42.25,0.16069526852274563,GEX 3,21850.0,7.75,0.02947664688878766,False,all_19,-0.036132663928191325,0.036132663928191325,False,False,evaluated,ny
a312a8dd-2df9-5566-990e-857175db6bb4,,,2025-06-23T12:36:00+00:00,21857.25,0.25,2025-06-23,2025-06-20,aeb8bad860db92863af8c5db289eb426dcf765061783264e1a527cd39dac9553,"{""Call Resistance"": 22500.0, ""Put Support"": 21500.0, ""HVL"": 21950.0, ""1D Min"": 21611.08, ""1D Max"": 22136.92, ""Call Resistance 0DTE"": 22200.0, ""Put Support 0DTE"": 21300.0, ""HVL 0DTE"": 22030.0, ""Gamma Wall 0DTE"": 22200.0, ""GEX 1"": 21800.0, ""GEX 2"": 21900.0, ""GEX 3"": 21850.0, ""GEX 4"": 22100.0, ""GEX 5"": 21700.0, ""GEX 6"": 22250.0, ""GEX 7"": 22300.0, ""GEX 8"": 21600.0, ""GEX 9"": 21400.0, ""GEX 10"": 21550.0}",positive,65359.33591154963,0.3024193548387097,262.91999999999825,42008487,False,True,,outside_cash,below,GEX 2,21900.0,42.75,0.16259698767686095,GEX 3,21850.0,7.25,0.027574927734672326,False,all_19,-0.02186977027232633,0.02186977027232633,False,False,evaluated,ny
a095d65b-41ba-5f03-8e14-348f4963e44f,,,2025-06-23T12:52:00+00:00,21875.75,0.25,2025-06-23,2025-06-20,aeb8bad860db92863af8c5db289eb426dcf765061783264e1a527cd39dac9553,"{""Call Resistance"": 22500.0, ""Put Support"": 21500.0, ""HVL"": 21950.0, ""1D Min"": 21611.08, ""1D Max"": 22136.92, ""Call Resistance 0DTE"": 22200.0, ""Put Support 0DTE"": 21300.0, ""HVL 0DTE"": 22030.0, ""Gamma Wall 0DTE"": 22200.0, ""GEX 1"": 21800.0, ""GEX 2"": 21900.0, ""GEX 3"": 21850.0, ""GEX 4"": 22100.0, ""GEX 5"": 21700.0, ""GEX 6"": 22250.0, ""GEX 7"": 22300.0, ""GEX 8"": 21600.0, ""GEX 9"": 21400.0, ""GEX 10"": 21550.0}",positive,65359.33591154963,0.3024193548387097,262.91999999999825,42008487,False,True,,outside_cash,below,GEX 2,21900.0,24.25,0.09223337897459365,GEX 3,21850.0,25.75,0.09793853643693964,False,all_19,0.04088696181347966,0.04088696181347966,False,False,evaluated,ny
36597a4e-5221-5a39-98ca-0d54ecaba03c,,,2025-06-23T12:58:00+00:00,21880.0,0.25,2025-06-23,2025-06-20,aeb8bad860db92863af8c5db289eb426dcf765061783264e1a527cd39dac9553,"{""Call Resistance"": 22500.0, ""Put Support"": 21500.0, ""HVL"": 21950.0, ""1D Min"": 21611.08, ""1D Max"": 22136.92, ""Call Resistance 0DTE"": 22200.0, ""Put Support 0DTE"": 21300.0, ""HVL 0DTE"": 22030.0, ""Gamma Wall 0DTE"": 22200.0, ""GEX 1"": 21800.0, ""GEX 2"": 21900.0, ""GEX 3"": 21850.0, ""GEX 4"": 22100.0, ""GEX 5"": 21700.0, ""GEX 6"": 22250.0, ""GEX 7"": 22300.0, ""GEX 8"": 21600.0, ""GEX 9"": 21400.0, ""GEX 10"": 21550.0}",positive,65359.33591154963,0.3024193548387097,262.91999999999825,42008487,False,True,,outside_cash,below,GEX 2,21900.0,20.0,0.07606876616461332,GEX 3,21850.0,30.0,0.11410314924691997,False,all_19,0.07131446827932499,0.07131446827932499,False,False,evaluated,ny
843cebbc-29c1-56fe-afed-17100d2e21ab,,,2025-06-23T13:08:00+00:00,21888.5,0.25,2025-06-23,2025-06-20,aeb8bad860db92863af8c5db289eb426dcf765061783264e1a527cd39dac9553,"{""Call Resistance"": 22500.0, ""Put Support"": 21500.0, ""HVL"": 21950.0, ""1D Min"": 21611.08, ""1D Max"": 22136.92, ""Call Resistance 0DTE"": 22200.0, ""Put Support 0DTE"": 21300.0, ""HVL 0DTE"": 22030.0, ""Gamma Wall 0DTE"": 22200.0, ""GEX 1"": 21800.0, ""GEX 2"": 21900.0, ""GEX 3"": 21850.0, ""GEX 4"": 22100.0, ""GEX 5"": 21700.0, ""GEX 6"": 22250.0, ""GEX 7"": 22300.0, ""GEX 8"": 21600.0, ""GEX 9"": 21400.0, ""GEX 10"": 21550.0}",positive,65359.33591154963,0.3024193548387097,262.91999999999825,42008487,False,True,,outside_cash,below,GEX 2,21900.0,11.5,0.04373954054465266,GEX 3,21850.0,38.5,0.14643237486688063,False,all_19,0.08842994066636298,0.08842994066636298,False,False,evaluated,ny
12a0acd2-3d14-52e5-8801-eea80a14d97f,,,2025-06-23T13:19:00+00:00,21883.75,0.25,2025-06-23,2025-06-20,aeb8bad860db92863af8c5db289eb426dcf765061783264e1a527cd39dac9553,"{""Call Resistance"": 22500.0, ""Put Support"": 21500.0, ""HVL"": 21950.0, ""1D Min"": 21611.08, ""1D Max"": 22136.92, ""Call Resistance 0DTE"": 22200.0, ""Put Support 0DTE"": 21300.0, ""HVL 0DTE"": 22030.0, ""Gamma Wall 0DTE"": 22200.0, ""GEX 1"": 21800.0, ""GEX 2"": 21900.0, ""GEX 3"": 21850.0, ""GEX 4"": 22100.0, ""GEX 5"": 21700.0, ""GEX 6"": 22250.0, ""GEX 7"": 22300.0, ""GEX 8"": 21600.0, ""GEX 9"": 21400.0, ""GEX 10"": 21550.0}",positive,65359.33591154963,0.3024193548387097,262.91999999999825,42008487,False,True,,outside_cash,below,GEX 2,21900.0,16.25,0.06180587250874832,GEX 3,21850.0,33.75,0.12836604290278497,False,all_19,0.07797048531872865,0.07797048531872865,False,False,evaluated,ny
7dee1a37-d75b-5ae8-b717-bfb754ae14f5,,,2025-07-01T16:33:00+00:00,22687.75,0.25,2025-07-01,2025-06-30,aeb8bad860db92863af8c5db289eb426dcf765061783264e1a527cd39dac9553,"{""Call Resistance"": 23000.0, ""Put Support"": 22875.0, ""HVL"": 22790.0, ""1D Min"": 22610.07, ""1D Max"": 23123.43, ""Call Resistance 0DTE"": 22950.0, ""Put Support 0DTE"": 22700.0, ""HVL 0DTE"": 22875.0, ""Gamma Wall 0DTE"": 22950.0, ""GEX 1"": 22900.0, ""GEX 2"": 23100.0, ""GEX 3"": 22800.0, ""GEX 4"": 22850.0, ""GEX 5"": 22890.0, ""GEX 6"": 22500.0, ""GEX 7"": 22600.0, ""GEX 8"": 23200.0, ""GEX 9"": 23300.0, ""GEX 10"": 23250.0}",positive,3981343.558812388,0.7559055118110236,256.6800000000003,42008487,False,True,,s2_1000_1200,below,Put Support 0DTE,22700.0,12.25,0.04772479351721983,1D Min,22610.07,77.68000000000029,0.302633629421849,False,all_19,-0.7363253856942488,0.7363253856942488,False,False,evaluated,ny
40d81488-b425-5ab4-967a-c097ece520e2,,,2025-07-01T16:34:00+00:00,22692.0,0.25,2025-07-01,2025-06-30,aeb8bad860db92863af8c5db289eb426dcf765061783264e1a527cd39dac9553,"{""Call Resistance"": 23000.0, ""Put Support"": 22875.0, ""HVL"": 22790.0, ""1D Min"": 22610.07, ""1D Max"": 23123.43, ""Call Resistance 0DTE"": 22950.0, ""Put Support 0DTE"": 22700.0, ""HVL 0DTE"": 22875.0, ""Gamma Wall 0DTE"": 22950.0, ""GEX 1"": 22900.0, ""GEX 2"": 23100.0, ""GEX 3"": 22800.0, ""GEX 4"": 22850.0, ""GEX 5"": 22890.0, ""GEX 6"": 22500.0, ""GEX 7"": 22600.0, ""GEX 8"": 23200.0, ""GEX 9"": 23300.0, ""GEX 10"": 23250.0}",positive,3981343.558812388,0.7559055118110236,256.6800000000003,42008487,False,True,,s2_1000_1200,below,Put Support 0DTE,22700.0,8.0,0.031167212092878257,1D Min,22610.07,81.93000000000029,0.31919121084619057,False,all_19,-0.725611656537322,0.725611656537322,False,False,evaluated,ny
c952136b-8c5d-52e8-bb68-29eb495a9a00,,,2025-07-01T16:39:00+00:00,22708.0,0.25,2025-07-01,2025-06-30,aeb8bad860db92863af8c5db289eb426dcf765061783264e1a527cd39dac9553,"{""Call Resistance"": 23000.0, ""Put Support"": 22875.0, ""HVL"": 22790.0, ""1D Min"": 22610.07, ""1D Max"": 23123.43, ""Call Resistance 0DTE"": 22950.0, ""Put Support 0DTE"": 22700.0, ""HVL 0DTE"": 22875.0, ""Gamma Wall 0DTE"": 22950.0, ""GEX 1"": 22900.0, ""GEX 2"": 23100.0, ""GEX 3"": 22800.0, ""GEX 4"": 22850.0, ""GEX 5"": 22890.0, ""GEX 6"": 22500.0, ""GEX 7"": 22600.0, ""GEX 8"": 23200.0, ""GEX 9"": 23300.0, ""GEX 10"": 23250.0}",positive,3981343.558812388,0.7559055118110236,256.6800000000003,42008487,False,True,,s2_1000_1200,below,HVL,22790.0,82.0,0.3194639239520021,Put Support 0DTE,22700.0,8.0,0.031167212092878257,False,all_19,-0.6642512077294679,0.6642512077294679,False,False,evaluated,ny
528b35fc-a340-5c2e-81a6-311ea804dcec,,,2025-07-01T16:44:00+00:00,22704.75,0.25,2025-07-01,2025-06-30,aeb8bad860db92863af8c5db289eb426dcf765061783264e1a527cd39dac9553,"{""Call Resistance"": 23000.0, ""Put Support"": 22875.0, ""HVL"": 22790.0, ""1D Min"": 22610.07, ""1D Max"": 23123.43, ""Call Resistance 0DTE"": 22950.0, ""Put Support 0DTE"": 22700.0, ""HVL 0DTE"": 22875.0, ""Gamma Wall 0DTE"": 22950.0, ""GEX 1"": 22900.0, ""GEX 2"": 23100.0, ""GEX 3"": 22800.0, ""GEX 4"": 22850.0, ""GEX 5"": 22890.0, ""GEX 6"": 22500.0, ""GEX 7"": 22600.0, ""GEX 8"": 23200.0, ""GEX 9"": 23300.0, ""GEX 10"": 23250.0}",positive,3981343.558812388,0.7559055118110236,256.6800000000003,42008487,False,True,,s2_1000_1200,below,HVL,22790.0,85.25,0.33212560386473394,Put Support 0DTE,22700.0,4.75,0.018505532180146465,False,all_19,-0.6593813308399556,0.6593813308399556,False,False,evaluated,ny
003d2bbc-89de-5fb4-be20-74441f6575ac,,,2025-07-01T16:49:00+00:00,22717.25,0.25,2025-07-01,2025-06-30,aeb8bad860db92863af8c5db289eb426dcf765061783264e1a527cd39dac9553,"{""Call Resistance"": 23000.0, ""Put Support"": 22875.0, ""HVL"": 22790.0, ""1D Min"": 22610.07, ""1D Max"": 23123.43, ""Call Resistance 0DTE"": 22950.0, ""Put Support 0DTE"": 22700.0, ""HVL 0DTE"": 22875.0, ""Gamma Wall 0DTE"": 22950.0, ""GEX 1"": 22900.0, ""GEX 2"": 23100.0, ""GEX 3"": 22800.0, ""GEX 4"": 22850.0, ""GEX 5"": 22890.0, ""GEX 6"": 22500.0, ""GEX 7"": 22600.0, ""GEX 8"": 23200.0, ""GEX 9"": 23300.0, ""GEX 10"": 23250.0}",positive,3981343.558812388,0.7559055118110236,256.6800000000003,42008487,False,True,,s2_1000_1200,below,HVL,22790.0,72.75,0.28342683496961163,Put Support 0DTE,22700.0,17.25,0.06720430107526874,False,all_19,-0.6262661679912724,0.6262661679912724,False,False,evaluated,ny
2edaf1e4-76d5-55b4-91fb-da8c20bd6525,,,2025-07-01T16:54:00+00:00,22732.25,0.25,2025-07-01,2025-06-30,aeb8bad860db92863af8c5db289eb426dcf765061783264e1a527cd39dac9553,"{""Call Resistance"": 23000.0, ""Put Support"": 22875.0, ""HVL"": 22790.0, ""1D Min"": 22610.07, ""1D Max"": 23123.43, ""Call Resistance 0DTE"": 22950.0, ""Put Support 0DTE"": 22700.0, ""HVL 0DTE"": 22875.0, ""Gamma Wall 0DTE"": 22950.0, ""GEX 1"": 22900.0, ""GEX 2"": 23100.0, ""GEX 3"": 22800.0, ""GEX 4"": 22850.0, ""GEX 5"": 22890.0, ""GEX 6"": 22500.0, ""GEX 7"": 22600.0, ""GEX 8"": 23200.0, ""GEX 9"": 23300.0, ""GEX 10"": 23250.0}",positive,3981343.558812388,0.7559055118110236,256.6800000000003,42008487,False,True,,s2_1000_1200,below,HVL,22790.0,57.75,0.22498831229546493,Put Support 0DTE,22700.0,32.25,0.12564282374941546,False,all_19,-0.5688016206950282,0.5688016206950282,False,False,evaluated,ny
686b0a96-e37c-56d5-9ce1-bca506f6cf91,,,2025-07-01T17:07:00+00:00,22729.25,0.25,2025-07-01,2025-06-30,aeb8bad860db92863af8c5db289eb426dcf765061783264e1a527cd39dac9553,"{""Call Resistance"": 23000.0, ""Put Support"": 22875.0, ""HVL"": 22790.0, ""1D Min"": 22610.07, ""1D Max"": 23123.43, ""Call Resistance 0DTE"": 22950.0, ""Put Support 0DTE"": 22700.0, ""HVL 0DTE"": 22875.0, ""Gamma Wall 0DTE"": 22950.0, ""GEX 1"": 22900.0, ""GEX 2"": 23100.0, ""GEX 3"": 22800.0, ""GEX 4"": 22850.0, ""GEX 5"": 22890.0, ""GEX 6"": 22500.0, ""GEX 7"": 22600.0, ""GEX 8"": 23200.0, ""GEX 9"": 23300.0, ""GEX 10"": 23250.0}",positive,3981343.558812388,0.7559055118110236,256.6800000000003,42008487,False,True,,s3_1200_1330,below,HVL,22790.0,60.75,0.23667601683029427,Put Support 0DTE,22700.0,29.25,0.11395511921458612,False,all_19,-0.5600358422939061,0.5600358422939061,False,False,evaluated,ny
a199a78e-46cc-5206-9e1c-10474b18da1c,,,2025-07-01T17:13:00+00:00,22742.0,0.25,2025-07-01,2025-06-30,aeb8bad860db92863af8c5db289eb426dcf765061783264e1a527cd39dac9553,"{""Call Resistance"": 23000.0, ""Put Support"": 22875.0, ""HVL"": 22790.0, ""1D Min"": 22610.07, ""1D Max"": 23123.43, ""Call Resistance 0DTE"": 22950.0, ""Put Support 0DTE"": 22700.0, ""HVL 0DTE"": 22875.0, ""Gamma Wall 0DTE"": 22950.0, ""GEX 1"": 22900.0, ""GEX 2"": 23100.0, ""GEX 3"": 22800.0, ""GEX 4"": 22850.0, ""GEX 5"": 22890.0, ""GEX 6"": 22500.0, ""GEX 7"": 22600.0, ""GEX 8"": 23200.0, ""GEX 9"": 23300.0, ""GEX 10"": 23250.0}",positive,3981343.558812388,0.7559055118110236,256.6800000000003,42008487,False,True,,s3_1200_1330,below,HVL,22790.0,48.0,0.18700327255726953,Put Support 0DTE,22700.0,42.0,0.16362786348761085,False,all_19,-0.5288686302010279,0.5288686302010279,False,False,evaluated,ny
76db40fa-440f-508b-869a-84891cf30973,,,2025-07-01T17:24:00+00:00,22738.5,0.25,2025-07-01,2025-06-30,aeb8bad860db92863af8c5db289eb426dcf765061783264e1a527cd39dac9553,"{""Call Resistance"": 23000.0, ""Put Support"": 22875.0, ""HVL"": 22790.0, ""1D Min"": 22610.07, ""1D Max"": 23123.43, ""Call Resistance 0DTE"": 22950.0, ""Put Support 0DTE"": 22700.0, ""HVL 0DTE"": 22875.0, ""Gamma Wall 0DTE"": 22950.0, ""GEX 1"": 22900.0, ""GEX 2"": 23100.0, ""GEX 3"": 22800.0, ""GEX 4"": 22850.0, ""GEX 5"": 22890.0, ""GEX 6"": 22500.0, ""GEX 7"": 22600.0, ""GEX 8"": 23200.0, ""GEX 9"": 23300.0, ""GEX 10"": 23250.0}",positive,3981343.558812388,0.7559055118110236,256.6800000000003,42008487,False,True,,s3_1200_1330,below,HVL,22790.0,51.5,0.20063892784790377,Put Support 0DTE,22700.0,38.5,0.14999220819697662,False,all_19,-0.5444522362474671,0.5444522362474671,False,False,evaluated,ny
f9bc29be-b46a-56aa-a1b3-54f0e5012c98,,,2025-07-01T17:52:00+00:00,22744.75,0.25,2025-07-01,2025-06-30,aeb8bad860db92863af8c5db289eb426dcf765061783264e1a527cd39dac9553,"{""Call Resistance"": 23000.0, ""Put Support"": 22875.0, ""HVL"": 22790.0, ""1D Min"": 22610.07, ""1D Max"": 23123.43, ""Call Resistance 0DTE"": 22950.0, ""Put Support 0DTE"": 22700.0, ""HVL 0DTE"": 22875.0, ""Gamma Wall 0DTE"": 22950.0, ""GEX 1"": 22900.0, ""GEX 2"": 23100.0, ""GEX 3"": 22800.0, ""GEX 4"": 22850.0, ""GEX 5"": 22890.0, ""GEX 6"": 22500.0, ""GEX 7"": 22600.0, ""GEX 8"": 23200.0, ""GEX 9"": 23300.0, ""GEX 10"": 23250.0}",positive,3981343.558812388,0.7559055118110236,256.6800000000003,42008487,False,True,,s3_1200_1330,below,HVL,22790.0,45.25,0.17628954340034264,Put Support 0DTE,22700.0,44.75,0.17434159264453775,False,all_19,-0.49575346735234477,0.49575346735234477,False,False,evaluated,ny
ca8477b3-a49f-5314-95d0-2dbccbeb4496,6f2ea06e-b72c-5678-84dd-35f89e8e425e,30c280e9-1f9e-53ea-94e5-a98d8e060d10,2025-07-07T19:46:00+00:00,22857.25,0.25,2025-07-07,2025-07-04,aeb8bad860db92863af8c5db289eb426dcf765061783264e1a527cd39dac9553,"{""Call Resistance"": 23000.0, ""Put Support"": 22850.0, ""HVL"": 22450.0, ""1D Min"": 22864.06, ""1D Max"": 22949.44, ""Call Resistance 0DTE"": 23000.0, ""Put Support 0DTE"": 22900.0, ""HVL 0DTE"": 22600.0, ""Gamma Wall 0DTE"": 23000.0, ""GEX 1"": 22875.0, ""GEX 2"": 22920.0, ""GEX 3"": 22930.0, ""GEX 4"": 22925.0, ""GEX 5"": 22870.0, ""GEX 6"": 22825.0, ""GEX 7"": 22975.0, ""GEX 8"": 22950.0, ""GEX 9"": 22840.0, ""GEX 10"": 22830.0}",unknown,,,42.68999999999869,42008487,False,True,,s4_1330_1510,above,1D Min,22864.06,6.81000000000131,0.15952213633172918,Put Support,22850.0,7.25,0.16982899976575833,False,all_19,-1.194659170766024,1.194659170766024,False,False,context_unavailable,none
89d952aa-3071-5cc5-9517-5dbf0ad1d055,,,2025-07-07T19:47:00+00:00,22847.5,0.25,2025-07-07,2025-07-04,aeb8bad860db92863af8c5db289eb426dcf765061783264e1a527cd39dac9553,"{""Call Resistance"": 23000.0, ""Put Support"": 22850.0, ""HVL"": 22450.0, ""1D Min"": 22864.06, ""1D Max"": 22949.44, ""Call Resistance 0DTE"": 23000.0, ""Put Support 0DTE"": 22900.0, ""HVL 0DTE"": 22600.0, ""Gamma Wall 0DTE"": 23000.0, ""GEX 1"": 22875.0, ""GEX 2"": 22920.0, ""GEX 3"": 22930.0, ""GEX 4"": 22925.0, ""GEX 5"": 22870.0, ""GEX 6"": 22825.0, ""GEX 7"": 22975.0, ""GEX 8"": 22950.0, ""GEX 9"": 22840.0, ""GEX 10"": 22830.0}",unknown,,,42.68999999999869,42008487,False,True,,s4_1330_1510,above,Put Support,22850.0,2.5,0.05856172405715804,GEX 9,22840.0,7.5,0.1756851721714741,False,all_19,-1.0833918950574237,1.0833918950574237,False,False,context_unavailable,none
6286caee-bdb5-5942-b5f1-b331dce4dcd0,,,2025-07-14T01:19:00+00:00,22857.25,0.25,2025-07-13,,aeb8bad860db92863af8c5db289eb426dcf765061783264e1a527cd39dac9553,"{""Call Resistance"": null, ""Put Support"": null, ""HVL"": null, ""1D Min"": null, ""1D Max"": null, ""Call Resistance 0DTE"": null, ""Put Support 0DTE"": null, ""HVL 0DTE"": null, ""Gamma Wall 0DTE"": null, ""GEX 1"": null, ""GEX 2"": null, ""GEX 3"": null, ""GEX 4"": null, ""GEX 5"": null, ""GEX 6"": null, ""GEX 7"": null, ""GEX 8"": null, ""GEX 9"": null, ""GEX 10"": null}",unknown,,,,42008487,False,False,after_1700,outside_cash,,,,,,,,,,,all_19,,,,,not_applicable_outside_hours,asia
e5d66bfd-527b-582c-96e0-738a0d3706e4,,,2025-07-14T01:19:00+00:00,22857.25,0.25,2025-07-13,,aeb8bad860db92863af8c5db289eb426dcf765061783264e1a527cd39dac9553,"{""Call Resistance"": null, ""Put Support"": null, ""HVL"": null, ""1D Min"": null, ""1D Max"": null, ""Call Resistance 0DTE"": null, ""Put Support 0DTE"": null, ""HVL 0DTE"": null, ""Gamma Wall 0DTE"": null, ""GEX 1"": null, ""GEX 2"": null, ""GEX 3"": null, ""GEX 4"": null, ""GEX 5"": null, ""GEX 6"": null, ""GEX 7"": null, ""GEX 8"": null, ""GEX 9"": null, ""GEX 10"": null}",unknown,,,,42008487,False,False,after_1700,outside_cash,,,,,,,,,,,all_19,,,,,not_applicable_outside_hours,asia
148333b1-044c-5363-a9c4-53b10e6fbb55,,,2025-07-14T01:30:00+00:00,22847.5,0.25,2025-07-13,,aeb8bad860db92863af8c5db289eb426dcf765061783264e1a527cd39dac9553,"{""Call Resistance"": null, ""Put Support"": null, ""HVL"": null, ""1D Min"": null, ""1D Max"": null, ""Call Resistance 0DTE"": null, ""Put Support 0DTE"": null, ""HVL 0DTE"": null, ""Gamma Wall 0DTE"": null, ""GEX 1"": null, ""GEX 2"": null, ""GEX 3"": null, ""GEX 4"": null, ""GEX 5"": null, ""GEX 6"": null, ""GEX 7"": null, ""GEX 8"": null, ""GEX 9"": null, ""GEX 10"": null}",unknown,,,,42008487,False,False,after_1700,outside_cash,,,,,,,,,,,all_19,,,,,not_applicable_outside_hours,asia
2a7cf717-a761-52b9-8b71-bffd26900163,,,2025-07-14T01:32:00+00:00,22851.75,0.25,2025-07-13,,aeb8bad860db92863af8c5db289eb426dcf765061783264e1a527cd39dac9553,"{""Call Resistance"": null, ""Put Support"": null, ""HVL"": null, ""1D Min"": null, ""1D Max"": null, ""Call Resistance 0DTE"": null, ""Put Support 0DTE"": null, ""HVL 0DTE"": null, ""Gamma Wall 0DTE"": null, ""GEX 1"": null, ""GEX 2"": null, ""GEX 3"": null, ""GEX 4"": null, ""GEX 5"": null, ""GEX 6"": null, ""GEX 7"": null, ""GEX 8"": null, ""GEX 9"": null, ""GEX 10"": null}",unknown,,,,42008487,False,False,after_1700,outside_cash,,,,,,,,,,,all_19,,,,,not_applicable_outside_hours,asia
3ada9448-fa61-5d76-9f8b-3d65bcd4521f,,,2025-07-14T01:42:00+00:00,22856.75,0.25,2025-07-13,,aeb8bad860db92863af8c5db289eb426dcf765061783264e1a527cd39dac9553,"{""Call Resistance"": null, ""Put Support"": null, ""HVL"": null, ""1D Min"": null, ""1D Max"": null, ""Call Resistance 0DTE"": null, ""Put Support 0DTE"": null, ""HVL 0DTE"": null, ""Gamma Wall 0DTE"": null, ""GEX 1"": null, ""GEX 2"": null, ""GEX 3"": null, ""GEX 4"": null, ""GEX 5"": null, ""GEX 6"": null, ""GEX 7"": null, ""GEX 8"": null, ""GEX 9"": null, ""GEX 10"": null}",unknown,,,,42008487,False,False,after_1700,outside_cash,,,,,,,,,,,all_19,,,,,not_applicable_outside_hours,asia
db2c933d-b4e8-5731-889e-214c0436496c,,,2025-07-14T02:02:00+00:00,22860.25,0.25,2025-07-13,,aeb8bad860db92863af8c5db289eb426dcf765061783264e1a527cd39dac9553,"{""Call Resistance"": null, ""Put Support"": null, ""HVL"": null, ""1D Min"": null, ""1D Max"": null, ""Call Resistance 0DTE"": null, ""Put Support 0DTE"": null, ""HVL 0DTE"": null, ""Gamma Wall 0DTE"": null, ""GEX 1"": null, ""GEX 2"": null, ""GEX 3"": null, ""GEX 4"": null, ""GEX 5"": null, ""GEX 6"": null, ""GEX 7"": null, ""GEX 8"": null, ""GEX 9"": null, ""GEX 10"": null}",unknown,,,,42008487,False,False,after_1700,outside_cash,,,,,,,,,,,all_19,,,,,not_applicable_outside_hours,asia
27c25c1c-8a73-56cb-b60f-380a6f972baa,,,2025-07-14T02:14:00+00:00,22864.25,0.25,2025-07-13,,aeb8bad860db92863af8c5db289eb426dcf765061783264e1a527cd39dac9553,"{""Call Resistance"": null, ""Put Support"": null, ""HVL"": null, ""1D Min"": null, ""1D Max"": null, ""Call Resistance 0DTE"": null, ""Put Support 0DTE"": null, ""HVL 0DTE"": null, ""Gamma Wall 0DTE"": null, ""GEX 1"": null, ""GEX 2"": null, ""GEX 3"": null, ""GEX 4"": null, ""GEX 5"": null, ""GEX 6"": null, ""GEX 7"": null, ""GEX 8"": null, ""GEX 9"": null, ""GEX 10"": null}",unknown,,,,42008487,False,False,after_1700,outside_cash,,,,,,,,,,,all_19,,,,,not_applicable_outside_hours,asia
bc78ae98-f199-5d23-8de5-d97130b6d47c,,,2025-07-15T02:43:00+00:00,23065.25,0.25,2025-07-14,,aeb8bad860db92863af8c5db289eb426dcf765061783264e1a527cd39dac9553,"{""Call Resistance"": null, ""Put Support"": null, ""HVL"": null, ""1D Min"": null, ""1D Max"": null, ""Call Resistance 0DTE"": null, ""Put Support 0DTE"": null, ""HVL 0DTE"": null, ""Gamma Wall 0DTE"": null, ""GEX 1"": null, ""GEX 2"": null, ""GEX 3"": null, ""GEX 4"": null, ""GEX 5"": null, ""GEX 6"": null, ""GEX 7"": null, ""GEX 8"": null, ""GEX 9"": null, ""GEX 10"": null}",unknown,,,,42008487,False,False,after_1700,outside_cash,,,,,,,,,,,all_19,,,,,not_applicable_outside_hours,asia
9aef0088-3807-5360-aa36-3063eb6a790e,,,2025-07-15T02:44:00+00:00,23067.25,0.25,2025-07-14,,aeb8bad860db92863af8c5db289eb426dcf765061783264e1a527cd39dac9553,"{""Call Resistance"": null, ""Put Support"": null, ""HVL"": null, ""1D Min"": null, ""1D Max"": null, ""Call Resistance 0DTE"": null, ""Put Support 0DTE"": null, ""HVL 0DTE"": null, ""Gamma Wall 0DTE"": null, ""GEX 1"": null, ""GEX 2"": null, ""GEX 3"": null, ""GEX 4"": null, ""GEX 5"": null, ""GEX 6"": null, ""GEX 7"": null, ""GEX 8"": null, ""GEX 9"": null, ""GEX 10"": null}",unknown,,,,42008487,False,False,after_1700,outside_cash,,,,,,,,,,,all_19,,,,,not_applicable_outside_hours,asia
c975bf3d-8c12-5292-8d7a-9a7822b85477,,,2025-07-15T02:46:00+00:00,23055.5,0.25,2025-07-14,,aeb8bad860db92863af8c5db289eb426dcf765061783264e1a527cd39dac9553,"{""Call Resistance"": null, ""Put Support"": null, ""HVL"": null, ""1D Min"": null, ""1D Max"": null, ""Call Resistance 0DTE"": null, ""Put Support 0DTE"": null, ""HVL 0DTE"": null, ""Gamma Wall 0DTE"": null, ""GEX 1"": null, ""GEX 2"": null, ""GEX 3"": null, ""GEX 4"": null, ""GEX 5"": null, ""GEX 6"": null, ""GEX 7"": null, ""GEX 8"": null, ""GEX 9"": null, ""GEX 10"": null}",unknown,,,,42008487,False,False,after_1700,outside_cash,,,,,,,,,,,all_19,,,,,not_applicable_outside_hours,asia
5a0379c2-9a42-5fb6-897b-6d5490476a8e,,,2025-07-15T03:01:00+00:00,23053.25,0.25,2025-07-14,,aeb8bad860db92863af8c5db289eb426dcf765061783264e1a527cd39dac9553,"{""Call Resistance"": null, ""Put Support"": null, ""HVL"": null, ""1D Min"": null, ""1D Max"": null, ""Call Resistance 0DTE"": null, ""Put Support 0DTE"": null, ""HVL 0DTE"": null, ""Gamma Wall 0DTE"": null, ""GEX 1"": null, ""GEX 2"": null, ""GEX 3"": null, ""GEX 4"": null, ""GEX 5"": null, ""GEX 6"": null, ""GEX 7"": null, ""GEX 8"": null, ""GEX 9"": null, ""GEX 10"": null}",unknown,,,,42008487,False,False,after_1700,outside_cash,,,,,,,,,,,all_19,,,,,not_applicable_outside_hours,asia
b37b658d-18fb-54fb-af38-33015a42f753,,,2025-07-15T03:18:00+00:00,23060.0,0.25,2025-07-14,,aeb8bad860db92863af8c5db289eb426dcf765061783264e1a527cd39dac9553,"{""Call Resistance"": null, ""Put Support"": null, ""HVL"": null, ""1D Min"": null, ""1D Max"": null, ""Call Resistance 0DTE"": null, ""Put Support 0DTE"": null, ""HVL 0DTE"": null, ""Gamma Wall 0DTE"": null, ""GEX 1"": null, ""GEX 2"": null, ""GEX 3"": null, ""GEX 4"": null, ""GEX 5"": null, ""GEX 6"": null, ""GEX 7"": null, ""GEX 8"": null, ""GEX 9"": null, ""GEX 10"": null}",unknown,,,,42008487,False,False,after_1700,outside_cash,,,,,,,,,,,all_19,,,,,not_applicable_outside_hours,asia
40512f0e-676b-5b60-bd81-26365d0729cd,,,2025-07-15T03:19:00+00:00,23064.5,0.25,2025-07-14,,aeb8bad860db92863af8c5db289eb426dcf765061783264e1a527cd39dac9553,"{""Call Resistance"": null, ""Put Support"": null, ""HVL"": null, ""1D Min"": null, ""1D Max"": null, ""Call Resistance 0DTE"": null, ""Put Support 0DTE"": null, ""HVL 0DTE"": null, ""Gamma Wall 0DTE"": null, ""GEX 1"": null, ""GEX 2"": null, ""GEX 3"": null, ""GEX 4"": null, ""GEX 5"": null, ""GEX 6"": null, ""GEX 7"": null, ""GEX 8"": null, ""GEX 9"": null, ""GEX 10"": null}",unknown,,,,42008487,False,False,after_1700,outside_cash,,,,,,,,,,,all_19,,,,,not_applicable_outside_hours,asia
98ba6e84-9c79-50ea-91db-41d92364e958,,,2025-07-15T03:24:00+00:00,23072.25,0.25,2025-07-14,,aeb8bad860db92863af8c5db289eb426dcf765061783264e1a527cd39dac9553,"{""Call Resistance"": null, ""Put Support"": null, ""HVL"": null, ""1D Min"": null, ""1D Max"": null, ""Call Resistance 0DTE"": null, ""Put Support 0DTE"": null, ""HVL 0DTE"": null, ""Gamma Wall 0DTE"": null, ""GEX 1"": null, ""GEX 2"": null, ""GEX 3"": null, ""GEX 4"": null, ""GEX 5"": null, ""GEX 6"": null, ""GEX 7"": null, ""GEX 8"": null, ""GEX 9"": null, ""GEX 10"": null}",unknown,,,,42008487,False,False,after_1700,outside_cash,,,,,,,,,,,all_19,,,,,not_applicable_outside_hours,asia
0ad8d97c-3156-5e65-b23a-c29a72aeb9eb,,,2025-07-15T03:27:00+00:00,23080.5,0.25,2025-07-14,,aeb8bad860db92863af8c5db289eb426dcf765061783264e1a527cd39dac9553,"{""Call Resistance"": null, ""Put Support"": null, ""HVL"": null, ""1D Min"": null, ""1D Max"": null, ""Call Resistance 0DTE"": null, ""Put Support 0DTE"": null, ""HVL 0DTE"": null, ""Gamma Wall 0DTE"": null, ""GEX 1"": null, ""GEX 2"": null, ""GEX 3"": null, ""GEX 4"": null, ""GEX 5"": null, ""GEX 6"": null, ""GEX 7"": null, ""GEX 8"": null, ""GEX 9"": null, ""GEX 10"": null}",unknown,,,,42008487,False,False,after_1700,outside_cash,,,,,,,,,,,all_19,,,,,not_applicable_outside_hours,asia
8cd1cd07-e8d3-5912-90ae-afa464053c1b,,,2025-07-15T03:45:00+00:00,23097.75,0.25,2025-07-14,,aeb8bad860db92863af8c5db289eb426dcf765061783264e1a527cd39dac9553,"{""Call Resistance"": null, ""Put Support"": null, ""HVL"": null, ""1D Min"": null, ""1D Max"": null, ""Call Resistance 0DTE"": null, ""Put Support 0DTE"": null, ""HVL 0DTE"": null, ""Gamma Wall 0DTE"": null, ""GEX 1"": null, ""GEX 2"": null, ""GEX 3"": null, ""GEX 4"": null, ""GEX 5"": null, ""GEX 6"": null, ""GEX 7"": null, ""GEX 8"": null, ""GEX 9"": null, ""GEX 10"": null}",unknown,,,,42008487,False,False,after_1700,outside_cash,,,,,,,,,,,all_19,,,,,not_applicable_outside_hours,asia
24d2aa16-7476-534b-a72c-036142eece63,,,2025-08-05T16:35:00+00:00,23208.75,0.25,2025-08-05,2025-08-04,aeb8bad860db92863af8c5db289eb426dcf765061783264e1a527cd39dac9553,"{""Call Resistance"": 23500.0, ""Put Support"": 23000.0, ""HVL"": 23230.0, ""1D Min"": 23108.94, ""1D Max"": 23592.56, ""Call Resistance 0DTE"": 23450.0, ""Put Support 0DTE"": 23200.0, ""HVL 0DTE"": 23230.0, ""Gamma Wall 0DTE"": 23450.0, ""GEX 1"": 23300.0, ""GEX 2"": 23400.0, ""GEX 3"": 23275.0, ""GEX 4"": 23250.0, ""GEX 5"": 23240.0, ""GEX 6"": 23100.0, ""GEX 7"": 23800.0, ""GEX 8"": 23750.0, ""GEX 9"": 23025.0, ""GEX 10"": 23700.0}",positive,1319043.5085819839,0.3861003861003861,241.8100000000013,42008487,False,True,,s2_1000_1200,below,HVL|HVL 0DTE,23230.0,21.25,0.08787891319631068,Put Support 0DTE,23200.0,8.75,0.03618543484553969,False,all_19,-0.5231380009098023,0.5231380009098023,False,False,evaluated,ny
190fea2c-11c5-5fb9-a962-f34af8c67de5,be934fd3-91ad-5d45-ba12-672749a15e48,e47176f0-5c2d-5ed4-83d1-b259e24c1977,2025-08-07T18:39:00+00:00,23381.75,0.25,2025-08-07,2025-08-06,aeb8bad860db92863af8c5db289eb426dcf765061783264e1a527cd39dac9553,"{""Call Resistance"": 23500.0, ""Put Support"": 23120.0, ""HVL"": 23225.0, ""1D Min"": 23173.64, ""1D Max"": 23652.86, ""Call Resistance 0DTE"": 23400.0, ""Put Support 0DTE"": 23120.0, ""HVL 0DTE"": 23250.0, ""Gamma Wall 0DTE"": 23400.0, ""GEX 1"": 23300.0, ""GEX 2"": 23550.0, ""GEX 3"": 23600.0, ""GEX 4"": 23450.0, ""GEX 5"": 23200.0, ""GEX 6"": 23100.0, ""GEX 7"": 23800.0, ""GEX 8"": 23000.0, ""GEX 9"": 23750.0, ""GEX 10"": 23110.0}",positive,947322.5221641208,0.3590733590733591,239.61000000000058,42008487,False,True,,s4_1330_1510,above,Call Resistance 0DTE|Gamma Wall 0DTE,23400.0,18.25,0.07616543549935292,GEX 1,23300.0,81.75,0.341179416551896,True,all_19,-0.16589457869037144,0.16589457869037144,False,False,evaluated,none
412adf40-0cc1-5241-b1da-1a36ee6d6ae2,,,2025-08-07T18:41:00+00:00,23363.0,0.25,2025-08-07,2025-08-06,aeb8bad860db92863af8c5db289eb426dcf765061783264e1a527cd39dac9553,"{""Call Resistance"": 23500.0, ""Put Support"": 23120.0, ""HVL"": 23225.0, ""1D Min"": 23173.64, ""1D Max"": 23652.86, ""Call Resistance 0DTE"": 23400.0, ""Put Support 0DTE"": 23120.0, ""HVL 0DTE"": 23250.0, ""Gamma Wall 0DTE"": 23400.0, ""GEX 1"": 23300.0, ""GEX 2"": 23550.0, ""GEX 3"": 23600.0, ""GEX 4"": 23450.0, ""GEX 5"": 23200.0, ""GEX 6"": 23100.0, ""GEX 7"": 23800.0, ""GEX 8"": 23000.0, ""GEX 9"": 23750.0, ""GEX 10"": 23110.0}",positive,947322.5221641208,0.3590733590733591,239.61000000000058,42008487,False,True,,s4_1330_1510,above,Call Resistance 0DTE|Gamma Wall 0DTE,23400.0,37.0,0.1544175952589621,GEX 1,23300.0,63.0,0.26292725679228685,True,all_19,-0.1690246650807558,0.1690246650807558,False,False,evaluated,none
75def1fe-c661-5f72-a2b8-729641174957,,,2025-08-07T18:48:00+00:00,23377.25,0.25,2025-08-07,2025-08-06,aeb8bad860db92863af8c5db289eb426dcf765061783264e1a527cd39dac9553,"{""Call Resistance"": 23500.0, ""Put Support"": 23120.0, ""HVL"": 23225.0, ""1D Min"": 23173.64, ""1D Max"": 23652.86, ""Call Resistance 0DTE"": 23400.0, ""Put Support 0DTE"": 23120.0, ""HVL 0DTE"": 23250.0, ""Gamma Wall 0DTE"": 23400.0, ""GEX 1"": 23300.0, ""GEX 2"": 23550.0, ""GEX 3"": 23600.0, ""GEX 4"": 23450.0, ""GEX 5"": 23200.0, ""GEX 6"": 23100.0, ""GEX 7"": 23800.0, ""GEX 8"": 23000.0, ""GEX 9"": 23750.0, ""GEX 10"": 23110.0}",positive,947322.5221641208,0.3590733590733591,239.61000000000058,42008487,False,True,,s4_1330_1510,above,Call Resistance 0DTE|Gamma Wall 0DTE,23400.0,22.75,0.09494595384165913,GEX 1,23300.0,77.25,0.3223988982095898,True,all_19,-0.22119277158716194,0.22119277158716194,False,False,evaluated,none
ddeb17d8-e9e6-501a-9015-0e0a6fe62dfa,,,2025-08-07T18:49:00+00:00,23374.25,0.25,2025-08-07,2025-08-06,aeb8bad860db92863af8c5db289eb426dcf765061783264e1a527cd39dac9553,"{""Call Resistance"": 23500.0, ""Put Support"": 23120.0, ""HVL"": 23225.0, ""1D Min"": 23173.64, ""1D Max"": 23652.86, ""Call Resistance 0DTE"": 23400.0, ""Put Support 0DTE"": 23120.0, ""HVL 0DTE"": 23250.0, ""Gamma Wall 0DTE"": 23400.0, ""GEX 1"": 23300.0, ""GEX 2"": 23550.0, ""GEX 3"": 23600.0, ""GEX 4"": 23450.0, ""GEX 5"": 23200.0, ""GEX 6"": 23100.0, ""GEX 7"": 23800.0, ""GEX 8"": 23000.0, ""GEX 9"": 23750.0, ""GEX 10"": 23110.0}",positive,947322.5221641208,0.3590733590733591,239.61000000000058,42008487,False,True,,s4_1330_1510,above,Call Resistance 0DTE|Gamma Wall 0DTE,23400.0,25.75,0.1074662994031966,GEX 1,23300.0,74.25,0.3098785526480523,True,all_19,-0.1492007846083215,0.1492007846083215,False,False,evaluated,none
66b65fa7-fe37-58e9-8257-319fcd457622,,,2025-08-07T18:54:00+00:00,23396.75,0.25,2025-08-07,2025-08-06,aeb8bad860db92863af8c5db289eb426dcf765061783264e1a527cd39dac9553,"{""Call Resistance"": 23500.0, ""Put Support"": 23120.0, ""HVL"": 23225.0, ""1D Min"": 23173.64, ""1D Max"": 23652.86, ""Call Resistance 0DTE"": 23400.0, ""Put Support 0DTE"": 23120.0, ""HVL 0DTE"": 23250.0, ""Gamma Wall 0DTE"": 23400.0, ""GEX 1"": 23300.0, ""GEX 2"": 23550.0, ""GEX 3"": 23600.0, ""GEX 4"": 23450.0, ""GEX 5"": 23200.0, ""GEX 6"": 23100.0, ""GEX 7"": 23800.0, ""GEX 8"": 23000.0, ""GEX 9"": 23750.0, ""GEX 10"": 23110.0}",positive,947322.5221641208,0.3590733590733591,239.61000000000058,42008487,False,True,,s4_1330_1510,above,Call Resistance 0DTE|Gamma Wall 0DTE,23400.0,3.25,0.01356370769166559,GEX 1,23300.0,96.75,0.40378114435958334,True,all_19,-0.13146362839614342,0.13146362839614342,False,False,evaluated,none
adf0e100-be8e-51d0-ae6a-ed0844b74f13,,,2025-08-07T18:55:00+00:00,23399.0,0.25,2025-08-07,2025-08-06,aeb8bad860db92863af8c5db289eb426dcf765061783264e1a527cd39dac9553,"{""Call Resistance"": 23500.0, ""Put Support"": 23120.0, ""HVL"": 23225.0, ""1D Min"": 23173.64, ""1D Max"": 23652.86, ""Call Resistance 0DTE"": 23400.0, ""Put Support 0DTE"": 23120.0, ""HVL 0DTE"": 23250.0, ""Gamma Wall 0DTE"": 23400.0, ""GEX 1"": 23300.0, ""GEX 2"": 23550.0, ""GEX 3"": 23600.0, ""GEX 4"": 23450.0, ""GEX 5"": 23200.0, ""GEX 6"": 23100.0, ""GEX 7"": 23800.0, ""GEX 8"": 23000.0, ""GEX 9"": 23750.0, ""GEX 10"": 23110.0}",positive,947322.5221641208,0.3590733590733591,239.61000000000058,42008487,False,True,,s4_1330_1510,above,Call Resistance 0DTE|Gamma Wall 0DTE,23400.0,1.0,0.00417344852051249,GEX 1,23300.0,99.0,0.41317140353073645,True,all_19,-0.06677517632819983,0.06677517632819983,False,False,evaluated,none
9c82ee61-cc3a-5ff1-9853-734e5cd57527,,,2025-08-11T20:45:00+00:00,23628.75,0.25,2025-08-11,2025-08-08,aeb8bad860db92863af8c5db289eb426dcf765061783264e1a527cd39dac9553,"{""Call Resistance"": 24000.0, ""Put Support"": 22700.0, ""HVL"": 23240.0, ""1D Min"": 23547.56, ""1D Max"": 23983.44, ""Call Resistance 0DTE"": 23800.0, ""Put Support 0DTE"": 23410.0, ""HVL 0DTE"": 23520.0, ""Gamma Wall 0DTE"": 23800.0, ""GEX 1"": 23750.0, ""GEX 2"": 23600.0, ""GEX 3"": 23700.0, ""GEX 4"": 23900.0, ""GEX 5"": 23550.0, ""GEX 6"": 23500.0, ""GEX 7"": 23400.0, ""GEX 8"": 24100.0, ""GEX 9"": 24200.0, ""GEX 10"": 23525.0}",positive,3319369.6949205766,0.6833976833976834,217.9399999999987,42008487,False,True,,outside_cash,above,GEX 3,23700.0,71.25,0.3269248416995523,GEX 2,23600.0,28.75,0.13191704138753865,False,all_19,-0.509314490226671,0.509314490226671,False,False,evaluated,asia
4093bdfa-201c-5592-99c4-0b2f9fb3ea26,,,2025-08-11T22:02:00+00:00,23647.75,0.25,2025-08-11,,aeb8bad860db92863af8c5db289eb426dcf765061783264e1a527cd39dac9553,"{""Call Resistance"": null, ""Put Support"": null, ""HVL"": null, ""1D Min"": null, ""1D Max"": null, ""Call Resistance 0DTE"": null, ""Put Support 0DTE"": null, ""HVL 0DTE"": null, ""Gamma Wall 0DTE"": null, ""GEX 1"": null, ""GEX 2"": null, ""GEX 3"": null, ""GEX 4"": null, ""GEX 5"": null, ""GEX 6"": null, ""GEX 7"": null, ""GEX 8"": null, ""GEX 9"": null, ""GEX 10"": null}",unknown,,,,42008487,False,False,after_1700,outside_cash,,,,,,,,,,,all_19,,,,,not_applicable_outside_hours,asia
4d859467-2e91-5aed-af37-8e3f38cff3ed,,,2025-08-11T22:12:00+00:00,23638.25,0.25,2025-08-11,,aeb8bad860db92863af8c5db289eb426dcf765061783264e1a527cd39dac9553,"{""Call Resistance"": null, ""Put Support"": null, ""HVL"": null, ""1D Min"": null, ""1D Max"": null, ""Call Resistance 0DTE"": null, ""Put Support 0DTE"": null, ""HVL 0DTE"": null, ""Gamma Wall 0DTE"": null, ""GEX 1"": null, ""GEX 2"": null, ""GEX 3"": null, ""GEX 4"": null, ""GEX 5"": null, ""GEX 6"": null, ""GEX 7"": null, ""GEX 8"": null, ""GEX 9"": null, ""GEX 10"": null}",unknown,,,,42008487,False,False,after_1700,outside_cash,,,,,,,,,,,all_19,,,,,not_applicable_outside_hours,asia
7912c596-3e9a-54aa-a5f5-d9d038b1a01c,,,2025-08-11T22:43:00+00:00,23624.0,0.25,2025-08-11,,aeb8bad860db92863af8c5db289eb426dcf765061783264e1a527cd39dac9553,"{""Call Resistance"": null, ""Put Support"": null, ""HVL"": null, ""1D Min"": null, ""1D Max"": null, ""Call Resistance 0DTE"": null, ""Put Support 0DTE"": null, ""HVL 0DTE"": null, ""Gamma Wall 0DTE"": null, ""GEX 1"": null, ""GEX 2"": null, ""GEX 3"": null, ""GEX 4"": null, ""GEX 5"": null, ""GEX 6"": null, ""GEX 7"": null, ""GEX 8"": null, ""GEX 9"": null, ""GEX 10"": null}",unknown,,,,42008487,False,False,after_1700,outside_cash,,,,,,,,,,,all_19,,,,,not_applicable_outside_hours,asia
972c15ad-344d-5e96-86a5-2ee75e8b1c02,,,2025-08-11T22:51:00+00:00,23629.0,0.25,2025-08-11,,aeb8bad860db92863af8c5db289eb426dcf765061783264e1a527cd39dac9553,"{""Call Resistance"": null, ""Put Support"": null, ""HVL"": null, ""1D Min"": null, ""1D Max"": null, ""Call Resistance 0DTE"": null, ""Put Support 0DTE"": null, ""HVL 0DTE"": null, ""Gamma Wall 0DTE"": null, ""GEX 1"": null, ""GEX 2"": null, ""GEX 3"": null, ""GEX 4"": null, ""GEX 5"": null, ""GEX 6"": null, ""GEX 7"": null, ""GEX 8"": null, ""GEX 9"": null, ""GEX 10"": null}",unknown,,,,42008487,False,False,after_1700,outside_cash,,,,,,,,,,,all_19,,,,,not_applicable_outside_hours,asia
0c5cc5b1-d3fa-5ece-8df9-18c415b9e4ed,,,2025-08-11T22:52:00+00:00,23632.25,0.25,2025-08-11,,aeb8bad860db92863af8c5db289eb426dcf765061783264e1a527cd39dac9553,"{""Call Resistance"": null, ""Put Support"": null, ""HVL"": null, ""1D Min"": null, ""1D Max"": null, ""Call Resistance 0DTE"": null, ""Put Support 0DTE"": null, ""HVL 0DTE"": null, ""Gamma Wall 0DTE"": null, ""GEX 1"": null, ""GEX 2"": null, ""GEX 3"": null, ""GEX 4"": null, ""GEX 5"": null, ""GEX 6"": null, ""GEX 7"": null, ""GEX 8"": null, ""GEX 9"": null, ""GEX 10"": null}",unknown,,,,42008487,False,False,after_1700,outside_cash,,,,,,,,,,,all_19,,,,,not_applicable_outside_hours,asia
d3a4e975-56f2-5d3b-b54a-bf38ddecc03e,,,2025-08-11T22:55:00+00:00,23638.75,0.25,2025-08-11,,aeb8bad860db92863af8c5db289eb426dcf765061783264e1a527cd39dac9553,"{""Call Resistance"": null, ""Put Support"": null, ""HVL"": null, ""1D Min"": null, ""1D Max"": null, ""Call Resistance 0DTE"": null, ""Put Support 0DTE"": null, ""HVL 0DTE"": null, ""Gamma Wall 0DTE"": null, ""GEX 1"": null, ""GEX 2"": null, ""GEX 3"": null, ""GEX 4"": null, ""GEX 5"": null, ""GEX 6"": null, ""GEX 7"": null, ""GEX 8"": null, ""GEX 9"": null, ""GEX 10"": null}",unknown,,,,42008487,False,False,after_1700,outside_cash,,,,,,,,,,,all_19,,,,,not_applicable_outside_hours,asia
530d4f0f-3a3d-545a-8dea-125872c822ee,,,2025-08-13T15:42:00+00:00,23946.75,0.25,2025-08-13,2025-08-12,aeb8bad860db92863af8c5db289eb426dcf765061783264e1a527cd39dac9553,"{""Call Resistance"": 24000.0, ""Put Support"": 23000.0, ""HVL"": 23390.0, ""1D Min"": 23730.43, ""1D Max"": 24168.57, ""Call Resistance 0DTE"": 23950.0, ""Put Support 0DTE"": 23890.0, ""HVL 0DTE"": 23890.0, ""Gamma Wall 0DTE"": 23950.0, ""GEX 1"": 23750.0, ""GEX 2"": 23900.0, ""GEX 3"": 23800.0, ""GEX 4"": 24100.0, ""GEX 5"": 23850.0, ""GEX 6"": 24300.0, ""GEX 7"": 24200.0, ""GEX 8"": 23600.0, ""GEX 9"": 23700.0, ""GEX 10"": 24250.0}",positive,3606872.8745253123,0.7181467181467182,219.0699999999997,42008487,False,True,,s2_1000_1200,above,Call Resistance 0DTE|Gamma Wall 0DTE,23950.0,3.25,0.014835440726708378,GEX 2,23900.0,46.75,0.21340210891495898,False,all_19,0.022823754964166734,0.022823754964166734,False,False,evaluated,ny
a1fd9f7f-01cc-58bc-b23a-abe44ad2c3f8,,,2025-08-13T15:42:00+00:00,23946.75,0.25,2025-08-13,2025-08-12,aeb8bad860db92863af8c5db289eb426dcf765061783264e1a527cd39dac9553,"{""Call Resistance"": 24000.0, ""Put Support"": 23000.0, ""HVL"": 23390.0, ""1D Min"": 23730.43, ""1D Max"": 24168.57, ""Call Resistance 0DTE"": 23950.0, ""Put Support 0DTE"": 23890.0, ""HVL 0DTE"": 23890.0, ""Gamma Wall 0DTE"": 23950.0, ""GEX 1"": 23750.0, ""GEX 2"": 23900.0, ""GEX 3"": 23800.0, ""GEX 4"": 24100.0, ""GEX 5"": 23850.0, ""GEX 6"": 24300.0, ""GEX 7"": 24200.0, ""GEX 8"": 23600.0, ""GEX 9"": 23700.0, ""GEX 10"": 24250.0}",positive,3606872.8745253123,0.7181467181467182,219.0699999999997,42008487,False,True,,s2_1000_1200,above,Call Resistance 0DTE|Gamma Wall 0DTE,23950.0,3.25,0.014835440726708378,GEX 2,23900.0,46.75,0.21340210891495898,False,all_19,0.022823754964166734,0.022823754964166734,False,False,evaluated,ny
cd55fd12-a31a-5b0b-a922-0b391d5858f6,,,2025-08-13T15:43:00+00:00,23950.0,0.25,2025-08-13,2025-08-12,aeb8bad860db92863af8c5db289eb426dcf765061783264e1a527cd39dac9553,"{""Call Resistance"": 24000.0, ""Put Support"": 23000.0, ""HVL"": 23390.0, ""1D Min"": 23730.43, ""1D Max"": 24168.57, ""Call Resistance 0DTE"": 23950.0, ""Put Support 0DTE"": 23890.0, ""HVL 0DTE"": 23890.0, ""Gamma Wall 0DTE"": 23950.0, ""GEX 1"": 23750.0, ""GEX 2"": 23900.0, ""GEX 3"": 23800.0, ""GEX 4"": 24100.0, ""GEX 5"": 23850.0, ""GEX 6"": 24300.0, ""GEX 7"": 24200.0, ""GEX 8"": 23600.0, ""GEX 9"": 23700.0, ""GEX 10"": 24250.0}",positive,3606872.8745253123,0.7181467181467182,219.0699999999997,42008487,False,True,,s2_1000_1200,above,Call Resistance,24000.0,50.0,0.22823754964166734,GEX 2,23900.0,50.0,0.22823754964166734,False,all_19,0.05249463641758349,0.05249463641758349,False,False,evaluated,ny
409201ed-7920-5692-bcf8-2729e53ac689,,,2025-08-13T19:06:00+00:00,23932.0,0.25,2025-08-13,2025-08-12,aeb8bad860db92863af8c5db289eb426dcf765061783264e1a527cd39dac9553,"{""Call Resistance"": 24000.0, ""Put Support"": 23000.0, ""HVL"": 23390.0, ""1D Min"": 23730.43, ""1D Max"": 24168.57, ""Call Resistance 0DTE"": 23950.0, ""Put Support 0DTE"": 23890.0, ""HVL 0DTE"": 23890.0, ""Gamma Wall 0DTE"": 23950.0, ""GEX 1"": 23750.0, ""GEX 2"": 23900.0, ""GEX 3"": 23800.0, ""GEX 4"": 24100.0, ""GEX 5"": 23850.0, ""GEX 6"": 24300.0, ""GEX 7"": 24200.0, ""GEX 8"": 23600.0, ""GEX 9"": 23700.0, ""GEX 10"": 24250.0}",positive,3606872.8745253123,0.7181467181467182,219.0699999999997,42008487,False,True,,s4_1330_1510,above,Call Resistance 0DTE|Gamma Wall 0DTE,23950.0,18.0,0.08216551787100025,GEX 2,23900.0,32.0,0.1460720317706671,False,all_19,-0.010270689733875031,0.010270689733875031,False,False,evaluated,none
aa291bbd-0105-5e62-8a06-fbb814f41e51,a00f7d3b-aa6f-53ba-a63c-c7b107ebaafd,aeff70cd-9bb6-5fad-86e7-13df79a04e62,2025-08-13T19:22:00+00:00,23949.25,0.25,2025-08-13,2025-08-12,aeb8bad860db92863af8c5db289eb426dcf765061783264e1a527cd39dac9553,"{""Call Resistance"": 24000.0, ""Put Support"": 23000.0, ""HVL"": 23390.0, ""1D Min"": 23730.43, ""1D Max"": 24168.57, ""Call Resistance 0DTE"": 23950.0, ""Put Support 0DTE"": 23890.0, ""HVL 0DTE"": 23890.0, ""Gamma Wall 0DTE"": 23950.0, ""GEX 1"": 23750.0, ""GEX 2"": 23900.0, ""GEX 3"": 23800.0, ""GEX 4"": 24100.0, ""GEX 5"": 23850.0, ""GEX 6"": 24300.0, ""GEX 7"": 24200.0, ""GEX 8"": 23600.0, ""GEX 9"": 23700.0, ""GEX 10"": 24250.0}",positive,3606872.8745253123,0.7181467181467182,219.0699999999997,42008487,False,True,,s4_1330_1510,above,Call Resistance 0DTE|Gamma Wall 0DTE,23950.0,0.75,0.00342356324462501,GEX 2,23900.0,49.25,0.22481398639704234,False,all_19,0.043365134431916794,0.043365134431916794,False,False,evaluated,none
b59d2093-ac1b-5d8a-b2ac-d9c4376f0e75,,,2025-08-13T19:23:00+00:00,23953.0,0.25,2025-08-13,2025-08-12,aeb8bad860db92863af8c5db289eb426dcf765061783264e1a527cd39dac9553,"{""Call Resistance"": 24000.0, ""Put Support"": 23000.0, ""HVL"": 23390.0, ""1D Min"": 23730.43, ""1D Max"": 24168.57, ""Call Resistance 0DTE"": 23950.0, ""Put Support 0DTE"": 23890.0, ""HVL 0DTE"": 23890.0, ""Gamma Wall 0DTE"": 23950.0, ""GEX 1"": 23750.0, ""GEX 2"": 23900.0, ""GEX 3"": 23800.0, ""GEX 4"": 24100.0, ""GEX 5"": 23850.0, ""GEX 6"": 24300.0, ""GEX 7"": 24200.0, ""GEX 8"": 23600.0, ""GEX 9"": 23700.0, ""GEX 10"": 24250.0}",positive,3606872.8745253123,0.7181467181467182,219.0699999999997,42008487,False,True,,s4_1330_1510,above,Call Resistance,24000.0,47.0,0.21454329666316732,Call Resistance 0DTE|Gamma Wall 0DTE,23950.0,3.0,0.01369425297850004,False,all_19,0.06618888939608353,0.06618888939608353,False,False,evaluated,none
9af77ab8-ef16-5c59-90c8-fab9f72bf83e,,,2025-08-20T10:45:00+00:00,23414.0,0.25,2025-08-20,,aeb8bad860db92863af8c5db289eb426dcf765061783264e1a527cd39dac9553,"{""Call Resistance"": null, ""Put Support"": null, ""HVL"": null, ""1D Min"": null, ""1D Max"": null, ""Call Resistance 0DTE"": null, ""Put Support 0DTE"": null, ""HVL 0DTE"": null, ""Gamma Wall 0DTE"": null, ""GEX 1"": null, ""GEX 2"": null, ""GEX 3"": null, ""GEX 4"": null, ""GEX 5"": null, ""GEX 6"": null, ""GEX 7"": null, ""GEX 8"": null, ""GEX 9"": null, ""GEX 10"": null}",unknown,,,,42008487,False,False,before_0600,outside_cash,,,,,,,,,,,all_19,,,,,not_applicable_outside_hours,london
11446761-930c-5001-8774-0c8ade071f3c,,,2025-08-20T11:03:00+00:00,23445.0,0.25,2025-08-20,2025-08-19,aeb8bad860db92863af8c5db289eb426dcf765061783264e1a527cd39dac9553,"{""Call Resistance"": 23500.0, ""Put Support"": 23000.0, ""HVL"": 23475.0, ""1D Min"": 23238.01, ""1D Max"": 23708.99, ""Call Resistance 0DTE"": 23600.0, ""Put Support 0DTE"": 23400.0, ""HVL 0DTE"": 23460.0, ""Gamma Wall 0DTE"": 23600.0, ""GEX 1"": 23700.0, ""GEX 2"": 23300.0, ""GEX 3"": 23450.0, ""GEX 4"": 23250.0, ""GEX 5"": 23350.0, ""GEX 6"": 23900.0, ""GEX 7"": 23750.0, ""GEX 8"": 23100.0, ""GEX 9"": 23850.0, ""GEX 10"": 23200.0}",negative,-1171526.8916403514,0.13127413127413126,235.4900000000016,42008487,False,True,,outside_cash,below,GEX 3,23450.0,5.0,0.02123232409019477,Put Support 0DTE,23400.0,45.0,0.19109091681175291,False,all_19,-0.20276869506136003,0.20276869506136003,False,False,evaluated,none
eca05e84-8f01-5d21-bfbc-1e29fd0cfa33,,,2025-08-20T11:04:00+00:00,23446.75,0.25,2025-08-20,2025-08-19,aeb8bad860db92863af8c5db289eb426dcf765061783264e1a527cd39dac9553,"{""Call Resistance"": 23500.0, ""Put Support"": 23000.0, ""HVL"": 23475.0, ""1D Min"": 23238.01, ""1D Max"": 23708.99, ""Call Resistance 0DTE"": 23600.0, ""Put Support 0DTE"": 23400.0, ""HVL 0DTE"": 23460.0, ""Gamma Wall 0DTE"": 23600.0, ""GEX 1"": 23700.0, ""GEX 2"": 23300.0, ""GEX 3"": 23450.0, ""GEX 4"": 23250.0, ""GEX 5"": 23350.0, ""GEX 6"": 23900.0, ""GEX 7"": 23750.0, ""GEX 8"": 23100.0, ""GEX 9"": 23850.0, ""GEX 10"": 23200.0}",negative,-1171526.8916403514,0.13127413127413126,235.4900000000016,42008487,False,True,,outside_cash,below,GEX 3,23450.0,3.25,0.0138010106586266,Put Support 0DTE,23400.0,46.75,0.19852223024332108,False,all_19,-0.15499596585842182,0.15499596585842182,False,False,evaluated,none
495ebd8a-ba6d-54da-b073-a2b28c1960f0,,,2025-08-20T12:00:00+00:00,23414.25,0.25,2025-08-20,2025-08-19,aeb8bad860db92863af8c5db289eb426dcf765061783264e1a527cd39dac9553,"{""Call Resistance"": 23500.0, ""Put Support"": 23000.0, ""HVL"": 23475.0, ""1D Min"": 23238.01, ""1D Max"": 23708.99, ""Call Resistance 0DTE"": 23600.0, ""Put Support 0DTE"": 23400.0, ""HVL 0DTE"": 23460.0, ""Gamma Wall 0DTE"": 23600.0, ""GEX 1"": 23700.0, ""GEX 2"": 23300.0, ""GEX 3"": 23450.0, ""GEX 4"": 23250.0, ""GEX 5"": 23350.0, ""GEX 6"": 23900.0, ""GEX 7"": 23750.0, ""GEX 8"": 23100.0, ""GEX 9"": 23850.0, ""GEX 10"": 23200.0}",negative,-1171526.8916403514,0.13127413127413126,235.4900000000016,42008487,False,True,,outside_cash,below,GEX 3,23450.0,35.75,0.1518111172448926,Put Support 0DTE,23400.0,14.25,0.06051212365705509,False,all_19,-0.2792050617860612,0.2792050617860612,False,False,evaluated,ny
eaf275f6-3089-5094-97be-2dc74b38676b,,,2025-08-20T12:02:00+00:00,23424.5,0.25,2025-08-20,2025-08-19,aeb8bad860db92863af8c5db289eb426dcf765061783264e1a527cd39dac9553,"{""Call Resistance"": 23500.0, ""Put Support"": 23000.0, ""HVL"": 23475.0, ""1D Min"": 23238.01, ""1D Max"": 23708.99, ""Call Resistance 0DTE"": 23600.0, ""Put Support 0DTE"": 23400.0, ""HVL 0DTE"": 23460.0, ""Gamma Wall 0DTE"": 23600.0, ""GEX 1"": 23700.0, ""GEX 2"": 23300.0, ""GEX 3"": 23450.0, ""GEX 4"": 23250.0, ""GEX 5"": 23350.0, ""GEX 6"": 23900.0, ""GEX 7"": 23750.0, ""GEX 8"": 23100.0, ""GEX 9"": 23850.0, ""GEX 10"": 23200.0}",negative,-1171526.8916403514,0.13127413127413126,235.4900000000016,42008487,False,True,,outside_cash,below,GEX 3,23450.0,25.5,0.10828485285999331,Put Support 0DTE,23400.0,24.5,0.10403838804195437,False,all_19,-0.2622192025139054,0.2622192025139054,False,False,evaluated,ny
d39486e3-945c-50b5-bb52-16a83e214be0,,,2025-08-20T12:18:00+00:00,23421.25,0.25,2025-08-20,2025-08-19,aeb8bad860db92863af8c5db289eb426dcf765061783264e1a527cd39dac9553,"{""Call Resistance"": 23500.0, ""Put Support"": 23000.0, ""HVL"": 23475.0, ""1D Min"": 23238.01, ""1D Max"": 23708.99, ""Call Resistance 0DTE"": 23600.0, ""Put Support 0DTE"": 23400.0, ""HVL 0DTE"": 23460.0, ""Gamma Wall 0DTE"": 23600.0, ""GEX 1"": 23700.0, ""GEX 2"": 23300.0, ""GEX 3"": 23450.0, ""GEX 4"": 23250.0, ""GEX 5"": 23350.0, ""GEX 6"": 23900.0, ""GEX 7"": 23750.0, ""GEX 8"": 23100.0, ""GEX 9"": 23850.0, ""GEX 10"": 23200.0}",negative,-1171526.8916403514,0.13127413127413126,235.4900000000016,42008487,False,True,,outside_cash,below,GEX 3,23450.0,28.75,0.12208586351861991,Put Support 0DTE,23400.0,21.25,0.09023737738332777,False,all_19,-0.25584950528684697,0.25584950528684697,False,False,evaluated,ny
16470f7e-9e84-51db-bd23-0a2bfe8c95c0,,,2025-08-25T11:47:00+00:00,23495.5,0.25,2025-08-25,2025-08-22,aeb8bad860db92863af8c5db289eb426dcf765061783264e1a527cd39dac9553,"{""Call Resistance"": 23500.0, ""Put Support"": 23000.0, ""HVL"": 23300.0, ""1D Min"": 23358.99, ""1D Max"": 23806.51, ""Call Resistance 0DTE"": 23750.0, ""Put Support 0DTE"": 23625.0, ""HVL 0DTE"": 23250.0, ""Gamma Wall 0DTE"": 23750.0, ""GEX 1"": 23800.0, ""GEX 2"": 23600.0, ""GEX 3"": 23450.0, ""GEX 4"": 23425.0, ""GEX 5"": 23475.0, ""GEX 6"": 24000.0, ""GEX 7"": 23900.0, ""GEX 8"": 23200.0, ""GEX 9"": 23325.0, ""GEX 10"": 23350.0}",positive,1528003.2349350327,0.4015444015444015,223.7599999999984,42008487,False,True,,outside_cash,above,Call Resistance,23500.0,4.5,0.02011083303539521,GEX 5,23475.0,20.5,0.09161601716124484,False,all_19,-0.3564086521272818,0.3564086521272818,False,False,evaluated,none
32220ceb-886c-5038-b642-1de1eee8a44c,,,2025-08-25T11:47:00+00:00,23495.5,0.25,2025-08-25,2025-08-22,aeb8bad860db92863af8c5db289eb426dcf765061783264e1a527cd39dac9553,"{""Call Resistance"": 23500.0, ""Put Support"": 23000.0, ""HVL"": 23300.0, ""1D Min"": 23358.99, ""1D Max"": 23806.51, ""Call Resistance 0DTE"": 23750.0, ""Put Support 0DTE"": 23625.0, ""HVL 0DTE"": 23250.0, ""Gamma Wall 0DTE"": 23750.0, ""GEX 1"": 23800.0, ""GEX 2"": 23600.0, ""GEX 3"": 23450.0, ""GEX 4"": 23425.0, ""GEX 5"": 23475.0, ""GEX 6"": 24000.0, ""GEX 7"": 23900.0, ""GEX 8"": 23200.0, ""GEX 9"": 23325.0, ""GEX 10"": 23350.0}",positive,1528003.2349350327,0.4015444015444015,223.7599999999984,42008487,False,True,,outside_cash,above,Call Resistance,23500.0,4.5,0.02011083303539521,GEX 5,23475.0,20.5,0.09161601716124484,False,all_19,-0.3564086521272818,0.3564086521272818,False,False,evaluated,none
cad60ea5-d683-5caf-a205-7fa798278139,,,2025-08-25T11:55:00+00:00,23499.25,0.25,2025-08-25,2025-08-22,aeb8bad860db92863af8c5db289eb426dcf765061783264e1a527cd39dac9553,"{""Call Resistance"": 23500.0, ""Put Support"": 23000.0, ""HVL"": 23300.0, ""1D Min"": 23358.99, ""1D Max"": 23806.51, ""Call Resistance 0DTE"": 23750.0, ""Put Support 0DTE"": 23625.0, ""HVL 0DTE"": 23250.0, ""Gamma Wall 0DTE"": 23750.0, ""GEX 1"": 23800.0, ""GEX 2"": 23600.0, ""GEX 3"": 23450.0, ""GEX 4"": 23425.0, ""GEX 5"": 23475.0, ""GEX 6"": 24000.0, ""GEX 7"": 23900.0, ""GEX 8"": 23200.0, ""GEX 9"": 23325.0, ""GEX 10"": 23350.0}",positive,1528003.2349350327,0.4015444015444015,223.7599999999984,42008487,False,True,,outside_cash,above,Call Resistance,23500.0,0.75,0.0033518055058992017,GEX 5,23475.0,24.25,0.10837504469074086,False,all_19,-0.3351805505899202,0.3351805505899202,False,False,evaluated,none
7bfa168d-3468-54eb-9957-2414264994b1,,,2025-08-25T23:02:00+00:00,23513.5,0.25,2025-08-25,,aeb8bad860db92863af8c5db289eb426dcf765061783264e1a527cd39dac9553,"{""Call Resistance"": null, ""Put Support"": null, ""HVL"": null, ""1D Min"": null, ""1D Max"": null, ""Call Resistance 0DTE"": null, ""Put Support 0DTE"": null, ""HVL 0DTE"": null, ""Gamma Wall 0DTE"": null, ""GEX 1"": null, ""GEX 2"": null, ""GEX 3"": null, ""GEX 4"": null, ""GEX 5"": null, ""GEX 6"": null, ""GEX 7"": null, ""GEX 8"": null, ""GEX 9"": null, ""GEX 10"": null}",unknown,,,,42008487,False,False,after_1700,outside_cash,,,,,,,,,,,all_19,,,,,not_applicable_outside_hours,asia
e2cbaf9d-e4bd-5932-a3c1-eadeab52a859,,,2025-08-25T23:04:00+00:00,23516.25,0.25,2025-08-25,,aeb8bad860db92863af8c5db289eb426dcf765061783264e1a527cd39dac9553,"{""Call Resistance"": null, ""Put Support"": null, ""HVL"": null, ""1D Min"": null, ""1D Max"": null, ""Call Resistance 0DTE"": null, ""Put Support 0DTE"": null, ""HVL 0DTE"": null, ""Gamma Wall 0DTE"": null, ""GEX 1"": null, ""GEX 2"": null, ""GEX 3"": null, ""GEX 4"": null, ""GEX 5"": null, ""GEX 6"": null, ""GEX 7"": null, ""GEX 8"": null, ""GEX 9"": null, ""GEX 10"": null}",unknown,,,,42008487,False,False,after_1700,outside_cash,,,,,,,,,,,all_19,,,,,not_applicable_outside_hours,asia
993ec8a4-9dc8-5113-af8e-264e66d97247,,,2025-08-25T23:08:00+00:00,23510.0,0.25,2025-08-25,,aeb8bad860db92863af8c5db289eb426dcf765061783264e1a527cd39dac9553,"{""Call Resistance"": null, ""Put Support"": null, ""HVL"": null, ""1D Min"": null, ""1D Max"": null, ""Call Resistance 0DTE"": null, ""Put Support 0DTE"": null, ""HVL 0DTE"": null, ""Gamma Wall 0DTE"": null, ""GEX 1"": null, ""GEX 2"": null, ""GEX 3"": null, ""GEX 4"": null, ""GEX 5"": null, ""GEX 6"": null, ""GEX 7"": null, ""GEX 8"": null, ""GEX 9"": null, ""GEX 10"": null}",unknown,,,,42008487,False,False,after_1700,outside_cash,,,,,,,,,,,all_19,,,,,not_applicable_outside_hours,asia
a9085afe-fb50-5469-8964-d66c39070f28,,,2025-08-25T23:19:00+00:00,23512.0,0.25,2025-08-25,,aeb8bad860db92863af8c5db289eb426dcf765061783264e1a527cd39dac9553,"{""Call Resistance"": null, ""Put Support"": null, ""HVL"": null, ""1D Min"": null, ""1D Max"": null, ""Call Resistance 0DTE"": null, ""Put Support 0DTE"": null, ""HVL 0DTE"": null, ""Gamma Wall 0DTE"": null, ""GEX 1"": null, ""GEX 2"": null, ""GEX 3"": null, ""GEX 4"": null, ""GEX 5"": null, ""GEX 6"": null, ""GEX 7"": null, ""GEX 8"": null, ""GEX 9"": null, ""GEX 10"": null}",unknown,,,,42008487,False,False,after_1700,outside_cash,,,,,,,,,,,all_19,,,,,not_applicable_outside_hours,asia
0735f829-66bd-51ad-84ad-fba3e03b1b96,,,2025-08-26T10:50:00+00:00,23495.75,0.25,2025-08-26,,aeb8bad860db92863af8c5db289eb426dcf765061783264e1a527cd39dac9553,"{""Call Resistance"": null, ""Put Support"": null, ""HVL"": null, ""1D Min"": null, ""1D Max"": null, ""Call Resistance 0DTE"": null, ""Put Support 0DTE"": null, ""HVL 0DTE"": null, ""Gamma Wall 0DTE"": null, ""GEX 1"": null, ""GEX 2"": null, ""GEX 3"": null, ""GEX 4"": null, ""GEX 5"": null, ""GEX 6"": null, ""GEX 7"": null, ""GEX 8"": null, ""GEX 9"": null, ""GEX 10"": null}",unknown,,,,42008487,False,False,before_0600,outside_cash,,,,,,,,,,,all_19,,,,,not_applicable_outside_hours,london
6be3e10d-12a3-577d-a86d-90490453ea0a,,,2025-08-26T10:51:00+00:00,23496.25,0.25,2025-08-26,,aeb8bad860db92863af8c5db289eb426dcf765061783264e1a527cd39dac9553,"{""Call Resistance"": null, ""Put Support"": null, ""HVL"": null, ""1D Min"": null, ""1D Max"": null, ""Call Resistance 0DTE"": null, ""Put Support 0DTE"": null, ""HVL 0DTE"": null, ""Gamma Wall 0DTE"": null, ""GEX 1"": null, ""GEX 2"": null, ""GEX 3"": null, ""GEX 4"": null, ""GEX 5"": null, ""GEX 6"": null, ""GEX 7"": null, ""GEX 8"": null, ""GEX 9"": null, ""GEX 10"": null}",unknown,,,,42008487,False,False,before_0600,outside_cash,,,,,,,,,,,all_19,,,,,not_applicable_outside_hours,london
74c5fbb4-7ff7-55f2-adff-2789a5e0aaa0,,,2025-08-26T17:58:00+00:00,23501.0,0.25,2025-08-26,2025-08-25,aeb8bad860db92863af8c5db289eb426dcf765061783264e1a527cd39dac9553,"{""Call Resistance"": 23500.0, ""Put Support"": 23000.0, ""HVL"": 23490.0, ""1D Min"": 23271.42, ""1D Max"": 23733.08, ""Call Resistance 0DTE"": 23650.0, ""Put Support 0DTE"": 23450.0, ""HVL 0DTE"": 23490.0, ""Gamma Wall 0DTE"": 23650.0, ""GEX 1"": 23400.0, ""GEX 2"": 23300.0, ""GEX 3"": 23700.0, ""GEX 4"": 23625.0, ""GEX 5"": 23600.0, ""GEX 6"": 23800.0, ""GEX 7"": 23750.0, ""GEX 8"": 23100.0, ""GEX 9"": 23900.0, ""GEX 10"": 23950.0}",positive,852028.4634433782,0.33976833976833976,230.83000000000175,42008487,False,True,,s3_1200_1330,above,GEX 5,23600.0,99.0,0.42888705974093166,Call Resistance,23500.0,1.0,0.004332192522635673,False,all_19,-0.061733743447558345,0.061733743447558345,False,False,evaluated,ny
5bd84227-d99e-51a2-960e-8513cc6eada2,,,2025-08-26T17:58:00+00:00,23501.0,0.25,2025-08-26,2025-08-25,aeb8bad860db92863af8c5db289eb426dcf765061783264e1a527cd39dac9553,"{""Call Resistance"": 23500.0, ""Put Support"": 23000.0, ""HVL"": 23490.0, ""1D Min"": 23271.42, ""1D Max"": 23733.08, ""Call Resistance 0DTE"": 23650.0, ""Put Support 0DTE"": 23450.0, ""HVL 0DTE"": 23490.0, ""Gamma Wall 0DTE"": 23650.0, ""GEX 1"": 23400.0, ""GEX 2"": 23300.0, ""GEX 3"": 23700.0, ""GEX 4"": 23625.0, ""GEX 5"": 23600.0, ""GEX 6"": 23800.0, ""GEX 7"": 23750.0, ""GEX 8"": 23100.0, ""GEX 9"": 23900.0, ""GEX 10"": 23950.0}",positive,852028.4634433782,0.33976833976833976,230.83000000000175,42008487,False,True,,s3_1200_1330,above,GEX 5,23600.0,99.0,0.42888705974093166,Call Resistance,23500.0,1.0,0.004332192522635673,False,all_19,-0.061733743447558345,0.061733743447558345,False,False,evaluated,ny
e65c9284-3a44-57f7-ae08-efd67aa90ead,,,2025-08-26T18:12:00+00:00,23524.0,0.25,2025-08-26,2025-08-25,aeb8bad860db92863af8c5db289eb426dcf765061783264e1a527cd39dac9553,"{""Call Resistance"": 23500.0, ""Put Support"": 23000.0, ""HVL"": 23490.0, ""1D Min"": 23271.42, ""1D Max"": 23733.08, ""Call Resistance 0DTE"": 23650.0, ""Put Support 0DTE"": 23450.0, ""HVL 0DTE"": 23490.0, ""Gamma Wall 0DTE"": 23650.0, ""GEX 1"": 23400.0, ""GEX 2"": 23300.0, ""GEX 3"": 23700.0, ""GEX 4"": 23625.0, ""GEX 5"": 23600.0, ""GEX 6"": 23800.0, ""GEX 7"": 23750.0, ""GEX 8"": 23100.0, ""GEX 9"": 23900.0, ""GEX 10"": 23950.0}",positive,852028.4634433782,0.33976833976833976,230.83000000000175,42008487,False,True,,s3_1200_1330,above,GEX 5,23600.0,76.0,0.32924663172031116,Call Resistance,23500.0,24.0,0.10397262054325615,False,all_19,0.06714898410085293,0.06714898410085293,False,False,evaluated,none
df1984d9-299c-5712-88db-5980b1b50135,,,2025-08-26T18:17:00+00:00,23531.0,0.25,2025-08-26,2025-08-25,aeb8bad860db92863af8c5db289eb426dcf765061783264e1a527cd39dac9553,"{""Call Resistance"": 23500.0, ""Put Support"": 23000.0, ""HVL"": 23490.0, ""1D Min"": 23271.42, ""1D Max"": 23733.08, ""Call Resistance 0DTE"": 23650.0, ""Put Support 0DTE"": 23450.0, ""HVL 0DTE"": 23490.0, ""Gamma Wall 0DTE"": 23650.0, ""GEX 1"": 23400.0, ""GEX 2"": 23300.0, ""GEX 3"": 23700.0, ""GEX 4"": 23625.0, ""GEX 5"": 23600.0, ""GEX 6"": 23800.0, ""GEX 7"": 23750.0, ""GEX 8"": 23100.0, ""GEX 9"": 23900.0, ""GEX 10"": 23950.0}",positive,852028.4634433782,0.33976833976833976,230.83000000000175,42008487,False,True,,s3_1200_1330,above,GEX 5,23600.0,69.0,0.29892128406186147,Call Resistance,23500.0,31.0,0.13429796820170586,False,all_19,0.06931508036217077,0.06931508036217077,False,False,evaluated,none
ef67d039-e00e-55d7-b11e-4d315e0cf39c,,,2025-08-26T18:18:00+00:00,23530.5,0.25,2025-08-26,2025-08-25,aeb8bad860db92863af8c5db289eb426dcf765061783264e1a527cd39dac9553,"{""Call Resistance"": 23500.0, ""Put Support"": 23000.0, ""HVL"": 23490.0, ""1D Min"": 23271.42, ""1D Max"": 23733.08, ""Call Resistance 0DTE"": 23650.0, ""Put Support 0DTE"": 23450.0, ""HVL 0DTE"": 23490.0, ""Gamma Wall 0DTE"": 23650.0, ""GEX 1"": 23400.0, ""GEX 2"": 23300.0, ""GEX 3"": 23700.0, ""GEX 4"": 23625.0, ""GEX 5"": 23600.0, ""GEX 6"": 23800.0, ""GEX 7"": 23750.0, ""GEX 8"": 23100.0, ""GEX 9"": 23900.0, ""GEX 10"": 23950.0}",positive,852028.4634433782,0.33976833976833976,230.83000000000175,42008487,False,True,,s3_1200_1330,above,GEX 5,23600.0,69.5,0.3010873803231793,Call Resistance,23500.0,30.5,0.13213187194038803,False,all_19,0.08989299484469022,0.08989299484469022,False,False,evaluated,none
55ef6cb9-d5ec-548a-b51b-b55c84b5bba1,,,2025-08-26T18:28:00+00:00,23537.5,0.25,2025-08-26,2025-08-25,aeb8bad860db92863af8c5db289eb426dcf765061783264e1a527cd39dac9553,"{""Call Resistance"": 23500.0, ""Put Support"": 23000.0, ""HVL"": 23490.0, ""1D Min"": 23271.42, ""1D Max"": 23733.08, ""Call Resistance 0DTE"": 23650.0, ""Put Support 0DTE"": 23450.0, ""HVL 0DTE"": 23490.0, ""Gamma Wall 0DTE"": 23650.0, ""GEX 1"": 23400.0, ""GEX 2"": 23300.0, ""GEX 3"": 23700.0, ""GEX 4"": 23625.0, ""GEX 5"": 23600.0, ""GEX 6"": 23800.0, ""GEX 7"": 23750.0, ""GEX 8"": 23100.0, ""GEX 9"": 23900.0, ""GEX 10"": 23950.0}",positive,852028.4634433782,0.33976833976833976,230.83000000000175,42008487,False,True,,s3_1200_1330,above,GEX 5,23600.0,62.5,0.2707620326647296,Call Resistance,23500.0,37.5,0.16245721959883774,False,all_19,0.11047090932720967,0.11047090932720967,False,False,evaluated,none
09d9252b-71c5-5c01-9b1c-21cb775e28a8,31456815-f5c2-516c-834c-b3c7783ddaf8,0c9ebdf8-0dab-5dad-8ebc-ad49b50c4522,2025-08-26T18:31:00+00:00,23544.25,0.25,2025-08-26,2025-08-25,aeb8bad860db92863af8c5db289eb426dcf765061783264e1a527cd39dac9553,"{""Call Resistance"": 23500.0, ""Put Support"": 23000.0, ""HVL"": 23490.0, ""1D Min"": 23271.42, ""1D Max"": 23733.08, ""Call Resistance 0DTE"": 23650.0, ""Put Support 0DTE"": 23450.0, ""HVL 0DTE"": 23490.0, ""Gamma Wall 0DTE"": 23650.0, ""GEX 1"": 23400.0, ""GEX 2"": 23300.0, ""GEX 3"": 23700.0, ""GEX 4"": 23625.0, ""GEX 5"": 23600.0, ""GEX 6"": 23800.0, ""GEX 7"": 23750.0, ""GEX 8"": 23100.0, ""GEX 9"": 23900.0, ""GEX 10"": 23950.0}",positive,852028.4634433782,0.33976833976833976,230.83000000000175,42008487,False,True,,s4_1330_1510,above,GEX 5,23600.0,55.75,0.24151973313693878,Call Resistance,23500.0,44.25,0.19169951912662853,False,all_19,0.12238443876445777,0.12238443876445777,False,False,evaluated,none
9f276779-a2f9-5bd6-87dc-6aa0b97acd7b,,,2025-08-26T18:38:00+00:00,23547.0,0.25,2025-08-26,2025-08-25,aeb8bad860db92863af8c5db289eb426dcf765061783264e1a527cd39dac9553,"{""Call Resistance"": 23500.0, ""Put Support"": 23000.0, ""HVL"": 23490.0, ""1D Min"": 23271.42, ""1D Max"": 23733.08, ""Call Resistance 0DTE"": 23650.0, ""Put Support 0DTE"": 23450.0, ""HVL 0DTE"": 23490.0, ""Gamma Wall 0DTE"": 23650.0, ""GEX 1"": 23400.0, ""GEX 2"": 23300.0, ""GEX 3"": 23700.0, ""GEX 4"": 23625.0, ""GEX 5"": 23600.0, ""GEX 6"": 23800.0, ""GEX 7"": 23750.0, ""GEX 8"": 23100.0, ""GEX 9"": 23900.0, ""GEX 10"": 23950.0}",positive,852028.4634433782,0.33976833976833976,230.83000000000175,42008487,False,True,,s4_1330_1510,above,GEX 5,23600.0,53.0,0.22960620369969068,Call Resistance,23500.0,47.0,0.20361304856387663,False,all_19,0.1537928345535664,0.1537928345535664,False,False,evaluated,none
5e0bd24a-28c0-5f24-8dd6-2c071c79132e,,,2025-08-26T18:50:00+00:00,23548.75,0.25,2025-08-26,2025-08-25,aeb8bad860db92863af8c5db289eb426dcf765061783264e1a527cd39dac9553,"{""Call Resistance"": 23500.0, ""Put Support"": 23000.0, ""HVL"": 23490.0, ""1D Min"": 23271.42, ""1D Max"": 23733.08, ""Call Resistance 0DTE"": 23650.0, ""Put Support 0DTE"": 23450.0, ""HVL 0DTE"": 23490.0, ""Gamma Wall 0DTE"": 23650.0, ""GEX 1"": 23400.0, ""GEX 2"": 23300.0, ""GEX 3"": 23700.0, ""GEX 4"": 23625.0, ""GEX 5"": 23600.0, ""GEX 6"": 23800.0, ""GEX 7"": 23750.0, ""GEX 8"": 23100.0, ""GEX 9"": 23900.0, ""GEX 10"": 23950.0}",positive,852028.4634433782,0.33976833976833976,230.83000000000175,42008487,False,True,,s4_1330_1510,above,GEX 5,23600.0,51.25,0.22202486678507824,Call Resistance,23500.0,48.75,0.21119438547848907,False,all_19,0.1537928345535664,0.1537928345535664,False,False,evaluated,none
74e3e6c0-d7f7-50f5-b5c1-37359b4fa8dc,,,2025-08-26T18:57:00+00:00,23549.75,0.25,2025-08-26,2025-08-25,aeb8bad860db92863af8c5db289eb426dcf765061783264e1a527cd39dac9553,"{""Call Resistance"": 23500.0, ""Put Support"": 23000.0, ""HVL"": 23490.0, ""1D Min"": 23271.42, ""1D Max"": 23733.08, ""Call Resistance 0DTE"": 23650.0, ""Put Support 0DTE"": 23450.0, ""HVL 0DTE"": 23490.0, ""Gamma Wall 0DTE"": 23650.0, ""GEX 1"": 23400.0, ""GEX 2"": 23300.0, ""GEX 3"": 23700.0, ""GEX 4"": 23625.0, ""GEX 5"": 23600.0, ""GEX 6"": 23800.0, ""GEX 7"": 23750.0, ""GEX 8"": 23100.0, ""GEX 9"": 23900.0, ""GEX 10"": 23950.0}",positive,852028.4634433782,0.33976833976833976,230.83000000000175,42008487,False,True,,s4_1330_1510,above,GEX 5,23600.0,50.25,0.21769267426244257,Call Resistance,23500.0,49.75,0.21552657800112474,False,all_19,0.17545379716674475,0.17545379716674475,False,False,evaluated,none
ab1f50e1-ead1-52b1-9ae4-40c4b22c7fc5,,,2025-08-26T19:12:00+00:00,23542.5,0.25,2025-08-26,2025-08-25,aeb8bad860db92863af8c5db289eb426dcf765061783264e1a527cd39dac9553,"{""Call Resistance"": 23500.0, ""Put Support"": 23000.0, ""HVL"": 23490.0, ""1D Min"": 23271.42, ""1D Max"": 23733.08, ""Call Resistance 0DTE"": 23650.0, ""Put Support 0DTE"": 23450.0, ""HVL 0DTE"": 23490.0, ""Gamma Wall 0DTE"": 23650.0, ""GEX 1"": 23400.0, ""GEX 2"": 23300.0, ""GEX 3"": 23700.0, ""GEX 4"": 23625.0, ""GEX 5"": 23600.0, ""GEX 6"": 23800.0, ""GEX 7"": 23750.0, ""GEX 8"": 23100.0, ""GEX 9"": 23900.0, ""GEX 10"": 23950.0}",positive,852028.4634433782,0.33976833976833976,230.83000000000175,42008487,False,True,,s4_1330_1510,above,GEX 5,23600.0,57.5,0.24910107005155122,Call Resistance,23500.0,42.5,0.18411818221201612,False,all_19,0.1548758826842253,0.1548758826842253,False,False,evaluated,none
69e0266a-4306-5841-9d5d-3e6a72e275ff,,,2025-08-26T19:22:00+00:00,23561.25,0.25,2025-08-26,2025-08-25,aeb8bad860db92863af8c5db289eb426dcf765061783264e1a527cd39dac9553,"{""Call Resistance"": 23500.0, ""Put Support"": 23000.0, ""HVL"": 23490.0, ""1D Min"": 23271.42, ""1D Max"": 23733.08, ""Call Resistance 0DTE"": 23650.0, ""Put Support 0DTE"": 23450.0, ""HVL 0DTE"": 23490.0, ""Gamma Wall 0DTE"": 23650.0, ""GEX 1"": 23400.0, ""GEX 2"": 23300.0, ""GEX 3"": 23700.0, ""GEX 4"": 23625.0, ""GEX 5"": 23600.0, ""GEX 6"": 23800.0, ""GEX 7"": 23750.0, ""GEX 8"": 23100.0, ""GEX 9"": 23900.0, ""GEX 10"": 23950.0}",positive,852028.4634433782,0.33976833976833976,230.83000000000175,42008487,False,True,,s4_1330_1510,above,GEX 5,23600.0,38.75,0.16787246025213234,Call Resistance,23500.0,61.25,0.26534679201143496,False,all_19,0.18411818221201612,0.18411818221201612,False,False,evaluated,none
14e275cd-3680-5725-9f9b-7f7a5e02976a,,,2025-08-26T19:23:00+00:00,23572.75,0.25,2025-08-26,2025-08-25,aeb8bad860db92863af8c5db289eb426dcf765061783264e1a527cd39dac9553,"{""Call Resistance"": 23500.0, ""Put Support"": 23000.0, ""HVL"": 23490.0, ""1D Min"": 23271.42, ""1D Max"": 23733.08, ""Call Resistance 0DTE"": 23650.0, ""Put Support 0DTE"": 23450.0, ""HVL 0DTE"": 23490.0, ""Gamma Wall 0DTE"": 23650.0, ""GEX 1"": 23400.0, ""GEX 2"": 23300.0, ""GEX 3"": 23700.0, ""GEX 4"": 23625.0, ""GEX 5"": 23600.0, ""GEX 6"": 23800.0, ""GEX 7"": 23750.0, ""GEX 8"": 23100.0, ""GEX 9"": 23900.0, ""GEX 10"": 23950.0}",positive,852028.4634433782,0.33976833976833976,230.83000000000175,42008487,False,True,,s4_1330_1510,above,GEX 5,23600.0,27.25,0.11805224624182209,Call Resistance,23500.0,72.75,0.31516700602174524,False,all_19,0.2187757223931015,0.2187757223931015,False,False,evaluated,none
3e9a02c0-43de-51b8-a3e5-5f2cccca9614,,,2025-08-26T19:33:00+00:00,23571.25,0.25,2025-08-26,2025-08-25,aeb8bad860db92863af8c5db289eb426dcf765061783264e1a527cd39dac9553,"{""Call Resistance"": 23500.0, ""Put Support"": 23000.0, ""HVL"": 23490.0, ""1D Min"": 23271.42, ""1D Max"": 23733.08, ""Call Resistance 0DTE"": 23650.0, ""Put Support 0DTE"": 23450.0, ""HVL 0DTE"": 23490.0, ""Gamma Wall 0DTE"": 23650.0, ""GEX 1"": 23400.0, ""GEX 2"": 23300.0, ""GEX 3"": 23700.0, ""GEX 4"": 23625.0, ""GEX 5"": 23600.0, ""GEX 6"": 23800.0, ""GEX 7"": 23750.0, ""GEX 8"": 23100.0, ""GEX 9"": 23900.0, ""GEX 10"": 23950.0}",positive,852028.4634433782,0.33976833976833976,230.83000000000175,42008487,False,True,,s4_1330_1510,above,GEX 5,23600.0,28.75,0.12455053502577561,Call Resistance,23500.0,71.25,0.3086687172377917,False,all_19,0.2826755621019777,0.2826755621019777,False,False,evaluated,none
2d86ee63-c5b7-585d-b55f-51172821d308,,,2025-08-26T19:47:00+00:00,23546.25,0.25,2025-08-26,2025-08-25,aeb8bad860db92863af8c5db289eb426dcf765061783264e1a527cd39dac9553,"{""Call Resistance"": 23500.0, ""Put Support"": 23000.0, ""HVL"": 23490.0, ""1D Min"": 23271.42, ""1D Max"": 23733.08, ""Call Resistance 0DTE"": 23650.0, ""Put Support 0DTE"": 23450.0, ""HVL 0DTE"": 23490.0, ""Gamma Wall 0DTE"": 23650.0, ""GEX 1"": 23400.0, ""GEX 2"": 23300.0, ""GEX 3"": 23700.0, ""GEX 4"": 23625.0, ""GEX 5"": 23600.0, ""GEX 6"": 23800.0, ""GEX 7"": 23750.0, ""GEX 8"": 23100.0, ""GEX 9"": 23900.0, ""GEX 10"": 23950.0}",positive,852028.4634433782,0.33976833976833976,230.83000000000175,42008487,False,True,,s4_1330_1510,above,GEX 5,23600.0,53.75,0.23285534809166744,Call Resistance,23500.0,46.25,0.2003639041718999,False,all_19,0.15270978642290747,0.15270978642290747,False,False,evaluated,none
2808c7b9-818b-51e5-8714-cf4fa8003f4b,,,2025-08-26T19:52:00+00:00,23584.5,0.25,2025-08-26,2025-08-25,aeb8bad860db92863af8c5db289eb426dcf765061783264e1a527cd39dac9553,"{""Call Resistance"": 23500.0, ""Put Support"": 23000.0, ""HVL"": 23490.0, ""1D Min"": 23271.42, ""1D Max"": 23733.08, ""Call Resistance 0DTE"": 23650.0, ""Put Support 0DTE"": 23450.0, ""HVL 0DTE"": 23490.0, ""Gamma Wall 0DTE"": 23650.0, ""GEX 1"": 23400.0, ""GEX 2"": 23300.0, ""GEX 3"": 23700.0, ""GEX 4"": 23625.0, ""GEX 5"": 23600.0, ""GEX 6"": 23800.0, ""GEX 7"": 23750.0, ""GEX 8"": 23100.0, ""GEX 9"": 23900.0, ""GEX 10"": 23950.0}",positive,852028.4634433782,0.33976833976833976,230.83000000000175,42008487,False,True,,s4_1330_1510,above,GEX 5,23600.0,15.5,0.06714898410085293,Call Resistance,23500.0,84.5,0.3660702681627144,False,all_19,0.3335788242429468,0.3335788242429468,False,False,evaluated,none
876aa7f8-7091-5dfb-bcd5-1e4e48d941e9,,,2025-08-26T20:08:00+00:00,23600.25,0.25,2025-08-26,2025-08-25,aeb8bad860db92863af8c5db289eb426dcf765061783264e1a527cd39dac9553,"{""Call Resistance"": 23500.0, ""Put Support"": 23000.0, ""HVL"": 23490.0, ""1D Min"": 23271.42, ""1D Max"": 23733.08, ""Call Resistance 0DTE"": 23650.0, ""Put Support 0DTE"": 23450.0, ""HVL 0DTE"": 23490.0, ""Gamma Wall 0DTE"": 23650.0, ""GEX 1"": 23400.0, ""GEX 2"": 23300.0, ""GEX 3"": 23700.0, ""GEX 4"": 23625.0, ""GEX 5"": 23600.0, ""GEX 6"": 23800.0, ""GEX 7"": 23750.0, ""GEX 8"": 23100.0, ""GEX 9"": 23900.0, ""GEX 10"": 23950.0}",positive,852028.4634433782,0.33976833976833976,230.83000000000175,42008487,False,True,,s4_1330_1510,above,GEX 4,23625.0,24.75,0.10722176493523292,GEX 5,23600.0,0.25,0.0010830481306589182,False,all_19,0.38231599012259815,0.38231599012259815,False,False,evaluated,asia
980ae5d2-6bc5-5c7b-bb3c-6661be511240,,,2025-08-26T20:09:00+00:00,23606.25,0.25,2025-08-26,2025-08-25,aeb8bad860db92863af8c5db289eb426dcf765061783264e1a527cd39dac9553,"{""Call Resistance"": 23500.0, ""Put Support"": 23000.0, ""HVL"": 23490.0, ""1D Min"": 23271.42, ""1D Max"": 23733.08, ""Call Resistance 0DTE"": 23650.0, ""Put Support 0DTE"": 23450.0, ""HVL 0DTE"": 23490.0, ""Gamma Wall 0DTE"": 23650.0, ""GEX 1"": 23400.0, ""GEX 2"": 23300.0, ""GEX 3"": 23700.0, ""GEX 4"": 23625.0, ""GEX 5"": 23600.0, ""GEX 6"": 23800.0, ""GEX 7"": 23750.0, ""GEX 8"": 23100.0, ""GEX 9"": 23900.0, ""GEX 10"": 23950.0}",positive,852028.4634433782,0.33976833976833976,230.83000000000175,42008487,False,True,,s4_1330_1510,above,GEX 4,23625.0,18.75,0.08122860979941887,GEX 5,23600.0,6.25,0.02707620326647296,False,all_19,0.3888142789065517,0.3888142789065517,False,False,evaluated,asia
189cd04e-7533-5bed-b91a-ad7d691f8740,,,2025-08-27T09:59:00+00:00,23597.25,0.25,2025-08-27,,aeb8bad860db92863af8c5db289eb426dcf765061783264e1a527cd39dac9553,"{""Call Resistance"": null, ""Put Support"": null, ""HVL"": null, ""1D Min"": null, ""1D Max"": null, ""Call Resistance 0DTE"": null, ""Put Support 0DTE"": null, ""HVL 0DTE"": null, ""Gamma Wall 0DTE"": null, ""GEX 1"": null, ""GEX 2"": null, ""GEX 3"": null, ""GEX 4"": null, ""GEX 5"": null, ""GEX 6"": null, ""GEX 7"": null, ""GEX 8"": null, ""GEX 9"": null, ""GEX 10"": null}",unknown,,,,42008487,False,False,before_0600,outside_cash,,,,,,,,,,,all_19,,,,,not_applicable_outside_hours,london
ef38a1c7-5f81-59f2-8ba0-d7e6387f77a9,,,2025-08-27T10:15:00+00:00,23596.0,0.25,2025-08-27,,aeb8bad860db92863af8c5db289eb426dcf765061783264e1a527cd39dac9553,"{""Call Resistance"": null, ""Put Support"": null, ""HVL"": null, ""1D Min"": null, ""1D Max"": null, ""Call Resistance 0DTE"": null, ""Put Support 0DTE"": null, ""HVL 0DTE"": null, ""Gamma Wall 0DTE"": null, ""GEX 1"": null, ""GEX 2"": null, ""GEX 3"": null, ""GEX 4"": null, ""GEX 5"": null, ""GEX 6"": null, ""GEX 7"": null, ""GEX 8"": null, ""GEX 9"": null, ""GEX 10"": null}",unknown,,,,42008487,False,False,before_0600,outside_cash,,,,,,,,,,,all_19,,,,,not_applicable_outside_hours,london
bdbb3535-1c13-5cc8-b00f-1986edd14385,,,2025-08-27T10:24:00+00:00,23596.75,0.25,2025-08-27,,aeb8bad860db92863af8c5db289eb426dcf765061783264e1a527cd39dac9553,"{""Call Resistance"": null, ""Put Support"": null, ""HVL"": null, ""1D Min"": null, ""1D Max"": null, ""Call Resistance 0DTE"": null, ""Put Support 0DTE"": null, ""HVL 0DTE"": null, ""Gamma Wall 0DTE"": null, ""GEX 1"": null, ""GEX 2"": null, ""GEX 3"": null, ""GEX 4"": null, ""GEX 5"": null, ""GEX 6"": null, ""GEX 7"": null, ""GEX 8"": null, ""GEX 9"": null, ""GEX 10"": null}",unknown,,,,42008487,False,False,before_0600,outside_cash,,,,,,,,,,,all_19,,,,,not_applicable_outside_hours,london
5b5128dd-6cc9-5a82-8317-33e7ec7a58ff,,,2025-08-27T10:28:00+00:00,23602.0,0.25,2025-08-27,,aeb8bad860db92863af8c5db289eb426dcf765061783264e1a527cd39dac9553,"{""Call Resistance"": null, ""Put Support"": null, ""HVL"": null, ""1D Min"": null, ""1D Max"": null, ""Call Resistance 0DTE"": null, ""Put Support 0DTE"": null, ""HVL 0DTE"": null, ""Gamma Wall 0DTE"": null, ""GEX 1"": null, ""GEX 2"": null, ""GEX 3"": null, ""GEX 4"": null, ""GEX 5"": null, ""GEX 6"": null, ""GEX 7"": null, ""GEX 8"": null, ""GEX 9"": null, ""GEX 10"": null}",unknown,,,,42008487,False,False,before_0600,outside_cash,,,,,,,,,,,all_19,,,,,not_applicable_outside_hours,london
4fe0a9b2-9a03-5487-b557-c190304cf472,,,2025-08-27T10:42:00+00:00,23602.5,0.25,2025-08-27,,aeb8bad860db92863af8c5db289eb426dcf765061783264e1a527cd39dac9553,"{""Call Resistance"": null, ""Put Support"": null, ""HVL"": null, ""1D Min"": null, ""1D Max"": null, ""Call Resistance 0DTE"": null, ""Put Support 0DTE"": null, ""HVL 0DTE"": null, ""Gamma Wall 0DTE"": null, ""GEX 1"": null, ""GEX 2"": null, ""GEX 3"": null, ""GEX 4"": null, ""GEX 5"": null, ""GEX 6"": null, ""GEX 7"": null, ""GEX 8"": null, ""GEX 9"": null, ""GEX 10"": null}",unknown,,,,42008487,False,False,before_0600,outside_cash,,,,,,,,,,,all_19,,,,,not_applicable_outside_hours,london
843ccb68-1d70-558f-9109-a8035ec24ed6,,,2025-08-27T10:57:00+00:00,23603.0,0.25,2025-08-27,,aeb8bad860db92863af8c5db289eb426dcf765061783264e1a527cd39dac9553,"{""Call Resistance"": null, ""Put Support"": null, ""HVL"": null, ""1D Min"": null, ""1D Max"": null, ""Call Resistance 0DTE"": null, ""Put Support 0DTE"": null, ""HVL 0DTE"": null, ""Gamma Wall 0DTE"": null, ""GEX 1"": null, ""GEX 2"": null, ""GEX 3"": null, ""GEX 4"": null, ""GEX 5"": null, ""GEX 6"": null, ""GEX 7"": null, ""GEX 8"": null, ""GEX 9"": null, ""GEX 10"": null}",unknown,,,,42008487,False,False,before_0600,outside_cash,,,,,,,,,,,all_19,,,,,not_applicable_outside_hours,london
90c273dc-1484-5ab9-b3c0-75af07feaba5,,,2025-08-27T10:58:00+00:00,23604.75,0.25,2025-08-27,,aeb8bad860db92863af8c5db289eb426dcf765061783264e1a527cd39dac9553,"{""Call Resistance"": null, ""Put Support"": null, ""HVL"": null, ""1D Min"": null, ""1D Max"": null, ""Call Resistance 0DTE"": null, ""Put Support 0DTE"": null, ""HVL 0DTE"": null, ""Gamma Wall 0DTE"": null, ""GEX 1"": null, ""GEX 2"": null, ""GEX 3"": null, ""GEX 4"": null, ""GEX 5"": null, ""GEX 6"": null, ""GEX 7"": null, ""GEX 8"": null, ""GEX 9"": null, ""GEX 10"": null}",unknown,,,,42008487,False,False,before_0600,outside_cash,,,,,,,,,,,all_19,,,,,not_applicable_outside_hours,london
c31d04ce-3595-5509-bad0-fd1e6cd5009b,,,2025-08-27T11:10:00+00:00,23605.0,0.25,2025-08-27,2025-08-26,aeb8bad860db92863af8c5db289eb426dcf765061783264e1a527cd39dac9553,"{""Call Resistance"": 24000.0, ""Put Support"": 23000.0, ""HVL"": 23490.0, ""1D Min"": 23378.39, ""1D Max"": 23836.61, ""Call Resistance 0DTE"": 23600.0, ""Put Support 0DTE"": 23460.0, ""HVL 0DTE"": 23530.0, ""Gamma Wall 0DTE"": 23600.0, ""GEX 1"": 23500.0, ""GEX 2"": 23800.0, ""GEX 3"": 23750.0, ""GEX 4"": 23400.0, ""GEX 5"": 23650.0, ""GEX 6"": 23300.0, ""GEX 7"": 23850.0, ""GEX 8"": 23200.0, ""GEX 9"": 23350.0, ""GEX 10"": 23950.0}",positive,2428220.643301086,0.5637065637065637,229.11000000000058,42008487,False,True,,outside_cash,above,GEX 5,23650.0,45.0,0.19641220374492552,Call Resistance 0DTE|Gamma Wall 0DTE,23600.0,5.0,0.021823578193880613,False,all_19,-0.01636768364541046,0.01636768364541046,False,False,evaluated,none
ea07ab0a-b396-5522-8c48-4cadd4891760,,,2025-08-27T14:49:00+00:00,23599.25,0.25,2025-08-27,2025-08-26,aeb8bad860db92863af8c5db289eb426dcf765061783264e1a527cd39dac9553,"{""Call Resistance"": 24000.0, ""Put Support"": 23000.0, ""HVL"": 23490.0, ""1D Min"": 23378.39, ""1D Max"": 23836.61, ""Call Resistance 0DTE"": 23600.0, ""Put Support 0DTE"": 23460.0, ""HVL 0DTE"": 23530.0, ""Gamma Wall 0DTE"": 23600.0, ""GEX 1"": 23500.0, ""GEX 2"": 23800.0, ""GEX 3"": 23750.0, ""GEX 4"": 23400.0, ""GEX 5"": 23650.0, ""GEX 6"": 23300.0, ""GEX 7"": 23850.0, ""GEX 8"": 23200.0, ""GEX 9"": 23350.0, ""GEX 10"": 23950.0}",positive,2428220.643301086,0.5637065637065637,229.11000000000058,42008487,False,True,,s1_0830_1000,above,Call Resistance 0DTE|Gamma Wall 0DTE,23600.0,0.75,0.003273536729082092,HVL 0DTE,23530.0,69.25,0.3022565579852465,False,all_19,-0.030553009471432857,0.030553009471432857,False,False,evaluated,ny
0967db99-848e-5e96-b312-d563106ea024,,,2025-08-27T14:49:00+00:00,23599.25,0.25,2025-08-27,2025-08-26,aeb8bad860db92863af8c5db289eb426dcf765061783264e1a527cd39dac9553,"{""Call Resistance"": 24000.0, ""Put Support"": 23000.0, ""HVL"": 23490.0, ""1D Min"": 23378.39, ""1D Max"": 23836.61, ""Call Resistance 0DTE"": 23600.0, ""Put Support 0DTE"": 23460.0, ""HVL 0DTE"": 23530.0, ""Gamma Wall 0DTE"": 23600.0, ""GEX 1"": 23500.0, ""GEX 2"": 23800.0, ""GEX 3"": 23750.0, ""GEX 4"": 23400.0, ""GEX 5"": 23650.0, ""GEX 6"": 23300.0, ""GEX 7"": 23850.0, ""GEX 8"": 23200.0, ""GEX 9"": 23350.0, ""GEX 10"": 23950.0}",positive,2428220.643301086,0.5637065637065637,229.11000000000058,42008487,False,True,,s1_0830_1000,above,Call Resistance 0DTE|Gamma Wall 0DTE,23600.0,0.75,0.003273536729082092,HVL 0DTE,23530.0,69.25,0.3022565579852465,False,all_19,-0.030553009471432857,0.030553009471432857,False,False,evaluated,ny
aa81d133-ad74-5529-ac31-20bff8c4bcc9,,,2025-08-27T14:55:00+00:00,23601.25,0.25,2025-08-27,2025-08-26,aeb8bad860db92863af8c5db289eb426dcf765061783264e1a527cd39dac9553,"{""Call Resistance"": 24000.0, ""Put Support"": 23000.0, ""HVL"": 23490.0, ""1D Min"": 23378.39, ""1D Max"": 23836.61, ""Call Resistance 0DTE"": 23600.0, ""Put Support 0DTE"": 23460.0, ""HVL 0DTE"": 23530.0, ""Gamma Wall 0DTE"": 23600.0, ""GEX 1"": 23500.0, ""GEX 2"": 23800.0, ""GEX 3"": 23750.0, ""GEX 4"": 23400.0, ""GEX 5"": 23650.0, ""GEX 6"": 23300.0, ""GEX 7"": 23850.0, ""GEX 8"": 23200.0, ""GEX 9"": 23350.0, ""GEX 10"": 23950.0}",positive,2428220.643301086,0.5637065637065637,229.11000000000058,42008487,False,True,,s1_0830_1000,above,GEX 5,23650.0,48.75,0.212779887390336,Call Resistance 0DTE|Gamma Wall 0DTE,23600.0,1.25,0.005455894548470153,False,all_19,-0.019641220374492552,0.019641220374492552,False,False,evaluated,ny
4cb2674e-b4c1-5de5-a4bc-98e7e5c84109,,,2025-08-27T15:24:00+00:00,23605.0,0.25,2025-08-27,2025-08-26,aeb8bad860db92863af8c5db289eb426dcf765061783264e1a527cd39dac9553,"{""Call Resistance"": 24000.0, ""Put Support"": 23000.0, ""HVL"": 23490.0, ""1D Min"": 23378.39, ""1D Max"": 23836.61, ""Call Resistance 0DTE"": 23600.0, ""Put Support 0DTE"": 23460.0, ""HVL 0DTE"": 23530.0, ""Gamma Wall 0DTE"": 23600.0, ""GEX 1"": 23500.0, ""GEX 2"": 23800.0, ""GEX 3"": 23750.0, ""GEX 4"": 23400.0, ""GEX 5"": 23650.0, ""GEX 6"": 23300.0, ""GEX 7"": 23850.0, ""GEX 8"": 23200.0, ""GEX 9"": 23350.0, ""GEX 10"": 23950.0}",positive,2428220.643301086,0.5637065637065637,229.11000000000058,42008487,False,True,,s2_1000_1200,above,GEX 5,23650.0,45.0,0.19641220374492552,Call Resistance 0DTE|Gamma Wall 0DTE,23600.0,5.0,0.021823578193880613,False,all_19,0.003273536729082092,0.003273536729082092,False,False,evaluated,ny
d89f3ac9-92a8-5f65-b5d3-8ef74d22ff44,,,2025-08-27T15:49:00+00:00,23622.5,0.25,2025-08-27,2025-08-26,aeb8bad860db92863af8c5db289eb426dcf765061783264e1a527cd39dac9553,"{""Call Resistance"": 24000.0, ""Put Support"": 23000.0, ""HVL"": 23490.0, ""1D Min"": 23378.39, ""1D Max"": 23836.61, ""Call Resistance 0DTE"": 23600.0, ""Put Support 0DTE"": 23460.0, ""HVL 0DTE"": 23530.0, ""Gamma Wall 0DTE"": 23600.0, ""GEX 1"": 23500.0, ""GEX 2"": 23800.0, ""GEX 3"": 23750.0, ""GEX 4"": 23400.0, ""GEX 5"": 23650.0, ""GEX 6"": 23300.0, ""GEX 7"": 23850.0, ""GEX 8"": 23200.0, ""GEX 9"": 23350.0, ""GEX 10"": 23950.0}",positive,2428220.643301086,0.5637065637065637,229.11000000000058,42008487,False,True,,s2_1000_1200,above,GEX 5,23650.0,27.5,0.12002968006634337,Call Resistance 0DTE|Gamma Wall 0DTE,23600.0,22.5,0.09820610187246276,False,all_19,0.04037361965867913,0.04037361965867913,False,False,evaluated,ny
aa08a890-2381-5980-9ab7-df18f6dfd64d,,,2025-08-27T15:50:00+00:00,23622.75,0.25,2025-08-27,2025-08-26,aeb8bad860db92863af8c5db289eb426dcf765061783264e1a527cd39dac9553,"{""Call Resistance"": 24000.0, ""Put Support"": 23000.0, ""HVL"": 23490.0, ""1D Min"": 23378.39, ""1D Max"": 23836.61, ""Call Resistance 0DTE"": 23600.0, ""Put Support 0DTE"": 23460.0, ""HVL 0DTE"": 23530.0, ""Gamma Wall 0DTE"": 23600.0, ""GEX 1"": 23500.0, ""GEX 2"": 23800.0, ""GEX 3"": 23750.0, ""GEX 4"": 23400.0, ""GEX 5"": 23650.0, ""GEX 6"": 23300.0, ""GEX 7"": 23850.0, ""GEX 8"": 23200.0, ""GEX 9"": 23350.0, ""GEX 10"": 23950.0}",positive,2428220.643301086,0.5637065637065637,229.11000000000058,42008487,False,True,,s2_1000_1200,above,GEX 5,23650.0,27.25,0.11893850115664935,Call Resistance 0DTE|Gamma Wall 0DTE,23600.0,22.75,0.09929728078215679,False,all_19,0.070926629130112,0.070926629130112,False,False,evaluated,ny
5e0f3b41-5372-59f5-9c39-ffa2e064ac5e,,,2025-08-27T15:58:00+00:00,23627.75,0.25,2025-08-27,2025-08-26,aeb8bad860db92863af8c5db289eb426dcf765061783264e1a527cd39dac9553,"{""Call Resistance"": 24000.0, ""Put Support"": 23000.0, ""HVL"": 23490.0, ""1D Min"": 23378.39, ""1D Max"": 23836.61, ""Call Resistance 0DTE"": 23600.0, ""Put Support 0DTE"": 23460.0, ""HVL 0DTE"": 23530.0, ""Gamma Wall 0DTE"": 23600.0, ""GEX 1"": 23500.0, ""GEX 2"": 23800.0, ""GEX 3"": 23750.0, ""GEX 4"": 23400.0, ""GEX 5"": 23650.0, ""GEX 6"": 23300.0, ""GEX 7"": 23850.0, ""GEX 8"": 23200.0, ""GEX 9"": 23350.0, ""GEX 10"": 23950.0}",positive,2428220.643301086,0.5637065637065637,229.11000000000058,42008487,False,True,,s2_1000_1200,above,GEX 5,23650.0,22.25,0.09711492296276873,Call Resistance 0DTE|Gamma Wall 0DTE,23600.0,27.75,0.1211208589760374,False,all_19,0.10038845969185083,0.10038845969185083,False,False,evaluated,ny
671af9bb-7be2-5305-9cc5-5c1a7e7cf9e6,,,2025-08-27T17:30:00+00:00,23602.0,0.25,2025-08-27,2025-08-26,aeb8bad860db92863af8c5db289eb426dcf765061783264e1a527cd39dac9553,"{""Call Resistance"": 24000.0, ""Put Support"": 23000.0, ""HVL"": 23490.0, ""1D Min"": 23378.39, ""1D Max"": 23836.61, ""Call Resistance 0DTE"": 23600.0, ""Put Support 0DTE"": 23460.0, ""HVL 0DTE"": 23530.0, ""Gamma Wall 0DTE"": 23600.0, ""GEX 1"": 23500.0, ""GEX 2"": 23800.0, ""GEX 3"": 23750.0, ""GEX 4"": 23400.0, ""GEX 5"": 23650.0, ""GEX 6"": 23300.0, ""GEX 7"": 23850.0, ""GEX 8"": 23200.0, ""GEX 9"": 23350.0, ""GEX 10"": 23950.0}",positive,2428220.643301086,0.5637065637065637,229.11000000000058,42008487,False,True,,s3_1200_1330,above,GEX 5,23650.0,48.0,0.2095063506612539,Call Resistance 0DTE|Gamma Wall 0DTE,23600.0,2.0,0.008729431277552246,False,all_19,-0.014185325826022398,0.014185325826022398,False,False,evaluated,ny
7f811648-0a22-59b1-91e5-4beb6cff5655,,,2025-08-27T17:41:00+00:00,23614.75,0.25,2025-08-27,2025-08-26,aeb8bad860db92863af8c5db289eb426dcf765061783264e1a527cd39dac9553,"{""Call Resistance"": 24000.0, ""Put Support"": 23000.0, ""HVL"": 23490.0, ""1D Min"": 23378.39, ""1D Max"": 23836.61, ""Call Resistance 0DTE"": 23600.0, ""Put Support 0DTE"": 23460.0, ""HVL 0DTE"": 23530.0, ""Gamma Wall 0DTE"": 23600.0, ""GEX 1"": 23500.0, ""GEX 2"": 23800.0, ""GEX 3"": 23750.0, ""GEX 4"": 23400.0, ""GEX 5"": 23650.0, ""GEX 6"": 23300.0, ""GEX 7"": 23850.0, ""GEX 8"": 23200.0, ""GEX 9"": 23350.0, ""GEX 10"": 23950.0}",positive,2428220.643301086,0.5637065637065637,229.11000000000058,42008487,False,True,,s3_1200_1330,above,GEX 5,23650.0,35.25,0.15385622626685833,Call Resistance 0DTE|Gamma Wall 0DTE,23600.0,14.75,0.06437955567194781,False,all_19,0.03273536729082092,0.03273536729082092,False,False,evaluated,ny
0677d134-03e2-5738-aab1-9aaef612c0e2,,,2025-08-27T17:53:00+00:00,23619.75,0.25,2025-08-27,2025-08-26,aeb8bad860db92863af8c5db289eb426dcf765061783264e1a527cd39dac9553,"{""Call Resistance"": 24000.0, ""Put Support"": 23000.0, ""HVL"": 23490.0, ""1D Min"": 23378.39, ""1D Max"": 23836.61, ""Call Resistance 0DTE"": 23600.0, ""Put Support 0DTE"": 23460.0, ""HVL 0DTE"": 23530.0, ""Gamma Wall 0DTE"": 23600.0, ""GEX 1"": 23500.0, ""GEX 2"": 23800.0, ""GEX 3"": 23750.0, ""GEX 4"": 23400.0, ""GEX 5"": 23650.0, ""GEX 6"": 23300.0, ""GEX 7"": 23850.0, ""GEX 8"": 23200.0, ""GEX 9"": 23350.0, ""GEX 10"": 23950.0}",positive,2428220.643301086,0.5637065637065637,229.11000000000058,42008487,False,True,,s3_1200_1330,above,GEX 5,23650.0,30.25,0.1320326480729777,Call Resistance 0DTE|Gamma Wall 0DTE,23600.0,19.75,0.08620313386582842,False,all_19,0.06001484003317169,0.06001484003317169,False,False,evaluated,ny
9886061a-f0aa-5c1d-886d-d071c7693f97,,,2025-08-27T17:59:00+00:00,23624.25,0.25,2025-08-27,2025-08-26,aeb8bad860db92863af8c5db289eb426dcf765061783264e1a527cd39dac9553,"{""Call Resistance"": 24000.0, ""Put Support"": 23000.0, ""HVL"": 23490.0, ""1D Min"": 23378.39, ""1D Max"": 23836.61, ""Call Resistance 0DTE"": 23600.0, ""Put Support 0DTE"": 23460.0, ""HVL 0DTE"": 23530.0, ""Gamma Wall 0DTE"": 23600.0, ""GEX 1"": 23500.0, ""GEX 2"": 23800.0, ""GEX 3"": 23750.0, ""GEX 4"": 23400.0, ""GEX 5"": 23650.0, ""GEX 6"": 23300.0, ""GEX 7"": 23850.0, ""GEX 8"": 23200.0, ""GEX 9"": 23350.0, ""GEX 10"": 23950.0}",positive,2428220.643301086,0.5637065637065637,229.11000000000058,42008487,False,True,,s3_1200_1330,above,GEX 5,23650.0,25.75,0.11239142769848516,Call Resistance 0DTE|Gamma Wall 0DTE,23600.0,24.25,0.10584435424032097,False,all_19,0.06874427131072393,0.06874427131072393,False,False,evaluated,ny
c98b0902-1eae-5d96-92ff-6ec3d8e38180,,,2025-08-27T18:09:00+00:00,23625.0,0.25,2025-08-27,2025-08-26,aeb8bad860db92863af8c5db289eb426dcf765061783264e1a527cd39dac9553,"{""Call Resistance"": 24000.0, ""Put Support"": 23000.0, ""HVL"": 23490.0, ""1D Min"": 23378.39, ""1D Max"": 23836.61, ""Call Resistance 0DTE"": 23600.0, ""Put Support 0DTE"": 23460.0, ""HVL 0DTE"": 23530.0, ""Gamma Wall 0DTE"": 23600.0, ""GEX 1"": 23500.0, ""GEX 2"": 23800.0, ""GEX 3"": 23750.0, ""GEX 4"": 23400.0, ""GEX 5"": 23650.0, ""GEX 6"": 23300.0, ""GEX 7"": 23850.0, ""GEX 8"": 23200.0, ""GEX 9"": 23350.0, ""GEX 10"": 23950.0}",positive,2428220.643301086,0.5637065637065637,229.11000000000058,42008487,False,True,,s3_1200_1330,above,GEX 5,23650.0,25.0,0.10911789096940307,Call Resistance 0DTE|Gamma Wall 0DTE,23600.0,25.0,0.10911789096940307,False,all_19,0.0818384182270523,0.0818384182270523,False,False,evaluated,none
780cf2a7-3cb6-5ba5-ba83-980fb5a56cec,,,2025-08-27T18:14:00+00:00,23641.25,0.25,2025-08-27,2025-08-26,aeb8bad860db92863af8c5db289eb426dcf765061783264e1a527cd39dac9553,"{""Call Resistance"": 24000.0, ""Put Support"": 23000.0, ""HVL"": 23490.0, ""1D Min"": 23378.39, ""1D Max"": 23836.61, ""Call Resistance 0DTE"": 23600.0, ""Put Support 0DTE"": 23460.0, ""HVL 0DTE"": 23530.0, ""Gamma Wall 0DTE"": 23600.0, ""GEX 1"": 23500.0, ""GEX 2"": 23800.0, ""GEX 3"": 23750.0, ""GEX 4"": 23400.0, ""GEX 5"": 23650.0, ""GEX 6"": 23300.0, ""GEX 7"": 23850.0, ""GEX 8"": 23200.0, ""GEX 9"": 23350.0, ""GEX 10"": 23950.0}",positive,2428220.643301086,0.5637065637065637,229.11000000000058,42008487,False,True,,s3_1200_1330,above,GEX 5,23650.0,8.75,0.03819126183929107,Call Resistance 0DTE|Gamma Wall 0DTE,23600.0,41.25,0.18004452009951505,False,all_19,0.11893850115664935,0.11893850115664935,False,False,evaluated,none
420a6f0f-46c0-5da2-9bed-dd77083ba90d,,,2025-08-27T18:15:00+00:00,23650.0,0.25,2025-08-27,2025-08-26,aeb8bad860db92863af8c5db289eb426dcf765061783264e1a527cd39dac9553,"{""Call Resistance"": 24000.0, ""Put Support"": 23000.0, ""HVL"": 23490.0, ""1D Min"": 23378.39, ""1D Max"": 23836.61, ""Call Resistance 0DTE"": 23600.0, ""Put Support 0DTE"": 23460.0, ""HVL 0DTE"": 23530.0, ""Gamma Wall 0DTE"": 23600.0, ""GEX 1"": 23500.0, ""GEX 2"": 23800.0, ""GEX 3"": 23750.0, ""GEX 4"": 23400.0, ""GEX 5"": 23650.0, ""GEX 6"": 23300.0, ""GEX 7"": 23850.0, ""GEX 8"": 23200.0, ""GEX 9"": 23350.0, ""GEX 10"": 23950.0}",positive,2428220.643301086,0.5637065637065637,229.11000000000058,42008487,False,True,,s3_1200_1330,above,GEX 3,23750.0,100.0,0.43647156387761227,Call Resistance 0DTE|Gamma Wall 0DTE,23600.0,50.0,0.21823578193880613,False,all_19,0.15385622626685833,0.15385622626685833,False,False,evaluated,none
d34551c7-fba6-58a0-8c5c-351db0ddb9fd,,,2025-08-27T18:16:00+00:00,23651.5,0.25,2025-08-27,2025-08-26,aeb8bad860db92863af8c5db289eb426dcf765061783264e1a527cd39dac9553,"{""Call Resistance"": 24000.0, ""Put Support"": 23000.0, ""HVL"": 23490.0, ""1D Min"": 23378.39, ""1D Max"": 23836.61, ""Call Resistance 0DTE"": 23600.0, ""Put Support 0DTE"": 23460.0, ""HVL 0DTE"": 23530.0, ""Gamma Wall 0DTE"": 23600.0, ""GEX 1"": 23500.0, ""GEX 2"": 23800.0, ""GEX 3"": 23750.0, ""GEX 4"": 23400.0, ""GEX 5"": 23650.0, ""GEX 6"": 23300.0, ""GEX 7"": 23850.0, ""GEX 8"": 23200.0, ""GEX 9"": 23350.0, ""GEX 10"": 23950.0}",positive,2428220.643301086,0.5637065637065637,229.11000000000058,42008487,False,True,,s3_1200_1330,above,GEX 3,23750.0,98.5,0.4299244904194481,GEX 5,23650.0,1.5,0.006547073458164184,False,all_19,0.19204748810614938,0.19204748810614938,False,False,evaluated,none
372d1f18-789a-5854-b12c-47050a17e187,,,2025-08-27T18:25:00+00:00,23653.0,0.25,2025-08-27,2025-08-26,aeb8bad860db92863af8c5db289eb426dcf765061783264e1a527cd39dac9553,"{""Call Resistance"": 24000.0, ""Put Support"": 23000.0, ""HVL"": 23490.0, ""1D Min"": 23378.39, ""1D Max"": 23836.61, ""Call Resistance 0DTE"": 23600.0, ""Put Support 0DTE"": 23460.0, ""HVL 0DTE"": 23530.0, ""Gamma Wall 0DTE"": 23600.0, ""GEX 1"": 23500.0, ""GEX 2"": 23800.0, ""GEX 3"": 23750.0, ""GEX 4"": 23400.0, ""GEX 5"": 23650.0, ""GEX 6"": 23300.0, ""GEX 7"": 23850.0, ""GEX 8"": 23200.0, ""GEX 9"": 23350.0, ""GEX 10"": 23950.0}",positive,2428220.643301086,0.5637065637065637,229.11000000000058,42008487,False,True,,s3_1200_1330,above,GEX 3,23750.0,97.0,0.4233774169612839,GEX 5,23650.0,3.0,0.013094146916328368,False,all_19,0.21823578193880613,0.21823578193880613,False,False,evaluated,none
9b9fc094-76d7-5404-ba51-d87bd1cc4165,,,2025-08-27T22:52:00+00:00,23531.0,0.25,2025-08-27,,aeb8bad860db92863af8c5db289eb426dcf765061783264e1a527cd39dac9553,"{""Call Resistance"": null, ""Put Support"": null, ""HVL"": null, ""1D Min"": null, ""1D Max"": null, ""Call Resistance 0DTE"": null, ""Put Support 0DTE"": null, ""HVL 0DTE"": null, ""Gamma Wall 0DTE"": null, ""GEX 1"": null, ""GEX 2"": null, ""GEX 3"": null, ""GEX 4"": null, ""GEX 5"": null, ""GEX 6"": null, ""GEX 7"": null, ""GEX 8"": null, ""GEX 9"": null, ""GEX 10"": null}",unknown,,,,42008487,False,False,after_1700,outside_cash,,,,,,,,,,,all_19,,,,,not_applicable_outside_hours,asia
93685a71-4305-514e-9c2c-7daba369440d,,,2025-08-27T22:53:00+00:00,23531.75,0.25,2025-08-27,,aeb8bad860db92863af8c5db289eb426dcf765061783264e1a527cd39dac9553,"{""Call Resistance"": null, ""Put Support"": null, ""HVL"": null, ""1D Min"": null, ""1D Max"": null, ""Call Resistance 0DTE"": null, ""Put Support 0DTE"": null, ""HVL 0DTE"": null, ""Gamma Wall 0DTE"": null, ""GEX 1"": null, ""GEX 2"": null, ""GEX 3"": null, ""GEX 4"": null, ""GEX 5"": null, ""GEX 6"": null, ""GEX 7"": null, ""GEX 8"": null, ""GEX 9"": null, ""GEX 10"": null}",unknown,,,,42008487,False,False,after_1700,outside_cash,,,,,,,,,,,all_19,,,,,not_applicable_outside_hours,asia
cb2ca4ff-980c-581f-a4ab-0e7d116a1925,,,2025-08-27T22:55:00+00:00,23524.75,0.25,2025-08-27,,aeb8bad860db92863af8c5db289eb426dcf765061783264e1a527cd39dac9553,"{""Call Resistance"": null, ""Put Support"": null, ""HVL"": null, ""1D Min"": null, ""1D Max"": null, ""Call Resistance 0DTE"": null, ""Put Support 0DTE"": null, ""HVL 0DTE"": null, ""Gamma Wall 0DTE"": null, ""GEX 1"": null, ""GEX 2"": null, ""GEX 3"": null, ""GEX 4"": null, ""GEX 5"": null, ""GEX 6"": null, ""GEX 7"": null, ""GEX 8"": null, ""GEX 9"": null, ""GEX 10"": null}",unknown,,,,42008487,False,False,after_1700,outside_cash,,,,,,,,,,,all_19,,,,,not_applicable_outside_hours,asia
6fa9cc44-bda1-5a62-942e-a39ae3003875,,,2025-08-28T01:28:00+00:00,23529.25,0.25,2025-08-27,,aeb8bad860db92863af8c5db289eb426dcf765061783264e1a527cd39dac9553,"{""Call Resistance"": null, ""Put Support"": null, ""HVL"": null, ""1D Min"": null, ""1D Max"": null, ""Call Resistance 0DTE"": null, ""Put Support 0DTE"": null, ""HVL 0DTE"": null, ""Gamma Wall 0DTE"": null, ""GEX 1"": null, ""GEX 2"": null, ""GEX 3"": null, ""GEX 4"": null, ""GEX 5"": null, ""GEX 6"": null, ""GEX 7"": null, ""GEX 8"": null, ""GEX 9"": null, ""GEX 10"": null}",unknown,,,,42008487,False,False,after_1700,outside_cash,,,,,,,,,,,all_19,,,,,not_applicable_outside_hours,asia
a5a62c68-c510-5f82-a80c-e05c7234dbb6,,,2025-08-28T01:28:00+00:00,23529.25,0.25,2025-08-27,,aeb8bad860db92863af8c5db289eb426dcf765061783264e1a527cd39dac9553,"{""Call Resistance"": null, ""Put Support"": null, ""HVL"": null, ""1D Min"": null, ""1D Max"": null, ""Call Resistance 0DTE"": null, ""Put Support 0DTE"": null, ""HVL 0DTE"": null, ""Gamma Wall 0DTE"": null, ""GEX 1"": null, ""GEX 2"": null, ""GEX 3"": null, ""GEX 4"": null, ""GEX 5"": null, ""GEX 6"": null, ""GEX 7"": null, ""GEX 8"": null, ""GEX 9"": null, ""GEX 10"": null}",unknown,,,,42008487,False,False,after_1700,outside_cash,,,,,,,,,,,all_19,,,,,not_applicable_outside_hours,asia
4ee89cf2-cfde-5f6e-8daf-0348460bc47d,,,2025-08-28T01:39:00+00:00,23533.5,0.25,2025-08-27,,aeb8bad860db92863af8c5db289eb426dcf765061783264e1a527cd39dac9553,"{""Call Resistance"": null, ""Put Support"": null, ""HVL"": null, ""1D Min"": null, ""1D Max"": null, ""Call Resistance 0DTE"": null, ""Put Support 0DTE"": null, ""HVL 0DTE"": null, ""Gamma Wall 0DTE"": null, ""GEX 1"": null, ""GEX 2"": null, ""GEX 3"": null, ""GEX 4"": null, ""GEX 5"": null, ""GEX 6"": null, ""GEX 7"": null, ""GEX 8"": null, ""GEX 9"": null, ""GEX 10"": null}",unknown,,,,42008487,False,False,after_1700,outside_cash,,,,,,,,,,,all_19,,,,,not_applicable_outside_hours,asia
f5afb605-ffe5-554a-8376-5cfb6651fd9a,,,2025-08-28T01:55:00+00:00,23548.25,0.25,2025-08-27,,aeb8bad860db92863af8c5db289eb426dcf765061783264e1a527cd39dac9553,"{""Call Resistance"": null, ""Put Support"": null, ""HVL"": null, ""1D Min"": null, ""1D Max"": null, ""Call Resistance 0DTE"": null, ""Put Support 0DTE"": null, ""HVL 0DTE"": null, ""Gamma Wall 0DTE"": null, ""GEX 1"": null, ""GEX 2"": null, ""GEX 3"": null, ""GEX 4"": null, ""GEX 5"": null, ""GEX 6"": null, ""GEX 7"": null, ""GEX 8"": null, ""GEX 9"": null, ""GEX 10"": null}",unknown,,,,42008487,False,False,after_1700,outside_cash,,,,,,,,,,,all_19,,,,,not_applicable_outside_hours,asia
44212b0e-f6b5-5abc-add8-16b9ca9ddbd4,,,2025-08-28T02:05:00+00:00,23550.0,0.25,2025-08-27,,aeb8bad860db92863af8c5db289eb426dcf765061783264e1a527cd39dac9553,"{""Call Resistance"": null, ""Put Support"": null, ""HVL"": null, ""1D Min"": null, ""1D Max"": null, ""Call Resistance 0DTE"": null, ""Put Support 0DTE"": null, ""HVL 0DTE"": null, ""Gamma Wall 0DTE"": null, ""GEX 1"": null, ""GEX 2"": null, ""GEX 3"": null, ""GEX 4"": null, ""GEX 5"": null, ""GEX 6"": null, ""GEX 7"": null, ""GEX 8"": null, ""GEX 9"": null, ""GEX 10"": null}",unknown,,,,42008487,False,False,after_1700,outside_cash,,,,,,,,,,,all_19,,,,,not_applicable_outside_hours,asia
bd71dc32-e4a3-57e1-b88c-658ff9216155,,,2025-08-28T02:19:00+00:00,23556.5,0.25,2025-08-27,,aeb8bad860db92863af8c5db289eb426dcf765061783264e1a527cd39dac9553,"{""Call Resistance"": null, ""Put Support"": null, ""HVL"": null, ""1D Min"": null, ""1D Max"": null, ""Call Resistance 0DTE"": null, ""Put Support 0DTE"": null, ""HVL 0DTE"": null, ""Gamma Wall 0DTE"": null, ""GEX 1"": null, ""GEX 2"": null, ""GEX 3"": null, ""GEX 4"": null, ""GEX 5"": null, ""GEX 6"": null, ""GEX 7"": null, ""GEX 8"": null, ""GEX 9"": null, ""GEX 10"": null}",unknown,,,,42008487,False,False,after_1700,outside_cash,,,,,,,,,,,all_19,,,,,not_applicable_outside_hours,asia
14de5e76-cbc9-5538-b4e4-2086c2f30616,,,2025-08-28T02:20:00+00:00,23557.0,0.25,2025-08-27,,aeb8bad860db92863af8c5db289eb426dcf765061783264e1a527cd39dac9553,"{""Call Resistance"": null, ""Put Support"": null, ""HVL"": null, ""1D Min"": null, ""1D Max"": null, ""Call Resistance 0DTE"": null, ""Put Support 0DTE"": null, ""HVL 0DTE"": null, ""Gamma Wall 0DTE"": null, ""GEX 1"": null, ""GEX 2"": null, ""GEX 3"": null, ""GEX 4"": null, ""GEX 5"": null, ""GEX 6"": null, ""GEX 7"": null, ""GEX 8"": null, ""GEX 9"": null, ""GEX 10"": null}",unknown,,,,42008487,False,False,after_1700,outside_cash,,,,,,,,,,,all_19,,,,,not_applicable_outside_hours,asia
8c930199-afa7-5760-bca2-99dfe3c4ae62,,,2025-08-28T02:42:00+00:00,23556.25,0.25,2025-08-27,,aeb8bad860db92863af8c5db289eb426dcf765061783264e1a527cd39dac9553,"{""Call Resistance"": null, ""Put Support"": null, ""HVL"": null, ""1D Min"": null, ""1D Max"": null, ""Call Resistance 0DTE"": null, ""Put Support 0DTE"": null, ""HVL 0DTE"": null, ""Gamma Wall 0DTE"": null, ""GEX 1"": null, ""GEX 2"": null, ""GEX 3"": null, ""GEX 4"": null, ""GEX 5"": null, ""GEX 6"": null, ""GEX 7"": null, ""GEX 8"": null, ""GEX 9"": null, ""GEX 10"": null}",unknown,,,,42008487,False,False,after_1700,outside_cash,,,,,,,,,,,all_19,,,,,not_applicable_outside_hours,asia
e8e742ab-d89f-5f61-a480-eded607a75d4,,,2025-08-28T02:43:00+00:00,23555.5,0.25,2025-08-27,,aeb8bad860db92863af8c5db289eb426dcf765061783264e1a527cd39dac9553,"{""Call Resistance"": null, ""Put Support"": null, ""HVL"": null, ""1D Min"": null, ""1D Max"": null, ""Call Resistance 0DTE"": null, ""Put Support 0DTE"": null, ""HVL 0DTE"": null, ""Gamma Wall 0DTE"": null, ""GEX 1"": null, ""GEX 2"": null, ""GEX 3"": null, ""GEX 4"": null, ""GEX 5"": null, ""GEX 6"": null, ""GEX 7"": null, ""GEX 8"": null, ""GEX 9"": null, ""GEX 10"": null}",unknown,,,,42008487,False,False,after_1700,outside_cash,,,,,,,,,,,all_19,,,,,not_applicable_outside_hours,asia
a0d79423-a61f-53ae-86ac-a7182c3e40f6,,,2025-08-28T03:26:00+00:00,23576.5,0.25,2025-08-27,,aeb8bad860db92863af8c5db289eb426dcf765061783264e1a527cd39dac9553,"{""Call Resistance"": null, ""Put Support"": null, ""HVL"": null, ""1D Min"": null, ""1D Max"": null, ""Call Resistance 0DTE"": null, ""Put Support 0DTE"": null, ""HVL 0DTE"": null, ""Gamma Wall 0DTE"": null, ""GEX 1"": null, ""GEX 2"": null, ""GEX 3"": null, ""GEX 4"": null, ""GEX 5"": null, ""GEX 6"": null, ""GEX 7"": null, ""GEX 8"": null, ""GEX 9"": null, ""GEX 10"": null}",unknown,,,,42008487,False,False,after_1700,outside_cash,,,,,,,,,,,all_19,,,,,not_applicable_outside_hours,asia
ae9e3253-e12f-52e2-998f-5ca7a928feac,,,2025-08-28T03:44:00+00:00,23573.25,0.25,2025-08-27,,aeb8bad860db92863af8c5db289eb426dcf765061783264e1a527cd39dac9553,"{""Call Resistance"": null, ""Put Support"": null, ""HVL"": null, ""1D Min"": null, ""1D Max"": null, ""Call Resistance 0DTE"": null, ""Put Support 0DTE"": null, ""HVL 0DTE"": null, ""Gamma Wall 0DTE"": null, ""GEX 1"": null, ""GEX 2"": null, ""GEX 3"": null, ""GEX 4"": null, ""GEX 5"": null, ""GEX 6"": null, ""GEX 7"": null, ""GEX 8"": null, ""GEX 9"": null, ""GEX 10"": null}",unknown,,,,42008487,False,False,after_1700,outside_cash,,,,,,,,,,,all_19,,,,,not_applicable_outside_hours,asia
9250ebe5-a5d2-54af-9201-dca82de2fcf5,,,2025-09-03T03:16:00+00:00,23326.5,0.25,2025-09-02,,aeb8bad860db92863af8c5db289eb426dcf765061783264e1a527cd39dac9553,"{""Call Resistance"": null, ""Put Support"": null, ""HVL"": null, ""1D Min"": null, ""1D Max"": null, ""Call Resistance 0DTE"": null, ""Put Support 0DTE"": null, ""HVL 0DTE"": null, ""Gamma Wall 0DTE"": null, ""GEX 1"": null, ""GEX 2"": null, ""GEX 3"": null, ""GEX 4"": null, ""GEX 5"": null, ""GEX 6"": null, ""GEX 7"": null, ""GEX 8"": null, ""GEX 9"": null, ""GEX 10"": null}",unknown,,,,42008487,False,False,after_1700,outside_cash,,,,,,,,,,,all_19,,,,,not_applicable_outside_hours,asia
e15f3bb2-4bbc-573e-87b3-267ebb5b12a9,,,2025-09-03T07:04:00+00:00,23357.5,0.25,2025-09-03,,aeb8bad860db92863af8c5db289eb426dcf765061783264e1a527cd39dac9553,"{""Call Resistance"": null, ""Put Support"": null, ""HVL"": null, ""1D Min"": null, ""1D Max"": null, ""Call Resistance 0DTE"": null, ""Put Support 0DTE"": null, ""HVL 0DTE"": null, ""Gamma Wall 0DTE"": null, ""GEX 1"": null, ""GEX 2"": null, ""GEX 3"": null, ""GEX 4"": null, ""GEX 5"": null, ""GEX 6"": null, ""GEX 7"": null, ""GEX 8"": null, ""GEX 9"": null, ""GEX 10"": null}",unknown,,,,42008487,False,False,before_0600,outside_cash,,,,,,,,,,,all_19,,,,,not_applicable_outside_hours,london
ff180b03-4766-5bb4-a2e8-8894b7d59901,,,2025-09-03T07:05:00+00:00,23361.0,0.25,2025-09-03,,aeb8bad860db92863af8c5db289eb426dcf765061783264e1a527cd39dac9553,"{""Call Resistance"": null, ""Put Support"": null, ""HVL"": null, ""1D Min"": null, ""1D Max"": null, ""Call Resistance 0DTE"": null, ""Put Support 0DTE"": null, ""HVL 0DTE"": null, ""Gamma Wall 0DTE"": null, ""GEX 1"": null, ""GEX 2"": null, ""GEX 3"": null, ""GEX 4"": null, ""GEX 5"": null, ""GEX 6"": null, ""GEX 7"": null, ""GEX 8"": null, ""GEX 9"": null, ""GEX 10"": null}",unknown,,,,42008487,False,False,before_0600,outside_cash,,,,,,,,,,,all_19,,,,,not_applicable_outside_hours,london
54578271-329d-594e-a8e7-276687fc7b37,,,2025-09-03T07:08:00+00:00,23350.25,0.25,2025-09-03,,aeb8bad860db92863af8c5db289eb426dcf765061783264e1a527cd39dac9553,"{""Call Resistance"": null, ""Put Support"": null, ""HVL"": null, ""1D Min"": null, ""1D Max"": null, ""Call Resistance 0DTE"": null, ""Put Support 0DTE"": null, ""HVL 0DTE"": null, ""Gamma Wall 0DTE"": null, ""GEX 1"": null, ""GEX 2"": null, ""GEX 3"": null, ""GEX 4"": null, ""GEX 5"": null, ""GEX 6"": null, ""GEX 7"": null, ""GEX 8"": null, ""GEX 9"": null, ""GEX 10"": null}",unknown,,,,42008487,False,False,before_0600,outside_cash,,,,,,,,,,,all_19,,,,,not_applicable_outside_hours,london
4f58d3f8-7e08-5aa2-8a35-e4a9de6d3127,,,2025-09-03T07:25:00+00:00,23346.75,0.25,2025-09-03,,aeb8bad860db92863af8c5db289eb426dcf765061783264e1a527cd39dac9553,"{""Call Resistance"": null, ""Put Support"": null, ""HVL"": null, ""1D Min"": null, ""1D Max"": null, ""Call Resistance 0DTE"": null, ""Put Support 0DTE"": null, ""HVL 0DTE"": null, ""Gamma Wall 0DTE"": null, ""GEX 1"": null, ""GEX 2"": null, ""GEX 3"": null, ""GEX 4"": null, ""GEX 5"": null, ""GEX 6"": null, ""GEX 7"": null, ""GEX 8"": null, ""GEX 9"": null, ""GEX 10"": null}",unknown,,,,42008487,False,False,before_0600,outside_cash,,,,,,,,,,,all_19,,,,,not_applicable_outside_hours,london
3f1ef453-c586-51b4-a97f-e10fc12e8d29,,,2025-09-03T07:26:00+00:00,23344.0,0.25,2025-09-03,,aeb8bad860db92863af8c5db289eb426dcf765061783264e1a527cd39dac9553,"{""Call Resistance"": null, ""Put Support"": null, ""HVL"": null, ""1D Min"": null, ""1D Max"": null, ""Call Resistance 0DTE"": null, ""Put Support 0DTE"": null, ""HVL 0DTE"": null, ""Gamma Wall 0DTE"": null, ""GEX 1"": null, ""GEX 2"": null, ""GEX 3"": null, ""GEX 4"": null, ""GEX 5"": null, ""GEX 6"": null, ""GEX 7"": null, ""GEX 8"": null, ""GEX 9"": null, ""GEX 10"": null}",unknown,,,,42008487,False,False,before_0600,outside_cash,,,,,,,,,,,all_19,,,,,not_applicable_outside_hours,london
5233053c-0be6-56fa-b005-7e8de3745074,,,2025-09-03T07:29:00+00:00,23359.25,0.25,2025-09-03,,aeb8bad860db92863af8c5db289eb426dcf765061783264e1a527cd39dac9553,"{""Call Resistance"": null, ""Put Support"": null, ""HVL"": null, ""1D Min"": null, ""1D Max"": null, ""Call Resistance 0DTE"": null, ""Put Support 0DTE"": null, ""HVL 0DTE"": null, ""Gamma Wall 0DTE"": null, ""GEX 1"": null, ""GEX 2"": null, ""GEX 3"": null, ""GEX 4"": null, ""GEX 5"": null, ""GEX 6"": null, ""GEX 7"": null, ""GEX 8"": null, ""GEX 9"": null, ""GEX 10"": null}",unknown,,,,42008487,False,False,before_0600,outside_cash,,,,,,,,,,,all_19,,,,,not_applicable_outside_hours,london
e909f869-8bcd-5865-aff6-54dfe64e4d29,,,2025-09-03T07:30:00+00:00,23356.0,0.25,2025-09-03,,aeb8bad860db92863af8c5db289eb426dcf765061783264e1a527cd39dac9553,"{""Call Resistance"": null, ""Put Support"": null, ""HVL"": null, ""1D Min"": null, ""1D Max"": null, ""Call Resistance 0DTE"": null, ""Put Support 0DTE"": null, ""HVL 0DTE"": null, ""Gamma Wall 0DTE"": null, ""GEX 1"": null, ""GEX 2"": null, ""GEX 3"": null, ""GEX 4"": null, ""GEX 5"": null, ""GEX 6"": null, ""GEX 7"": null, ""GEX 8"": null, ""GEX 9"": null, ""GEX 10"": null}",unknown,,,,42008487,False,False,before_0600,outside_cash,,,,,,,,,,,all_19,,,,,not_applicable_outside_hours,london
c5cd3914-f617-5020-b4d0-619fe1678cb5,,,2025-09-03T07:38:00+00:00,23361.75,0.25,2025-09-03,,aeb8bad860db92863af8c5db289eb426dcf765061783264e1a527cd39dac9553,"{""Call Resistance"": null, ""Put Support"": null, ""HVL"": null, ""1D Min"": null, ""1D Max"": null, ""Call Resistance 0DTE"": null, ""Put Support 0DTE"": null, ""HVL 0DTE"": null, ""Gamma Wall 0DTE"": null, ""GEX 1"": null, ""GEX 2"": null, ""GEX 3"": null, ""GEX 4"": null, ""GEX 5"": null, ""GEX 6"": null, ""GEX 7"": null, ""GEX 8"": null, ""GEX 9"": null, ""GEX 10"": null}",unknown,,,,42008487,False,False,before_0600,outside_cash,,,,,,,,,,,all_19,,,,,not_applicable_outside_hours,london
f68f377a-f9a1-5f4e-9483-ec134b6f7895,,,2025-09-03T07:39:00+00:00,23361.0,0.25,2025-09-03,,aeb8bad860db92863af8c5db289eb426dcf765061783264e1a527cd39dac9553,"{""Call Resistance"": null, ""Put Support"": null, ""HVL"": null, ""1D Min"": null, ""1D Max"": null, ""Call Resistance 0DTE"": null, ""Put Support 0DTE"": null, ""HVL 0DTE"": null, ""Gamma Wall 0DTE"": null, ""GEX 1"": null, ""GEX 2"": null, ""GEX 3"": null, ""GEX 4"": null, ""GEX 5"": null, ""GEX 6"": null, ""GEX 7"": null, ""GEX 8"": null, ""GEX 9"": null, ""GEX 10"": null}",unknown,,,,42008487,False,False,before_0600,outside_cash,,,,,,,,,,,all_19,,,,,not_applicable_outside_hours,london
f1ec404b-4c7d-5d8b-b117-8e953f8881aa,,,2025-09-03T07:48:00+00:00,23366.25,0.25,2025-09-03,,aeb8bad860db92863af8c5db289eb426dcf765061783264e1a527cd39dac9553,"{""Call Resistance"": null, ""Put Support"": null, ""HVL"": null, ""1D Min"": null, ""1D Max"": null, ""Call Resistance 0DTE"": null, ""Put Support 0DTE"": null, ""HVL 0DTE"": null, ""Gamma Wall 0DTE"": null, ""GEX 1"": null, ""GEX 2"": null, ""GEX 3"": null, ""GEX 4"": null, ""GEX 5"": null, ""GEX 6"": null, ""GEX 7"": null, ""GEX 8"": null, ""GEX 9"": null, ""GEX 10"": null}",unknown,,,,42008487,False,False,before_0600,outside_cash,,,,,,,,,,,all_19,,,,,not_applicable_outside_hours,london
ea98f07a-bf77-5021-a4ae-d9c68991b7e3,,,2025-09-03T07:53:00+00:00,23373.25,0.25,2025-09-03,,aeb8bad860db92863af8c5db289eb426dcf765061783264e1a527cd39dac9553,"{""Call Resistance"": null, ""Put Support"": null, ""HVL"": null, ""1D Min"": null, ""1D Max"": null, ""Call Resistance 0DTE"": null, ""Put Support 0DTE"": null, ""HVL 0DTE"": null, ""Gamma Wall 0DTE"": null, ""GEX 1"": null, ""GEX 2"": null, ""GEX 3"": null, ""GEX 4"": null, ""GEX 5"": null, ""GEX 6"": null, ""GEX 7"": null, ""GEX 8"": null, ""GEX 9"": null, ""GEX 10"": null}",unknown,,,,42008487,False,False,before_0600,outside_cash,,,,,,,,,,,all_19,,,,,not_applicable_outside_hours,london
708e36cb-eda8-55f0-8385-d1735007b5ef,,,2025-09-03T08:05:00+00:00,23389.5,0.25,2025-09-03,,aeb8bad860db92863af8c5db289eb426dcf765061783264e1a527cd39dac9553,"{""Call Resistance"": null, ""Put Support"": null, ""HVL"": null, ""1D Min"": null, ""1D Max"": null, ""Call Resistance 0DTE"": null, ""Put Support 0DTE"": null, ""HVL 0DTE"": null, ""Gamma Wall 0DTE"": null, ""GEX 1"": null, ""GEX 2"": null, ""GEX 3"": null, ""GEX 4"": null, ""GEX 5"": null, ""GEX 6"": null, ""GEX 7"": null, ""GEX 8"": null, ""GEX 9"": null, ""GEX 10"": null}",unknown,,,,42008487,False,False,before_0600,outside_cash,,,,,,,,,,,all_19,,,,,not_applicable_outside_hours,london
504eafc7-5ad3-55e7-88ba-3be2a9ca6631,,,2025-09-03T08:06:00+00:00,23388.5,0.25,2025-09-03,,aeb8bad860db92863af8c5db289eb426dcf765061783264e1a527cd39dac9553,"{""Call Resistance"": null, ""Put Support"": null, ""HVL"": null, ""1D Min"": null, ""1D Max"": null, ""Call Resistance 0DTE"": null, ""Put Support 0DTE"": null, ""HVL 0DTE"": null, ""Gamma Wall 0DTE"": null, ""GEX 1"": null, ""GEX 2"": null, ""GEX 3"": null, ""GEX 4"": null, ""GEX 5"": null, ""GEX 6"": null, ""GEX 7"": null, ""GEX 8"": null, ""GEX 9"": null, ""GEX 10"": null}",unknown,,,,42008487,False,False,before_0600,outside_cash,,,,,,,,,,,all_19,,,,,not_applicable_outside_hours,london
79730f72-a73b-54bb-9446-06421f84e206,,,2025-09-03T08:09:00+00:00,23399.5,0.25,2025-09-03,,aeb8bad860db92863af8c5db289eb426dcf765061783264e1a527cd39dac9553,"{""Call Resistance"": null, ""Put Support"": null, ""HVL"": null, ""1D Min"": null, ""1D Max"": null, ""Call Resistance 0DTE"": null, ""Put Support 0DTE"": null, ""HVL 0DTE"": null, ""Gamma Wall 0DTE"": null, ""GEX 1"": null, ""GEX 2"": null, ""GEX 3"": null, ""GEX 4"": null, ""GEX 5"": null, ""GEX 6"": null, ""GEX 7"": null, ""GEX 8"": null, ""GEX 9"": null, ""GEX 10"": null}",unknown,,,,42008487,False,False,before_0600,outside_cash,,,,,,,,,,,all_19,,,,,not_applicable_outside_hours,london
cfe5b39e-cc07-5cbc-aa66-78e8965b953a,,,2025-09-03T08:10:00+00:00,23403.0,0.25,2025-09-03,,aeb8bad860db92863af8c5db289eb426dcf765061783264e1a527cd39dac9553,"{""Call Resistance"": null, ""Put Support"": null, ""HVL"": null, ""1D Min"": null, ""1D Max"": null, ""Call Resistance 0DTE"": null, ""Put Support 0DTE"": null, ""HVL 0DTE"": null, ""Gamma Wall 0DTE"": null, ""GEX 1"": null, ""GEX 2"": null, ""GEX 3"": null, ""GEX 4"": null, ""GEX 5"": null, ""GEX 6"": null, ""GEX 7"": null, ""GEX 8"": null, ""GEX 9"": null, ""GEX 10"": null}",unknown,,,,42008487,False,False,before_0600,outside_cash,,,,,,,,,,,all_19,,,,,not_applicable_outside_hours,london
367d7853-dd27-5dea-a3cc-e1eb9542052a,,,2025-09-03T08:15:00+00:00,23412.5,0.25,2025-09-03,,aeb8bad860db92863af8c5db289eb426dcf765061783264e1a527cd39dac9553,"{""Call Resistance"": null, ""Put Support"": null, ""HVL"": null, ""1D Min"": null, ""1D Max"": null, ""Call Resistance 0DTE"": null, ""Put Support 0DTE"": null, ""HVL 0DTE"": null, ""Gamma Wall 0DTE"": null, ""GEX 1"": null, ""GEX 2"": null, ""GEX 3"": null, ""GEX 4"": null, ""GEX 5"": null, ""GEX 6"": null, ""GEX 7"": null, ""GEX 8"": null, ""GEX 9"": null, ""GEX 10"": null}",unknown,,,,42008487,False,False,before_0600,outside_cash,,,,,,,,,,,all_19,,,,,not_applicable_outside_hours,london
4c03b1fc-7dca-58e8-bc42-26bd94594426,,,2025-09-03T08:16:00+00:00,23417.5,0.25,2025-09-03,,aeb8bad860db92863af8c5db289eb426dcf765061783264e1a527cd39dac9553,"{""Call Resistance"": null, ""Put Support"": null, ""HVL"": null, ""1D Min"": null, ""1D Max"": null, ""Call Resistance 0DTE"": null, ""Put Support 0DTE"": null, ""HVL 0DTE"": null, ""Gamma Wall 0DTE"": null, ""GEX 1"": null, ""GEX 2"": null, ""GEX 3"": null, ""GEX 4"": null, ""GEX 5"": null, ""GEX 6"": null, ""GEX 7"": null, ""GEX 8"": null, ""GEX 9"": null, ""GEX 10"": null}",unknown,,,,42008487,False,False,before_0600,outside_cash,,,,,,,,,,,all_19,,,,,not_applicable_outside_hours,london
88e57056-43b8-50e9-b7ea-95aef8a92e6a,,,2026-04-02T23:58:00+00:00,24211.75,0.25,2026-04-02,,aeb8bad860db92863af8c5db289eb426dcf765061783264e1a527cd39dac9553,"{""Call Resistance"": null, ""Put Support"": null, ""HVL"": null, ""1D Min"": null, ""1D Max"": null, ""Call Resistance 0DTE"": null, ""Put Support 0DTE"": null, ""HVL 0DTE"": null, ""Gamma Wall 0DTE"": null, ""GEX 1"": null, ""GEX 2"": null, ""GEX 3"": null, ""GEX 4"": null, ""GEX 5"": null, ""GEX 6"": null, ""GEX 7"": null, ""GEX 8"": null, ""GEX 9"": null, ""GEX 10"": null}",unknown,,,,42004058,False,False,after_1700,outside_cash,,,,,,,,,,,all_19,,,,,not_applicable_outside_hours,asia
2d399c43-91f4-577d-9e60-64f9ace4e675,,,2026-04-03T00:01:00+00:00,24228.75,0.25,2026-04-02,,aeb8bad860db92863af8c5db289eb426dcf765061783264e1a527cd39dac9553,"{""Call Resistance"": null, ""Put Support"": null, ""HVL"": null, ""1D Min"": null, ""1D Max"": null, ""Call Resistance 0DTE"": null, ""Put Support 0DTE"": null, ""HVL 0DTE"": null, ""Gamma Wall 0DTE"": null, ""GEX 1"": null, ""GEX 2"": null, ""GEX 3"": null, ""GEX 4"": null, ""GEX 5"": null, ""GEX 6"": null, ""GEX 7"": null, ""GEX 8"": null, ""GEX 9"": null, ""GEX 10"": null}",unknown,,,,42004058,False,False,after_1700,outside_cash,,,,,,,,,,,all_19,,,,,not_applicable_outside_hours,asia
88883245-c0e6-524c-8e1d-b734cdd7a1ce,,,2026-04-03T00:02:00+00:00,24248.75,0.25,2026-04-02,,aeb8bad860db92863af8c5db289eb426dcf765061783264e1a527cd39dac9553,"{""Call Resistance"": null, ""Put Support"": null, ""HVL"": null, ""1D Min"": null, ""1D Max"": null, ""Call Resistance 0DTE"": null, ""Put Support 0DTE"": null, ""HVL 0DTE"": null, ""Gamma Wall 0DTE"": null, ""GEX 1"": null, ""GEX 2"": null, ""GEX 3"": null, ""GEX 4"": null, ""GEX 5"": null, ""GEX 6"": null, ""GEX 7"": null, ""GEX 8"": null, ""GEX 9"": null, ""GEX 10"": null}",unknown,,,,42004058,False,False,after_1700,outside_cash,,,,,,,,,,,all_19,,,,,not_applicable_outside_hours,asia
09406c10-5b3f-52d7-81ba-08ebac78f273,,,2026-04-03T00:03:00+00:00,24237.25,0.25,2026-04-02,,aeb8bad860db92863af8c5db289eb426dcf765061783264e1a527cd39dac9553,"{""Call Resistance"": null, ""Put Support"": null, ""HVL"": null, ""1D Min"": null, ""1D Max"": null, ""Call Resistance 0DTE"": null, ""Put Support 0DTE"": null, ""HVL 0DTE"": null, ""Gamma Wall 0DTE"": null, ""GEX 1"": null, ""GEX 2"": null, ""GEX 3"": null, ""GEX 4"": null, ""GEX 5"": null, ""GEX 6"": null, ""GEX 7"": null, ""GEX 8"": null, ""GEX 9"": null, ""GEX 10"": null}",unknown,,,,42004058,False,False,after_1700,outside_cash,,,,,,,,,,,all_19,,,,,not_applicable_outside_hours,asia
769e7fa9-5a5d-529e-8cd1-70ac353f2db1,,,2026-04-03T00:29:00+00:00,24238.75,0.25,2026-04-02,,aeb8bad860db92863af8c5db289eb426dcf765061783264e1a527cd39dac9553,"{""Call Resistance"": null, ""Put Support"": null, ""HVL"": null, ""1D Min"": null, ""1D Max"": null, ""Call Resistance 0DTE"": null, ""Put Support 0DTE"": null, ""HVL 0DTE"": null, ""Gamma Wall 0DTE"": null, ""GEX 1"": null, ""GEX 2"": null, ""GEX 3"": null, ""GEX 4"": null, ""GEX 5"": null, ""GEX 6"": null, ""GEX 7"": null, ""GEX 8"": null, ""GEX 9"": null, ""GEX 10"": null}",unknown,,,,42004058,False,False,after_1700,outside_cash,,,,,,,,,,,all_19,,,,,not_applicable_outside_hours,asia
f43b009b-4fac-583b-bd6d-8caba9553824,,,2026-04-03T00:58:00+00:00,24225.25,0.25,2026-04-02,,aeb8bad860db92863af8c5db289eb426dcf765061783264e1a527cd39dac9553,"{""Call Resistance"": null, ""Put Support"": null, ""HVL"": null, ""1D Min"": null, ""1D Max"": null, ""Call Resistance 0DTE"": null, ""Put Support 0DTE"": null, ""HVL 0DTE"": null, ""Gamma Wall 0DTE"": null, ""GEX 1"": null, ""GEX 2"": null, ""GEX 3"": null, ""GEX 4"": null, ""GEX 5"": null, ""GEX 6"": null, ""GEX 7"": null, ""GEX 8"": null, ""GEX 9"": null, ""GEX 10"": null}",unknown,,,,42004058,False,False,after_1700,outside_cash,,,,,,,,,,,all_19,,,,,not_applicable_outside_hours,asia
b80df611-b079-58e7-a3dc-1448354cb236,,,2026-04-03T01:08:00+00:00,24226.75,0.25,2026-04-02,,aeb8bad860db92863af8c5db289eb426dcf765061783264e1a527cd39dac9553,"{""Call Resistance"": null, ""Put Support"": null, ""HVL"": null, ""1D Min"": null, ""1D Max"": null, ""Call Resistance 0DTE"": null, ""Put Support 0DTE"": null, ""HVL 0DTE"": null, ""Gamma Wall 0DTE"": null, ""GEX 1"": null, ""GEX 2"": null, ""GEX 3"": null, ""GEX 4"": null, ""GEX 5"": null, ""GEX 6"": null, ""GEX 7"": null, ""GEX 8"": null, ""GEX 9"": null, ""GEX 10"": null}",unknown,,,,42004058,False,False,after_1700,outside_cash,,,,,,,,,,,all_19,,,,,not_applicable_outside_hours,asia
15ec3080-71d7-5395-a02d-18d8a62b397a,,,2026-04-03T01:14:00+00:00,24211.75,0.25,2026-04-02,,aeb8bad860db92863af8c5db289eb426dcf765061783264e1a527cd39dac9553,"{""Call Resistance"": null, ""Put Support"": null, ""HVL"": null, ""1D Min"": null, ""1D Max"": null, ""Call Resistance 0DTE"": null, ""Put Support 0DTE"": null, ""HVL 0DTE"": null, ""Gamma Wall 0DTE"": null, ""GEX 1"": null, ""GEX 2"": null, ""GEX 3"": null, ""GEX 4"": null, ""GEX 5"": null, ""GEX 6"": null, ""GEX 7"": null, ""GEX 8"": null, ""GEX 9"": null, ""GEX 10"": null}",unknown,,,,42004058,False,False,after_1700,outside_cash,,,,,,,,,,,all_19,,,,,not_applicable_outside_hours,asia
11d03638-3b9d-5bc8-8213-01b2fa81d927,,,2026-04-05T22:51:00+00:00,24073.0,0.25,2026-04-05,,aeb8bad860db92863af8c5db289eb426dcf765061783264e1a527cd39dac9553,"{""Call Resistance"": null, ""Put Support"": null, ""HVL"": null, ""1D Min"": null, ""1D Max"": null, ""Call Resistance 0DTE"": null, ""Put Support 0DTE"": null, ""HVL 0DTE"": null, ""Gamma Wall 0DTE"": null, ""GEX 1"": null, ""GEX 2"": null, ""GEX 3"": null, ""GEX 4"": null, ""GEX 5"": null, ""GEX 6"": null, ""GEX 7"": null, ""GEX 8"": null, ""GEX 9"": null, ""GEX 10"": null}",unknown,,,,42004058,False,False,after_1700,outside_cash,,,,,,,,,,,all_19,,,,,not_applicable_outside_hours,asia
8fd06426-bdd2-54a7-9069-eeef27158349,,,2026-04-05T22:52:00+00:00,24074.75,0.25,2026-04-05,,aeb8bad860db92863af8c5db289eb426dcf765061783264e1a527cd39dac9553,"{""Call Resistance"": null, ""Put Support"": null, ""HVL"": null, ""1D Min"": null, ""1D Max"": null, ""Call Resistance 0DTE"": null, ""Put Support 0DTE"": null, ""HVL 0DTE"": null, ""Gamma Wall 0DTE"": null, ""GEX 1"": null, ""GEX 2"": null, ""GEX 3"": null, ""GEX 4"": null, ""GEX 5"": null, ""GEX 6"": null, ""GEX 7"": null, ""GEX 8"": null, ""GEX 9"": null, ""GEX 10"": null}",unknown,,,,42004058,False,False,after_1700,outside_cash,,,,,,,,,,,all_19,,,,,not_applicable_outside_hours,asia
d65937a2-f699-5427-a5eb-9635d27e3d6b,,,2026-04-05T23:03:00+00:00,24066.25,0.25,2026-04-05,,aeb8bad860db92863af8c5db289eb426dcf765061783264e1a527cd39dac9553,"{""Call Resistance"": null, ""Put Support"": null, ""HVL"": null, ""1D Min"": null, ""1D Max"": null, ""Call Resistance 0DTE"": null, ""Put Support 0DTE"": null, ""HVL 0DTE"": null, ""Gamma Wall 0DTE"": null, ""GEX 1"": null, ""GEX 2"": null, ""GEX 3"": null, ""GEX 4"": null, ""GEX 5"": null, ""GEX 6"": null, ""GEX 7"": null, ""GEX 8"": null, ""GEX 9"": null, ""GEX 10"": null}",unknown,,,,42004058,False,False,after_1700,outside_cash,,,,,,,,,,,all_19,,,,,not_applicable_outside_hours,asia
59fa77b5-0057-59cd-af46-e09aa0085aac,,,2026-04-05T23:56:00+00:00,24080.0,0.25,2026-04-05,,aeb8bad860db92863af8c5db289eb426dcf765061783264e1a527cd39dac9553,"{""Call Resistance"": null, ""Put Support"": null, ""HVL"": null, ""1D Min"": null, ""1D Max"": null, ""Call Resistance 0DTE"": null, ""Put Support 0DTE"": null, ""HVL 0DTE"": null, ""Gamma Wall 0DTE"": null, ""GEX 1"": null, ""GEX 2"": null, ""GEX 3"": null, ""GEX 4"": null, ""GEX 5"": null, ""GEX 6"": null, ""GEX 7"": null, ""GEX 8"": null, ""GEX 9"": null, ""GEX 10"": null}",unknown,,,,42004058,False,False,after_1700,outside_cash,,,,,,,,,,,all_19,,,,,not_applicable_outside_hours,asia
c1e2e25e-ed36-5bd1-9dcc-ab7df8851045,,,2026-04-05T23:58:00+00:00,24087.0,0.25,2026-04-05,,aeb8bad860db92863af8c5db289eb426dcf765061783264e1a527cd39dac9553,"{""Call Resistance"": null, ""Put Support"": null, ""HVL"": null, ""1D Min"": null, ""1D Max"": null, ""Call Resistance 0DTE"": null, ""Put Support 0DTE"": null, ""HVL 0DTE"": null, ""Gamma Wall 0DTE"": null, ""GEX 1"": null, ""GEX 2"": null, ""GEX 3"": null, ""GEX 4"": null, ""GEX 5"": null, ""GEX 6"": null, ""GEX 7"": null, ""GEX 8"": null, ""GEX 9"": null, ""GEX 10"": null}",unknown,,,,42004058,False,False,after_1700,outside_cash,,,,,,,,,,,all_19,,,,,not_applicable_outside_hours,asia
a7522c33-f219-5e0d-8475-eb6dcb0a9241,,,2026-04-06T00:02:00+00:00,24153.0,0.25,2026-04-05,,aeb8bad860db92863af8c5db289eb426dcf765061783264e1a527cd39dac9553,"{""Call Resistance"": null, ""Put Support"": null, ""HVL"": null, ""1D Min"": null, ""1D Max"": null, ""Call Resistance 0DTE"": null, ""Put Support 0DTE"": null, ""HVL 0DTE"": null, ""Gamma Wall 0DTE"": null, ""GEX 1"": null, ""GEX 2"": null, ""GEX 3"": null, ""GEX 4"": null, ""GEX 5"": null, ""GEX 6"": null, ""GEX 7"": null, ""GEX 8"": null, ""GEX 9"": null, ""GEX 10"": null}",unknown,,,,42004058,False,False,after_1700,outside_cash,,,,,,,,,,,all_19,,,,,not_applicable_outside_hours,asia
6826924f-a0c1-5837-b4f6-47681b8f02b0,,,2026-04-06T03:48:00+00:00,24205.75,0.25,2026-04-05,,aeb8bad860db92863af8c5db289eb426dcf765061783264e1a527cd39dac9553,"{""Call Resistance"": null, ""Put Support"": null, ""HVL"": null, ""1D Min"": null, ""1D Max"": null, ""Call Resistance 0DTE"": null, ""Put Support 0DTE"": null, ""HVL 0DTE"": null, ""Gamma Wall 0DTE"": null, ""GEX 1"": null, ""GEX 2"": null, ""GEX 3"": null, ""GEX 4"": null, ""GEX 5"": null, ""GEX 6"": null, ""GEX 7"": null, ""GEX 8"": null, ""GEX 9"": null, ""GEX 10"": null}",unknown,,,,42004058,False,False,after_1700,outside_cash,,,,,,,,,,,all_19,,,,,not_applicable_outside_hours,asia
eb4aba1a-eaa8-5bd4-860d-54a333eaeaad,,,2026-04-06T04:02:00+00:00,24227.0,0.25,2026-04-05,,aeb8bad860db92863af8c5db289eb426dcf765061783264e1a527cd39dac9553,"{""Call Resistance"": null, ""Put Support"": null, ""HVL"": null, ""1D Min"": null, ""1D Max"": null, ""Call Resistance 0DTE"": null, ""Put Support 0DTE"": null, ""HVL 0DTE"": null, ""Gamma Wall 0DTE"": null, ""GEX 1"": null, ""GEX 2"": null, ""GEX 3"": null, ""GEX 4"": null, ""GEX 5"": null, ""GEX 6"": null, ""GEX 7"": null, ""GEX 8"": null, ""GEX 9"": null, ""GEX 10"": null}",unknown,,,,42004058,False,False,after_1700,outside_cash,,,,,,,,,,,all_19,,,,,not_applicable_outside_hours,asia
a8ccd2ba-7182-59aa-af35-2b5cbb427ce0,,,2026-04-06T04:03:00+00:00,24224.75,0.25,2026-04-05,,aeb8bad860db92863af8c5db289eb426dcf765061783264e1a527cd39dac9553,"{""Call Resistance"": null, ""Put Support"": null, ""HVL"": null, ""1D Min"": null, ""1D Max"": null, ""Call Resistance 0DTE"": null, ""Put Support 0DTE"": null, ""HVL 0DTE"": null, ""Gamma Wall 0DTE"": null, ""GEX 1"": null, ""GEX 2"": null, ""GEX 3"": null, ""GEX 4"": null, ""GEX 5"": null, ""GEX 6"": null, ""GEX 7"": null, ""GEX 8"": null, ""GEX 9"": null, ""GEX 10"": null}",unknown,,,,42004058,False,False,after_1700,outside_cash,,,,,,,,,,,all_19,,,,,not_applicable_outside_hours,asia
3304dbe4-60d1-5ba1-85e2-122ea5dad52b,,,2026-04-06T04:13:00+00:00,24227.75,0.25,2026-04-05,,aeb8bad860db92863af8c5db289eb426dcf765061783264e1a527cd39dac9553,"{""Call Resistance"": null, ""Put Support"": null, ""HVL"": null, ""1D Min"": null, ""1D Max"": null, ""Call Resistance 0DTE"": null, ""Put Support 0DTE"": null, ""HVL 0DTE"": null, ""Gamma Wall 0DTE"": null, ""GEX 1"": null, ""GEX 2"": null, ""GEX 3"": null, ""GEX 4"": null, ""GEX 5"": null, ""GEX 6"": null, ""GEX 7"": null, ""GEX 8"": null, ""GEX 9"": null, ""GEX 10"": null}",unknown,,,,42004058,False,False,after_1700,outside_cash,,,,,,,,,,,all_19,,,,,not_applicable_outside_hours,asia
15193646-33d8-525d-9f4b-aa0900f0d002,,,2026-04-06T04:14:00+00:00,24227.5,0.25,2026-04-05,,aeb8bad860db92863af8c5db289eb426dcf765061783264e1a527cd39dac9553,"{""Call Resistance"": null, ""Put Support"": null, ""HVL"": null, ""1D Min"": null, ""1D Max"": null, ""Call Resistance 0DTE"": null, ""Put Support 0DTE"": null, ""HVL 0DTE"": null, ""Gamma Wall 0DTE"": null, ""GEX 1"": null, ""GEX 2"": null, ""GEX 3"": null, ""GEX 4"": null, ""GEX 5"": null, ""GEX 6"": null, ""GEX 7"": null, ""GEX 8"": null, ""GEX 9"": null, ""GEX 10"": null}",unknown,,,,42004058,False,False,after_1700,outside_cash,,,,,,,,,,,all_19,,,,,not_applicable_outside_hours,asia
91c7be82-b442-5382-a4e2-c2fa256d242f,,,2026-04-06T04:36:00+00:00,24246.75,0.25,2026-04-05,,aeb8bad860db92863af8c5db289eb426dcf765061783264e1a527cd39dac9553,"{""Call Resistance"": null, ""Put Support"": null, ""HVL"": null, ""1D Min"": null, ""1D Max"": null, ""Call Resistance 0DTE"": null, ""Put Support 0DTE"": null, ""HVL 0DTE"": null, ""Gamma Wall 0DTE"": null, ""GEX 1"": null, ""GEX 2"": null, ""GEX 3"": null, ""GEX 4"": null, ""GEX 5"": null, ""GEX 6"": null, ""GEX 7"": null, ""GEX 8"": null, ""GEX 9"": null, ""GEX 10"": null}",unknown,,,,42004058,False,False,after_1700,outside_cash,,,,,,,,,,,all_19,,,,,not_applicable_outside_hours,asia
bf30db6c-f246-5bf5-a3f6-e34923b31ef7,,,2026-04-06T04:50:00+00:00,24254.5,0.25,2026-04-05,,aeb8bad860db92863af8c5db289eb426dcf765061783264e1a527cd39dac9553,"{""Call Resistance"": null, ""Put Support"": null, ""HVL"": null, ""1D Min"": null, ""1D Max"": null, ""Call Resistance 0DTE"": null, ""Put Support 0DTE"": null, ""HVL 0DTE"": null, ""Gamma Wall 0DTE"": null, ""GEX 1"": null, ""GEX 2"": null, ""GEX 3"": null, ""GEX 4"": null, ""GEX 5"": null, ""GEX 6"": null, ""GEX 7"": null, ""GEX 8"": null, ""GEX 9"": null, ""GEX 10"": null}",unknown,,,,42004058,False,False,after_1700,outside_cash,,,,,,,,,,,all_19,,,,,not_applicable_outside_hours,asia
650f1d56-8136-52d7-80ed-2f79ba7339cd,,,2026-04-06T10:18:00+00:00,24350.75,0.25,2026-04-06,,aeb8bad860db92863af8c5db289eb426dcf765061783264e1a527cd39dac9553,"{""Call Resistance"": null, ""Put Support"": null, ""HVL"": null, ""1D Min"": null, ""1D Max"": null, ""Call Resistance 0DTE"": null, ""Put Support 0DTE"": null, ""HVL 0DTE"": null, ""Gamma Wall 0DTE"": null, ""GEX 1"": null, ""GEX 2"": null, ""GEX 3"": null, ""GEX 4"": null, ""GEX 5"": null, ""GEX 6"": null, ""GEX 7"": null, ""GEX 8"": null, ""GEX 9"": null, ""GEX 10"": null}",unknown,,,,42004058,False,False,before_0600,outside_cash,,,,,,,,,,,all_19,,,,,not_applicable_outside_hours,london
6b5be505-525f-5bc7-bed9-4748a0f2e275,,,2026-04-07T02:46:00+00:00,24207.75,0.25,2026-04-06,,aeb8bad860db92863af8c5db289eb426dcf765061783264e1a527cd39dac9553,"{""Call Resistance"": null, ""Put Support"": null, ""HVL"": null, ""1D Min"": null, ""1D Max"": null, ""Call Resistance 0DTE"": null, ""Put Support 0DTE"": null, ""HVL 0DTE"": null, ""Gamma Wall 0DTE"": null, ""GEX 1"": null, ""GEX 2"": null, ""GEX 3"": null, ""GEX 4"": null, ""GEX 5"": null, ""GEX 6"": null, ""GEX 7"": null, ""GEX 8"": null, ""GEX 9"": null, ""GEX 10"": null}",unknown,,,,42004058,False,False,after_1700,outside_cash,,,,,,,,,,,all_19,,,,,not_applicable_outside_hours,asia
76254622-0cd3-54bf-89c3-c03c203ecd56,,,2026-04-07T02:46:00+00:00,24207.75,0.25,2026-04-06,,aeb8bad860db92863af8c5db289eb426dcf765061783264e1a527cd39dac9553,"{""Call Resistance"": null, ""Put Support"": null, ""HVL"": null, ""1D Min"": null, ""1D Max"": null, ""Call Resistance 0DTE"": null, ""Put Support 0DTE"": null, ""HVL 0DTE"": null, ""Gamma Wall 0DTE"": null, ""GEX 1"": null, ""GEX 2"": null, ""GEX 3"": null, ""GEX 4"": null, ""GEX 5"": null, ""GEX 6"": null, ""GEX 7"": null, ""GEX 8"": null, ""GEX 9"": null, ""GEX 10"": null}",unknown,,,,42004058,False,False,after_1700,outside_cash,,,,,,,,,,,all_19,,,,,not_applicable_outside_hours,asia
39f513b0-b1c7-50e3-9252-19a3bcc7cd81,,,2026-04-07T02:49:00+00:00,24219.0,0.25,2026-04-06,,aeb8bad860db92863af8c5db289eb426dcf765061783264e1a527cd39dac9553,"{""Call Resistance"": null, ""Put Support"": null, ""HVL"": null, ""1D Min"": null, ""1D Max"": null, ""Call Resistance 0DTE"": null, ""Put Support 0DTE"": null, ""HVL 0DTE"": null, ""Gamma Wall 0DTE"": null, ""GEX 1"": null, ""GEX 2"": null, ""GEX 3"": null, ""GEX 4"": null, ""GEX 5"": null, ""GEX 6"": null, ""GEX 7"": null, ""GEX 8"": null, ""GEX 9"": null, ""GEX 10"": null}",unknown,,,,42004058,False,False,after_1700,outside_cash,,,,,,,,,,,all_19,,,,,not_applicable_outside_hours,asia
dc969702-7789-5edc-aa07-dfe95184de7f,,,2026-04-07T02:59:00+00:00,24210.25,0.25,2026-04-06,,aeb8bad860db92863af8c5db289eb426dcf765061783264e1a527cd39dac9553,"{""Call Resistance"": null, ""Put Support"": null, ""HVL"": null, ""1D Min"": null, ""1D Max"": null, ""Call Resistance 0DTE"": null, ""Put Support 0DTE"": null, ""HVL 0DTE"": null, ""Gamma Wall 0DTE"": null, ""GEX 1"": null, ""GEX 2"": null, ""GEX 3"": null, ""GEX 4"": null, ""GEX 5"": null, ""GEX 6"": null, ""GEX 7"": null, ""GEX 8"": null, ""GEX 9"": null, ""GEX 10"": null}",unknown,,,,42004058,False,False,after_1700,outside_cash,,,,,,,,,,,all_19,,,,,not_applicable_outside_hours,asia
053b5151-e824-5779-85cb-2cbe1fd6122a,,,2026-04-07T03:24:00+00:00,24215.75,0.25,2026-04-06,,aeb8bad860db92863af8c5db289eb426dcf765061783264e1a527cd39dac9553,"{""Call Resistance"": null, ""Put Support"": null, ""HVL"": null, ""1D Min"": null, ""1D Max"": null, ""Call Resistance 0DTE"": null, ""Put Support 0DTE"": null, ""HVL 0DTE"": null, ""Gamma Wall 0DTE"": null, ""GEX 1"": null, ""GEX 2"": null, ""GEX 3"": null, ""GEX 4"": null, ""GEX 5"": null, ""GEX 6"": null, ""GEX 7"": null, ""GEX 8"": null, ""GEX 9"": null, ""GEX 10"": null}",unknown,,,,42004058,False,False,after_1700,outside_cash,,,,,,,,,,,all_19,,,,,not_applicable_outside_hours,asia
b5a7cf8f-90f9-5666-b5c1-70a19223ea8b,,,2026-04-07T03:32:00+00:00,24226.5,0.25,2026-04-06,,aeb8bad860db92863af8c5db289eb426dcf765061783264e1a527cd39dac9553,"{""Call Resistance"": null, ""Put Support"": null, ""HVL"": null, ""1D Min"": null, ""1D Max"": null, ""Call Resistance 0DTE"": null, ""Put Support 0DTE"": null, ""HVL 0DTE"": null, ""Gamma Wall 0DTE"": null, ""GEX 1"": null, ""GEX 2"": null, ""GEX 3"": null, ""GEX 4"": null, ""GEX 5"": null, ""GEX 6"": null, ""GEX 7"": null, ""GEX 8"": null, ""GEX 9"": null, ""GEX 10"": null}",unknown,,,,42004058,False,False,after_1700,outside_cash,,,,,,,,,,,all_19,,,,,not_applicable_outside_hours,asia
253ae9c8-0ef5-5f18-b202-6d6b23cc391c,,,2026-04-07T03:33:00+00:00,24226.0,0.25,2026-04-06,,aeb8bad860db92863af8c5db289eb426dcf765061783264e1a527cd39dac9553,"{""Call Resistance"": null, ""Put Support"": null, ""HVL"": null, ""1D Min"": null, ""1D Max"": null, ""Call Resistance 0DTE"": null, ""Put Support 0DTE"": null, ""HVL 0DTE"": null, ""Gamma Wall 0DTE"": null, ""GEX 1"": null, ""GEX 2"": null, ""GEX 3"": null, ""GEX 4"": null, ""GEX 5"": null, ""GEX 6"": null, ""GEX 7"": null, ""GEX 8"": null, ""GEX 9"": null, ""GEX 10"": null}",unknown,,,,42004058,False,False,after_1700,outside_cash,,,,,,,,,,,all_19,,,,,not_applicable_outside_hours,asia
ab33039a-0ae3-5ab7-8484-4f5810e3a99a,,,2026-04-07T03:52:00+00:00,24223.0,0.25,2026-04-06,,aeb8bad860db92863af8c5db289eb426dcf765061783264e1a527cd39dac9553,"{""Call Resistance"": null, ""Put Support"": null, ""HVL"": null, ""1D Min"": null, ""1D Max"": null, ""Call Resistance 0DTE"": null, ""Put Support 0DTE"": null, ""HVL 0DTE"": null, ""Gamma Wall 0DTE"": null, ""GEX 1"": null, ""GEX 2"": null, ""GEX 3"": null, ""GEX 4"": null, ""GEX 5"": null, ""GEX 6"": null, ""GEX 7"": null, ""GEX 8"": null, ""GEX 9"": null, ""GEX 10"": null}",unknown,,,,42004058,False,False,after_1700,outside_cash,,,,,,,,,,,all_19,,,,,not_applicable_outside_hours,asia
2a45a66d-6077-553f-8be8-a8b451512675,,,2026-04-08T20:41:00+00:00,25040.5,0.25,2026-04-08,2026-04-07,aeb8bad860db92863af8c5db289eb426dcf765061783264e1a527cd39dac9553,"{""Call Resistance"": 24750.0, ""Put Support"": 23500.0, ""HVL"": 24175.0, ""1D Min"": 24030.01, ""1D Max"": 24768.49, ""Call Resistance 0DTE"": 24500.0, ""Put Support 0DTE"": 23500.0, ""HVL 0DTE"": 24175.0, ""Gamma Wall 0DTE"": 24500.0, ""GEX 1"": 24600.0, ""GEX 2"": 24250.0, ""GEX 3"": 24400.0, ""GEX 4"": 24050.0, ""GEX 5"": 24300.0, ""GEX 6"": 24800.0, ""GEX 7"": 24900.0, ""GEX 8"": 25000.0, ""GEX 9"": 24000.0, ""GEX 10"": 25100.0}",positive,1771445.7353983917,0.5846153846153846,369.2400000000016,42004058,False,True,,outside_cash,above,GEX 10,25100.0,59.5,0.16114180478821294,GEX 8,25000.0,40.5,0.1096847578810525,False,all_19,1.759695590943552,1.759695590943552,False,False,evaluated,asia
348cae6a-57e5-5d0b-9843-b12081d09c9b,,,2026-04-08T22:02:00+00:00,25050.5,0.25,2026-04-08,,aeb8bad860db92863af8c5db289eb426dcf765061783264e1a527cd39dac9553,"{""Call Resistance"": null, ""Put Support"": null, ""HVL"": null, ""1D Min"": null, ""1D Max"": null, ""Call Resistance 0DTE"": null, ""Put Support 0DTE"": null, ""HVL 0DTE"": null, ""Gamma Wall 0DTE"": null, ""GEX 1"": null, ""GEX 2"": null, ""GEX 3"": null, ""GEX 4"": null, ""GEX 5"": null, ""GEX 6"": null, ""GEX 7"": null, ""GEX 8"": null, ""GEX 9"": null, ""GEX 10"": null}",unknown,,,,42004058,False,False,after_1700,outside_cash,,,,,,,,,,,all_19,,,,,not_applicable_outside_hours,asia
af4a7441-b604-5004-871d-5f0e74aa9113,,,2026-04-09T06:29:00+00:00,25034.25,0.25,2026-04-09,,aeb8bad860db92863af8c5db289eb426dcf765061783264e1a527cd39dac9553,"{""Call Resistance"": null, ""Put Support"": null, ""HVL"": null, ""1D Min"": null, ""1D Max"": null, ""Call Resistance 0DTE"": null, ""Put Support 0DTE"": null, ""HVL 0DTE"": null, ""Gamma Wall 0DTE"": null, ""GEX 1"": null, ""GEX 2"": null, ""GEX 3"": null, ""GEX 4"": null, ""GEX 5"": null, ""GEX 6"": null, ""GEX 7"": null, ""GEX 8"": null, ""GEX 9"": null, ""GEX 10"": null}",unknown,,,,42004058,False,False,before_0600,outside_cash,,,,,,,,,,,all_19,,,,,not_applicable_outside_hours,london
e39c2790-2924-5a93-83ee-798d08508345,,,2026-04-09T10:22:00+00:00,25020.25,0.25,2026-04-09,,aeb8bad860db92863af8c5db289eb426dcf765061783264e1a527cd39dac9553,"{""Call Resistance"": null, ""Put Support"": null, ""HVL"": null, ""1D Min"": null, ""1D Max"": null, ""Call Resistance 0DTE"": null, ""Put Support 0DTE"": null, ""HVL 0DTE"": null, ""Gamma Wall 0DTE"": null, ""GEX 1"": null, ""GEX 2"": null, ""GEX 3"": null, ""GEX 4"": null, ""GEX 5"": null, ""GEX 6"": null, ""GEX 7"": null, ""GEX 8"": null, ""GEX 9"": null, ""GEX 10"": null}",unknown,,,,42004058,False,False,before_0600,outside_cash,,,,,,,,,,,all_19,,,,,not_applicable_outside_hours,london
fb98c0ab-cd56-5955-a1e7-3da2c5437816,,,2026-04-09T10:22:00+00:00,25020.25,0.25,2026-04-09,,aeb8bad860db92863af8c5db289eb426dcf765061783264e1a527cd39dac9553,"{""Call Resistance"": null, ""Put Support"": null, ""HVL"": null, ""1D Min"": null, ""1D Max"": null, ""Call Resistance 0DTE"": null, ""Put Support 0DTE"": null, ""HVL 0DTE"": null, ""Gamma Wall 0DTE"": null, ""GEX 1"": null, ""GEX 2"": null, ""GEX 3"": null, ""GEX 4"": null, ""GEX 5"": null, ""GEX 6"": null, ""GEX 7"": null, ""GEX 8"": null, ""GEX 9"": null, ""GEX 10"": null}",unknown,,,,42004058,False,False,before_0600,outside_cash,,,,,,,,,,,all_19,,,,,not_applicable_outside_hours,london
b39ce7b3-47a3-5bd2-ace0-86cd48546747,,,2026-04-09T10:23:00+00:00,25019.5,0.25,2026-04-09,,aeb8bad860db92863af8c5db289eb426dcf765061783264e1a527cd39dac9553,"{""Call Resistance"": null, ""Put Support"": null, ""HVL"": null, ""1D Min"": null, ""1D Max"": null, ""Call Resistance 0DTE"": null, ""Put Support 0DTE"": null, ""HVL 0DTE"": null, ""Gamma Wall 0DTE"": null, ""GEX 1"": null, ""GEX 2"": null, ""GEX 3"": null, ""GEX 4"": null, ""GEX 5"": null, ""GEX 6"": null, ""GEX 7"": null, ""GEX 8"": null, ""GEX 9"": null, ""GEX 10"": null}",unknown,,,,42004058,False,False,before_0600,outside_cash,,,,,,,,,,,all_19,,,,,not_applicable_outside_hours,london
55932c00-c8bb-5bb7-94f1-9f56fe014929,,,2026-04-09T10:44:00+00:00,25017.0,0.25,2026-04-09,,aeb8bad860db92863af8c5db289eb426dcf765061783264e1a527cd39dac9553,"{""Call Resistance"": null, ""Put Support"": null, ""HVL"": null, ""1D Min"": null, ""1D Max"": null, ""Call Resistance 0DTE"": null, ""Put Support 0DTE"": null, ""HVL 0DTE"": null, ""Gamma Wall 0DTE"": null, ""GEX 1"": null, ""GEX 2"": null, ""GEX 3"": null, ""GEX 4"": null, ""GEX 5"": null, ""GEX 6"": null, ""GEX 7"": null, ""GEX 8"": null, ""GEX 9"": null, ""GEX 10"": null}",unknown,,,,42004058,False,False,before_0600,outside_cash,,,,,,,,,,,all_19,,,,,not_applicable_outside_hours,london
87f4b0ae-1d20-5eae-afd0-02bc1f69b44b,,,2026-04-09T10:45:00+00:00,25018.5,0.25,2026-04-09,,aeb8bad860db92863af8c5db289eb426dcf765061783264e1a527cd39dac9553,"{""Call Resistance"": null, ""Put Support"": null, ""HVL"": null, ""1D Min"": null, ""1D Max"": null, ""Call Resistance 0DTE"": null, ""Put Support 0DTE"": null, ""HVL 0DTE"": null, ""Gamma Wall 0DTE"": null, ""GEX 1"": null, ""GEX 2"": null, ""GEX 3"": null, ""GEX 4"": null, ""GEX 5"": null, ""GEX 6"": null, ""GEX 7"": null, ""GEX 8"": null, ""GEX 9"": null, ""GEX 10"": null}",unknown,,,,42004058,False,False,before_0600,outside_cash,,,,,,,,,,,all_19,,,,,not_applicable_outside_hours,london
892ca503-a01b-5520-8981-fded5b392ab8,,,2026-04-09T10:49:00+00:00,25019.75,0.25,2026-04-09,,aeb8bad860db92863af8c5db289eb426dcf765061783264e1a527cd39dac9553,"{""Call Resistance"": null, ""Put Support"": null, ""HVL"": null, ""1D Min"": null, ""1D Max"": null, ""Call Resistance 0DTE"": null, ""Put Support 0DTE"": null, ""HVL 0DTE"": null, ""Gamma Wall 0DTE"": null, ""GEX 1"": null, ""GEX 2"": null, ""GEX 3"": null, ""GEX 4"": null, ""GEX 5"": null, ""GEX 6"": null, ""GEX 7"": null, ""GEX 8"": null, ""GEX 9"": null, ""GEX 10"": null}",unknown,,,,42004058,False,False,before_0600,outside_cash,,,,,,,,,,,all_19,,,,,not_applicable_outside_hours,london
b40a6177-8831-5250-a87b-b61da432e139,,,2026-04-09T10:50:00+00:00,25023.5,0.25,2026-04-09,,aeb8bad860db92863af8c5db289eb426dcf765061783264e1a527cd39dac9553,"{""Call Resistance"": null, ""Put Support"": null, ""HVL"": null, ""1D Min"": null, ""1D Max"": null, ""Call Resistance 0DTE"": null, ""Put Support 0DTE"": null, ""HVL 0DTE"": null, ""Gamma Wall 0DTE"": null, ""GEX 1"": null, ""GEX 2"": null, ""GEX 3"": null, ""GEX 4"": null, ""GEX 5"": null, ""GEX 6"": null, ""GEX 7"": null, ""GEX 8"": null, ""GEX 9"": null, ""GEX 10"": null}",unknown,,,,42004058,False,False,before_0600,outside_cash,,,,,,,,,,,all_19,,,,,not_applicable_outside_hours,london
88afb75b-8f69-54ad-ad5e-2be9d1fa0d30,,,2026-04-09T12:43:00+00:00,25046.0,0.25,2026-04-09,2026-04-08,aeb8bad860db92863af8c5db289eb426dcf765061783264e1a527cd39dac9553,"{""Call Resistance"": 25500.0, ""Put Support"": 25020.0, ""HVL"": 24390.0, ""1D Min"": 24705.58, ""1D Max"": 25372.42, ""Call Resistance 0DTE"": 25100.0, ""Put Support 0DTE"": 25020.0, ""HVL 0DTE"": 25020.0, ""Gamma Wall 0DTE"": 25100.0, ""GEX 1"": 24750.0, ""GEX 2"": 25000.0, ""GEX 3"": 25300.0, ""GEX 4"": 25200.0, ""GEX 5"": 25250.0, ""GEX 6"": 25400.0, ""GEX 7"": 25600.0, ""GEX 8"": 24500.0, ""GEX 9"": 24400.0, ""GEX 10"": 24600.0}",positive,2969212.468414947,0.7807692307692308,333.41999999999825,42004058,False,True,,outside_cash,above,Call Resistance 0DTE|Gamma Wall 0DTE,25100.0,54.0,0.16195789094835428,Put Support|Put Support 0DTE|HVL 0DTE,25020.0,26.0,0.07797972527142984,False,all_19,-0.06748245456181429,0.06748245456181429,False,False,evaluated,ny
16ff5096-b967-5310-b1d4-26f8fc581cda,,,2026-04-09T13:06:00+00:00,25042.75,0.25,2026-04-09,2026-04-08,aeb8bad860db92863af8c5db289eb426dcf765061783264e1a527cd39dac9553,"{""Call Resistance"": 25500.0, ""Put Support"": 25020.0, ""HVL"": 24390.0, ""1D Min"": 24705.58, ""1D Max"": 25372.42, ""Call Resistance 0DTE"": 25100.0, ""Put Support 0DTE"": 25020.0, ""HVL 0DTE"": 25020.0, ""Gamma Wall 0DTE"": 25100.0, ""GEX 1"": 24750.0, ""GEX 2"": 25000.0, ""GEX 3"": 25300.0, ""GEX 4"": 25200.0, ""GEX 5"": 25250.0, ""GEX 6"": 25400.0, ""GEX 7"": 25600.0, ""GEX 8"": 24500.0, ""GEX 9"": 24400.0, ""GEX 10"": 24600.0}",positive,2969212.468414947,0.7807692307692308,333.41999999999825,42004058,False,True,,outside_cash,above,Call Resistance 0DTE|Gamma Wall 0DTE,25100.0,57.25,0.171705356607283,Put Support|Put Support 0DTE|HVL 0DTE,25020.0,22.75,0.06823225961250111,False,all_19,-0.04198908283846222,0.04198908283846222,False,False,evaluated,ny
8540f33a-7831-5f60-93b6-068936f3c4a9,,,2026-04-09T13:13:00+00:00,25045.5,0.25,2026-04-09,2026-04-08,aeb8bad860db92863af8c5db289eb426dcf765061783264e1a527cd39dac9553,"{""Call Resistance"": 25500.0, ""Put Support"": 25020.0, ""HVL"": 24390.0, ""1D Min"": 24705.58, ""1D Max"": 25372.42, ""Call Resistance 0DTE"": 25100.0, ""Put Support 0DTE"": 25020.0, ""HVL 0DTE"": 25020.0, ""Gamma Wall 0DTE"": 25100.0, ""GEX 1"": 24750.0, ""GEX 2"": 25000.0, ""GEX 3"": 25300.0, ""GEX 4"": 25200.0, ""GEX 5"": 25250.0, ""GEX 6"": 25400.0, ""GEX 7"": 25600.0, ""GEX 8"": 24500.0, ""GEX 9"": 24400.0, ""GEX 10"": 24600.0}",positive,2969212.468414947,0.7807692307692308,333.41999999999825,42004058,False,True,,outside_cash,above,Call Resistance 0DTE|Gamma Wall 0DTE,25100.0,54.5,0.16345750104972792,Put Support|Put Support 0DTE|HVL 0DTE,25020.0,25.5,0.07648011517005619,False,all_19,-0.049487133345330475,0.049487133345330475,False,False,evaluated,ny
811d9f8d-aef0-5837-a857-6d1f1fc6b295,,,2026-04-09T13:27:00+00:00,25052.25,0.25,2026-04-09,2026-04-08,aeb8bad860db92863af8c5db289eb426dcf765061783264e1a527cd39dac9553,"{""Call Resistance"": 25500.0, ""Put Support"": 25020.0, ""HVL"": 24390.0, ""1D Min"": 24705.58, ""1D Max"": 25372.42, ""Call Resistance 0DTE"": 25100.0, ""Put Support 0DTE"": 25020.0, ""HVL 0DTE"": 25020.0, ""Gamma Wall 0DTE"": 25100.0, ""GEX 1"": 24750.0, ""GEX 2"": 25000.0, ""GEX 3"": 25300.0, ""GEX 4"": 25200.0, ""GEX 5"": 25250.0, ""GEX 6"": 25400.0, ""GEX 7"": 25600.0, ""GEX 8"": 24500.0, ""GEX 9"": 24400.0, ""GEX 10"": 24600.0}",positive,2969212.468414947,0.7807692307692308,333.41999999999825,42004058,False,True,,outside_cash,above,Call Resistance 0DTE|Gamma Wall 0DTE,25100.0,47.75,0.14321276468118363,Put Support|Put Support 0DTE|HVL 0DTE,25020.0,32.25,0.09672485153860047,False,all_19,-0.014246295963049683,0.014246295963049683,False,False,evaluated,ny
f4310bd5-ffeb-54dd-afe4-24c7ef2b1de7,,,2026-04-09T13:30:00+00:00,25080.5,0.25,2026-04-09,2026-04-08,aeb8bad860db92863af8c5db289eb426dcf765061783264e1a527cd39dac9553,"{""Call Resistance"": 25500.0, ""Put Support"": 25020.0, ""HVL"": 24390.0, ""1D Min"": 24705.58, ""1D Max"": 25372.42, ""Call Resistance 0DTE"": 25100.0, ""Put Support 0DTE"": 25020.0, ""HVL 0DTE"": 25020.0, ""Gamma Wall 0DTE"": 25100.0, ""GEX 1"": 24750.0, ""GEX 2"": 25000.0, ""GEX 3"": 25300.0, ""GEX 4"": 25200.0, ""GEX 5"": 25250.0, ""GEX 6"": 25400.0, ""GEX 7"": 25600.0, ""GEX 8"": 24500.0, ""GEX 9"": 24400.0, ""GEX 10"": 24600.0}",positive,2969212.468414947,0.7807692307692308,333.41999999999825,42004058,False,True,,s1_0830_1000,above,Call Resistance 0DTE|Gamma Wall 0DTE,25100.0,19.5,0.05848479395357238,Put Support|Put Support 0DTE|HVL 0DTE,25020.0,60.5,0.18145282226621173,False,all_19,0.036740447483654445,0.036740447483654445,False,False,evaluated,ny
0b5914fd-60e0-585e-8093-31136b23d3fb,,,2026-04-09T13:38:00+00:00,25049.5,0.25,2026-04-09,2026-04-08,aeb8bad860db92863af8c5db289eb426dcf765061783264e1a527cd39dac9553,"{""Call Resistance"": 25500.0, ""Put Support"": 25020.0, ""HVL"": 24390.0, ""1D Min"": 24705.58, ""1D Max"": 25372.42, ""Call Resistance 0DTE"": 25100.0, ""Put Support 0DTE"": 25020.0, ""HVL 0DTE"": 25020.0, ""Gamma Wall 0DTE"": 25100.0, ""GEX 1"": 24750.0, ""GEX 2"": 25000.0, ""GEX 3"": 25300.0, ""GEX 4"": 25200.0, ""GEX 5"": 25250.0, ""GEX 6"": 25400.0, ""GEX 7"": 25600.0, ""GEX 8"": 24500.0, ""GEX 9"": 24400.0, ""GEX 10"": 24600.0}",positive,2969212.468414947,0.7807692307692308,333.41999999999825,42004058,False,True,,s1_0830_1000,above,Call Resistance 0DTE|Gamma Wall 0DTE,25100.0,50.5,0.1514606202387387,Put Support|Put Support 0DTE|HVL 0DTE,25020.0,29.5,0.08847699598104539,False,all_19,-0.008247855557555079,0.008247855557555079,False,False,evaluated,ny
3cc5d1a8-d553-5437-a9ed-719ae85599e3,,,2026-04-09T13:43:00+00:00,25085.25,0.25,2026-04-09,2026-04-08,aeb8bad860db92863af8c5db289eb426dcf765061783264e1a527cd39dac9553,"{""Call Resistance"": 25500.0, ""Put Support"": 25020.0, ""HVL"": 24390.0, ""1D Min"": 24705.58, ""1D Max"": 25372.42, ""Call Resistance 0DTE"": 25100.0, ""Put Support 0DTE"": 25020.0, ""HVL 0DTE"": 25020.0, ""Gamma Wall 0DTE"": 25100.0, ""GEX 1"": 24750.0, ""GEX 2"": 25000.0, ""GEX 3"": 25300.0, ""GEX 4"": 25200.0, ""GEX 5"": 25250.0, ""GEX 6"": 25400.0, ""GEX 7"": 25600.0, ""GEX 8"": 24500.0, ""GEX 9"": 24400.0, ""GEX 10"": 24600.0}",positive,2969212.468414947,0.7807692307692308,333.41999999999825,42004058,False,True,,s1_0830_1000,above,Call Resistance 0DTE|Gamma Wall 0DTE,25100.0,14.75,0.04423849799052269,Put Support|Put Support 0DTE|HVL 0DTE,25020.0,65.25,0.19569911822926142,False,all_19,0.048737328294643646,0.048737328294643646,False,False,evaluated,ny
58467bac-4ff0-5876-a7ae-6fc7492044e8,,,2026-04-09T13:44:00+00:00,25102.0,0.25,2026-04-09,2026-04-08,aeb8bad860db92863af8c5db289eb426dcf765061783264e1a527cd39dac9553,"{""Call Resistance"": 25500.0, ""Put Support"": 25020.0, ""HVL"": 24390.0, ""1D Min"": 24705.58, ""1D Max"": 25372.42, ""Call Resistance 0DTE"": 25100.0, ""Put Support 0DTE"": 25020.0, ""HVL 0DTE"": 25020.0, ""Gamma Wall 0DTE"": 25100.0, ""GEX 1"": 24750.0, ""GEX 2"": 25000.0, ""GEX 3"": 25300.0, ""GEX 4"": 25200.0, ""GEX 5"": 25250.0, ""GEX 6"": 25400.0, ""GEX 7"": 25600.0, ""GEX 8"": 24500.0, ""GEX 9"": 24400.0, ""GEX 10"": 24600.0}",positive,2969212.468414947,0.7807692307692308,333.41999999999825,42004058,False,True,,s1_0830_1000,above,GEX 4,25200.0,98.0,0.29392357986923556,Call Resistance 0DTE|Gamma Wall 0DTE,25100.0,2.0,0.005998440405494603,False,all_19,0.07947933537280348,0.07947933537280348,False,False,evaluated,ny
11c75f7d-43c0-5f31-b969-6b5d715dee44,,,2026-04-09T13:45:00+00:00,25100.0,0.25,2026-04-09,2026-04-08,aeb8bad860db92863af8c5db289eb426dcf765061783264e1a527cd39dac9553,"{""Call Resistance"": 25500.0, ""Put Support"": 25020.0, ""HVL"": 24390.0, ""1D Min"": 24705.58, ""1D Max"": 25372.42, ""Call Resistance 0DTE"": 25100.0, ""Put Support 0DTE"": 25020.0, ""HVL 0DTE"": 25020.0, ""Gamma Wall 0DTE"": 25100.0, ""GEX 1"": 24750.0, ""GEX 2"": 25000.0, ""GEX 3"": 25300.0, ""GEX 4"": 25200.0, ""GEX 5"": 25250.0, ""GEX 6"": 25400.0, ""GEX 7"": 25600.0, ""GEX 8"": 24500.0, ""GEX 9"": 24400.0, ""GEX 10"": 24600.0}",positive,2969212.468414947,0.7807692307692308,333.41999999999825,42004058,False,True,,s1_0830_1000,above,GEX 4,25200.0,100.0,0.29992202027473014,Put Support|Put Support 0DTE|HVL 0DTE,25020.0,80.0,0.2399376162197841,False,all_19,0.13121588387019445,0.13121588387019445,False,False,evaluated,ny
b2e31511-ee7e-5ce5-97d8-d60448bcf5ae,,,2026-04-09T16:53:00+00:00,25204.5,0.25,2026-04-09,2026-04-08,aeb8bad860db92863af8c5db289eb426dcf765061783264e1a527cd39dac9553,"{""Call Resistance"": 25500.0, ""Put Support"": 25020.0, ""HVL"": 24390.0, ""1D Min"": 24705.58, ""1D Max"": 25372.42, ""Call Resistance 0DTE"": 25100.0, ""Put Support 0DTE"": 25020.0, ""HVL 0DTE"": 25020.0, ""Gamma Wall 0DTE"": 25100.0, ""GEX 1"": 24750.0, ""GEX 2"": 25000.0, ""GEX 3"": 25300.0, ""GEX 4"": 25200.0, ""GEX 5"": 25250.0, ""GEX 6"": 25400.0, ""GEX 7"": 25600.0, ""GEX 8"": 24500.0, ""GEX 9"": 24400.0, ""GEX 10"": 24600.0}",positive,2969212.468414947,0.7807692307692308,333.41999999999825,42004058,False,True,,s2_1000_1200,above,GEX 5,25250.0,45.5,0.13646451922500222,GEX 4,25200.0,4.5,0.013496490912362857,False,all_19,0.42363985363805634,0.42363985363805634,False,False,evaluated,ny
9910c8ac-5b53-5a43-a28a-fef0b28049e3,,,2026-04-09T16:57:00+00:00,25194.5,0.25,2026-04-09,2026-04-08,aeb8bad860db92863af8c5db289eb426dcf765061783264e1a527cd39dac9553,"{""Call Resistance"": 25500.0, ""Put Support"": 25020.0, ""HVL"": 24390.0, ""1D Min"": 24705.58, ""1D Max"": 25372.42, ""Call Resistance 0DTE"": 25100.0, ""Put Support 0DTE"": 25020.0, ""HVL 0DTE"": 25020.0, ""Gamma Wall 0DTE"": 25100.0, ""GEX 1"": 24750.0, ""GEX 2"": 25000.0, ""GEX 3"": 25300.0, ""GEX 4"": 25200.0, ""GEX 5"": 25250.0, ""GEX 6"": 25400.0, ""GEX 7"": 25600.0, ""GEX 8"": 24500.0, ""GEX 9"": 24400.0, ""GEX 10"": 24600.0}",positive,2969212.468414947,0.7807692307692308,333.41999999999825,42004058,False,True,,s2_1000_1200,above,GEX 4,25200.0,5.5,0.016495711115110157,Call Resistance 0DTE|Gamma Wall 0DTE,25100.0,94.5,0.28342630915961997,False,all_19,0.41539199808050126,0.41539199808050126,False,False,evaluated,ny
7451703f-03a5-55d2-9210-8baa0ba4d385,,,2026-04-09T17:05:00+00:00,25208.25,0.25,2026-04-09,2026-04-08,aeb8bad860db92863af8c5db289eb426dcf765061783264e1a527cd39dac9553,"{""Call Resistance"": 25500.0, ""Put Support"": 25020.0, ""HVL"": 24390.0, ""1D Min"": 24705.58, ""1D Max"": 25372.42, ""Call Resistance 0DTE"": 25100.0, ""Put Support 0DTE"": 25020.0, ""HVL 0DTE"": 25020.0, ""Gamma Wall 0DTE"": 25100.0, ""GEX 1"": 24750.0, ""GEX 2"": 25000.0, ""GEX 3"": 25300.0, ""GEX 4"": 25200.0, ""GEX 5"": 25250.0, ""GEX 6"": 25400.0, ""GEX 7"": 25600.0, ""GEX 8"": 24500.0, ""GEX 9"": 24400.0, ""GEX 10"": 24600.0}",positive,2969212.468414947,0.7807692307692308,333.41999999999825,42004058,False,True,,s3_1200_1330,above,GEX 5,25250.0,41.75,0.12521744346469985,GEX 4,25200.0,8.25,0.024743566672665238,False,all_19,0.4401355647531665,0.4401355647531665,False,False,evaluated,ny
56e41077-7e1b-50f2-9e18-0de5bb270e8f,,,2026-04-09T17:08:00+00:00,25221.5,0.25,2026-04-09,2026-04-08,aeb8bad860db92863af8c5db289eb426dcf765061783264e1a527cd39dac9553,"{""Call Resistance"": 25500.0, ""Put Support"": 25020.0, ""HVL"": 24390.0, ""1D Min"": 24705.58, ""1D Max"": 25372.42, ""Call Resistance 0DTE"": 25100.0, ""Put Support 0DTE"": 25020.0, ""HVL 0DTE"": 25020.0, ""Gamma Wall 0DTE"": 25100.0, ""GEX 1"": 24750.0, ""GEX 2"": 25000.0, ""GEX 3"": 25300.0, ""GEX 4"": 25200.0, ""GEX 5"": 25250.0, ""GEX 6"": 25400.0, ""GEX 7"": 25600.0, ""GEX 8"": 24500.0, ""GEX 9"": 24400.0, ""GEX 10"": 24600.0}",positive,2969212.468414947,0.7807692307692308,333.41999999999825,42004058,False,True,,s3_1200_1330,above,GEX 5,25250.0,28.5,0.08547777577829808,GEX 4,25200.0,21.5,0.06448323435906698,False,all_19,0.485123867794376,0.485123867794376,False,False,evaluated,ny
ac83ea2e-f9a8-55c4-883e-18bb89fe2d3b,,,2026-04-09T17:13:00+00:00,25233.25,0.25,2026-04-09,2026-04-08,aeb8bad860db92863af8c5db289eb426dcf765061783264e1a527cd39dac9553,"{""Call Resistance"": 25500.0, ""Put Support"": 25020.0, ""HVL"": 24390.0, ""1D Min"": 24705.58, ""1D Max"": 25372.42, ""Call Resistance 0DTE"": 25100.0, ""Put Support 0DTE"": 25020.0, ""HVL 0DTE"": 25020.0, ""Gamma Wall 0DTE"": 25100.0, ""GEX 1"": 24750.0, ""GEX 2"": 25000.0, ""GEX 3"": 25300.0, ""GEX 4"": 25200.0, ""GEX 5"": 25250.0, ""GEX 6"": 25400.0, ""GEX 7"": 25600.0, ""GEX 8"": 24500.0, ""GEX 9"": 24400.0, ""GEX 10"": 24600.0}",positive,2969212.468414947,0.7807692307692308,333.41999999999825,42004058,False,True,,s3_1200_1330,above,GEX 5,25250.0,16.75,0.0502369383960173,GEX 4,25200.0,33.25,0.09972407174134777,False,all_19,0.532361585987646,0.532361585987646,False,False,evaluated,ny
a3fc0800-74bc-503c-8d72-31d7113d7801,,,2026-04-09T17:17:00+00:00,25237.0,0.25,2026-04-09,2026-04-08,aeb8bad860db92863af8c5db289eb426dcf765061783264e1a527cd39dac9553,"{""Call Resistance"": 25500.0, ""Put Support"": 25020.0, ""HVL"": 24390.0, ""1D Min"": 24705.58, ""1D Max"": 25372.42, ""Call Resistance 0DTE"": 25100.0, ""Put Support 0DTE"": 25020.0, ""HVL 0DTE"": 25020.0, ""Gamma Wall 0DTE"": 25100.0, ""GEX 1"": 24750.0, ""GEX 2"": 25000.0, ""GEX 3"": 25300.0, ""GEX 4"": 25200.0, ""GEX 5"": 25250.0, ""GEX 6"": 25400.0, ""GEX 7"": 25600.0, ""GEX 8"": 24500.0, ""GEX 9"": 24400.0, ""GEX 10"": 24600.0}",positive,2969212.468414947,0.7807692307692308,333.41999999999825,42004058,False,True,,s3_1200_1330,above,GEX 5,25250.0,13.0,0.03898986263571492,GEX 4,25200.0,37.0,0.11097114750165016,False,all_19,0.5361106112410802,0.5361106112410802,False,False,evaluated,ny
c70da01a-d690-52a7-bde3-7869c1bc99c7,,,2026-04-09T17:34:00+00:00,25214.0,0.25,2026-04-09,2026-04-08,aeb8bad860db92863af8c5db289eb426dcf765061783264e1a527cd39dac9553,"{""Call Resistance"": 25500.0, ""Put Support"": 25020.0, ""HVL"": 24390.0, ""1D Min"": 24705.58, ""1D Max"": 25372.42, ""Call Resistance 0DTE"": 25100.0, ""Put Support 0DTE"": 25020.0, ""HVL 0DTE"": 25020.0, ""Gamma Wall 0DTE"": 25100.0, ""GEX 1"": 24750.0, ""GEX 2"": 25000.0, ""GEX 3"": 25300.0, ""GEX 4"": 25200.0, ""GEX 5"": 25250.0, ""GEX 6"": 25400.0, ""GEX 7"": 25600.0, ""GEX 8"": 24500.0, ""GEX 9"": 24400.0, ""GEX 10"": 24600.0}",positive,2969212.468414947,0.7807692307692308,333.41999999999825,42004058,False,True,,s3_1200_1330,above,GEX 5,25250.0,36.0,0.10797192729890286,GEX 4,25200.0,14.0,0.04198908283846222,False,all_19,0.4663787415272054,0.4663787415272054,False,False,evaluated,ny
d8381e8f-d24e-5413-9720-01026cb86f84,,,2026-04-09T17:37:00+00:00,25230.25,0.25,2026-04-09,2026-04-08,aeb8bad860db92863af8c5db289eb426dcf765061783264e1a527cd39dac9553,"{""Call Resistance"": 25500.0, ""Put Support"": 25020.0, ""HVL"": 24390.0, ""1D Min"": 24705.58, ""1D Max"": 25372.42, ""Call Resistance 0DTE"": 25100.0, ""Put Support 0DTE"": 25020.0, ""HVL 0DTE"": 25020.0, ""Gamma Wall 0DTE"": 25100.0, ""GEX 1"": 24750.0, ""GEX 2"": 25000.0, ""GEX 3"": 25300.0, ""GEX 4"": 25200.0, ""GEX 5"": 25250.0, ""GEX 6"": 25400.0, ""GEX 7"": 25600.0, ""GEX 8"": 24500.0, ""GEX 9"": 24400.0, ""GEX 10"": 24600.0}",positive,2969212.468414947,0.7807692307692308,333.41999999999825,42004058,False,True,,s3_1200_1330,above,GEX 5,25250.0,19.75,0.0592345990042592,GEX 4,25200.0,30.25,0.09072641113310587,False,all_19,0.5038689940615466,0.5038689940615466,False,False,evaluated,ny
6aa11f9f-b7be-54e4-98e3-9ad0a6949c5c,,,2026-04-09T17:39:00+00:00,25252.0,0.25,2026-04-09,2026-04-08,aeb8bad860db92863af8c5db289eb426dcf765061783264e1a527cd39dac9553,"{""Call Resistance"": 25500.0, ""Put Support"": 25020.0, ""HVL"": 24390.0, ""1D Min"": 24705.58, ""1D Max"": 25372.42, ""Call Resistance 0DTE"": 25100.0, ""Put Support 0DTE"": 25020.0, ""HVL 0DTE"": 25020.0, ""Gamma Wall 0DTE"": 25100.0, ""GEX 1"": 24750.0, ""GEX 2"": 25000.0, ""GEX 3"": 25300.0, ""GEX 4"": 25200.0, ""GEX 5"": 25250.0, ""GEX 6"": 25400.0, ""GEX 7"": 25600.0, ""GEX 8"": 24500.0, ""GEX 9"": 24400.0, ""GEX 10"": 24600.0}",positive,2969212.468414947,0.7807692307692308,333.41999999999825,42004058,False,True,,s3_1200_1330,above,GEX 3,25300.0,48.0,0.14396256973187047,GEX 5,25250.0,2.0,0.005998440405494603,False,all_19,0.5308619758862724,0.5308619758862724,False,False,evaluated,ny
9c9a954a-0ad7-587b-9fcf-aabc29b2edae,,,2026-04-09T17:40:00+00:00,25249.75,0.25,2026-04-09,2026-04-08,aeb8bad860db92863af8c5db289eb426dcf765061783264e1a527cd39dac9553,"{""Call Resistance"": 25500.0, ""Put Support"": 25020.0, ""HVL"": 24390.0, ""1D Min"": 24705.58, ""1D Max"": 25372.42, ""Call Resistance 0DTE"": 25100.0, ""Put Support 0DTE"": 25020.0, ""HVL 0DTE"": 25020.0, ""Gamma Wall 0DTE"": 25100.0, ""GEX 1"": 24750.0, ""GEX 2"": 25000.0, ""GEX 3"": 25300.0, ""GEX 4"": 25200.0, ""GEX 5"": 25250.0, ""GEX 6"": 25400.0, ""GEX 7"": 25600.0, ""GEX 8"": 24500.0, ""GEX 9"": 24400.0, ""GEX 10"": 24600.0}",positive,2969212.468414947,0.7807692307692308,333.41999999999825,42004058,False,True,,s3_1200_1330,above,GEX 5,25250.0,0.25,0.0007498050506868254,GEX 4,25200.0,49.75,0.14921120508667823,False,all_19,0.579599304180916,0.579599304180916,False,False,evaluated,ny
1c2713d3-6661-580a-8e1a-9cfd85c2bf8d,,,2026-04-09T17:50:00+00:00,25239.0,0.25,2026-04-09,2026-04-08,aeb8bad860db92863af8c5db289eb426dcf765061783264e1a527cd39dac9553,"{""Call Resistance"": 25500.0, ""Put Support"": 25020.0, ""HVL"": 24390.0, ""1D Min"": 24705.58, ""1D Max"": 25372.42, ""Call Resistance 0DTE"": 25100.0, ""Put Support 0DTE"": 25020.0, ""HVL 0DTE"": 25020.0, ""Gamma Wall 0DTE"": 25100.0, ""GEX 1"": 24750.0, ""GEX 2"": 25000.0, ""GEX 3"": 25300.0, ""GEX 4"": 25200.0, ""GEX 5"": 25250.0, ""GEX 6"": 25400.0, ""GEX 7"": 25600.0, ""GEX 8"": 24500.0, ""GEX 9"": 24400.0, ""GEX 10"": 24600.0}",positive,2969212.468414947,0.7807692307692308,333.41999999999825,42004058,False,True,,s3_1200_1330,above,GEX 5,25250.0,11.0,0.032991422230220314,GEX 4,25200.0,39.0,0.11696958790714476,False,all_19,0.5413592465958879,0.5413592465958879,False,False,evaluated,ny
