# {"archival": false, "configuration": "context_on", "formula_version": "menthorq_eod_v1", "menthorq_context_version": "menthorq_eod_v1", "report_only": true, "run_identity": {"core_replay_id": "6d68efd9f02a96beba5286285ae44073934b233b2e4ad6fe68e9d8168882f21c", "evaluation_dates": ["2025-06-16", "2025-06-17", "2025-06-18", "2025-06-19", "2025-06-20", "2025-06-23", "2025-06-24", "2025-06-25", "2025-06-26", "2025-06-27", "2025-06-30", "2025-07-01", "2025-07-02", "2025-07-03", "2025-07-04", "2025-07-07", "2025-07-09", "2025-07-10", "2025-07-11", "2025-07-14", "2025-07-15", "2025-07-16", "2025-07-17", "2025-07-18", "2025-07-21", "2025-07-22", "2025-07-23", "2025-07-24", "2025-07-25", "2025-07-28", "2025-07-29", "2025-07-30", "2025-07-31", "2025-08-01", "2025-08-04", "2025-08-05", "2025-08-06", "2025-08-07", "2025-08-08", "2025-08-11", "2025-08-12", "2025-08-13", "2025-08-14", "2025-08-15", "2025-08-18", "2025-08-19", "2025-08-20", "2025-08-21", "2025-08-22", "2025-08-25", "2025-08-26", "2025-08-27", "2025-08-28", "2025-08-29", "2025-09-01", "2025-09-02", "2025-09-03", "2025-09-04", "2025-09-05", "2025-09-08", "2025-09-09", "2025-09-10", "2025-09-11", "2025-09-12", "2025-09-15", "2025-09-16", "2025-09-17", "2025-09-18", "2025-09-19", "2025-09-22", "2025-09-23", "2025-09-24", "2025-09-25", "2025-09-26", "2025-09-29", "2025-09-30", "2025-10-01", "2025-10-02", "2025-10-03", "2025-10-06", "2025-10-07", "2025-10-08", "2025-10-09", "2025-10-10", "2025-10-13", "2025-10-14", "2025-10-15", "2025-10-16", "2025-10-17", "2025-10-20", "2025-10-21", "2025-10-22", "2025-10-23", "2025-10-24", "2025-10-27", "2025-10-28", "2025-10-29", "2025-10-30", "2025-10-31", "2025-11-03", "2025-11-04", "2025-11-05", "2025-11-06", "2025-11-07", "2025-11-10", "2025-11-11", "2025-11-12", "2025-11-13", "2025-11-17", "2025-11-18", "2025-11-19", "2025-11-21", "2025-11-24", "2025-11-25", "2025-11-26", "2025-11-27", "2025-11-28", "2025-12-01", "2025-12-02", "2025-12-03", "2025-12-04", "2025-12-05", "2025-12-08", "2025-12-09", "2025-12-10", "2025-12-11", "2025-12-12", "2025-12-15", "2025-12-16", "2025-12-17", "2025-12-18", "2025-12-19", "2025-12-22", "2025-12-23", "2025-12-24", "2025-12-26", "2025-12-29", "2025-12-30", "2025-12-31", "2026-01-02", "2026-01-05", "2026-01-06", "2026-01-07", "2026-01-08", "2026-01-09", "2026-01-12", "2026-01-13", "2026-01-14", "2026-01-15", "2026-01-16", "2026-01-19", "2026-01-20", "2026-01-21", "2026-01-22", "2026-01-23", "2026-01-26", "2026-01-27", "2026-01-28", "2026-01-29", "2026-01-30", "2026-02-02", "2026-02-03", "2026-02-04", "2026-02-05", "2026-02-06", "2026-02-09", "2026-02-10", "2026-02-11", "2026-02-12", "2026-02-13", "2026-02-16", "2026-02-17", "2026-02-18", "2026-02-19", "2026-02-20", "2026-02-23", "2026-02-24", "2026-02-25", "2026-02-26", "2026-02-27", "2026-03-02", "2026-03-03", "2026-03-04", "2026-03-05", "2026-03-06", "2026-03-09", "2026-03-10", "2026-03-11", "2026-03-12", "2026-03-13", "2026-03-16", "2026-03-17", "2026-03-18", "2026-03-19", "2026-03-20", "2026-03-23", "2026-03-24", "2026-03-25", "2026-03-26", "2026-03-27", "2026-03-30", "2026-03-31", "2026-04-01", "2026-04-02", "2026-04-03", "2026-04-06", "2026-04-07", "2026-04-08", "2026-04-09", "2026-04-10", "2026-04-13", "2026-04-14", "2026-04-15", "2026-04-16", "2026-04-17", "2026-04-20", "2026-04-21", "2026-04-22", "2026-04-23", "2026-04-24", "2026-04-27", "2026-04-28", "2026-04-29", "2026-04-30", "2026-05-01", "2026-05-04", "2026-05-05", "2026-05-06", "2026-05-07", "2026-05-08", "2026-05-11", "2026-05-12", "2026-05-13", "2026-05-14", "2026-05-15", "2026-05-18", "2026-05-19", "2026-05-20", "2026-05-21", "2026-05-22", "2026-05-25", "2026-05-26", "2026-05-27", "2026-05-28", "2026-05-29", "2026-06-01", "2026-06-02", "2026-06-03", "2026-06-04", "2026-06-05", "2026-06-08", "2026-06-09", "2026-06-10"], "pipeline_semantic_id": "1e3018b11ed0130545aefda0aeca927d625f246d7054b0ba7847e3a5c299e37a", "quant_lab_commit": "8c46f80dc65485c70751785b8edcaf5dfc11c0d2", "quant_lab_replay_source_identity": "affe0fc52ec790dd8c29b1dc171167276975ff72be739f08fd1dfd2ebd41e251", "replay_dates": ["2025-06-02", "2025-06-03", "2025-06-04", "2025-06-05", "2025-06-06", "2025-06-09", "2025-06-10", "2025-06-11", "2025-06-12", "2025-06-13", "2025-06-16", "2025-06-17", "2025-06-18", "2025-06-19", "2025-06-20", "2025-06-23", "2025-06-24", "2025-06-25", "2025-06-26", "2025-06-27", "2025-06-30", "2025-07-01", "2025-07-02", "2025-07-03", "2025-07-04", "2025-07-07", "2025-07-09", "2025-07-10", "2025-07-11", "2025-07-14", "2025-07-15", "2025-07-16", "2025-07-17", "2025-07-18", "2025-07-21", "2025-07-22", "2025-07-23", "2025-07-24", "2025-07-25", "2025-07-28", "2025-07-29", "2025-07-30", "2025-07-31", "2025-08-01", "2025-08-04", "2025-08-05", "2025-08-06", "2025-08-07", "2025-08-08", "2025-08-11", "2025-08-12", "2025-08-13", "2025-08-14", "2025-08-15", "2025-08-18", "2025-08-19", "2025-08-20", "2025-08-21", "2025-08-22", "2025-08-25", "2025-08-26", "2025-08-27", "2025-08-28", "2025-08-29", "2025-09-01", "2025-09-02", "2025-09-03", "2025-09-04", "2025-09-05", "2025-09-08", "2025-09-09", "2025-09-10", "2025-09-11", "2025-09-12", "2025-09-15", "2025-09-16", "2025-09-17", "2025-09-18", "2025-09-19", "2025-09-22", "2025-09-23", "2025-09-24", "2025-09-25", "2025-09-26", "2025-09-29", "2025-09-30", "2025-10-01", "2025-10-02", "2025-10-03", "2025-10-06", "2025-10-07", "2025-10-08", "2025-10-09", "2025-10-10", "2025-10-13", "2025-10-14", "2025-10-15", "2025-10-16", "2025-10-17", "2025-10-20", "2025-10-21", "2025-10-22", "2025-10-23", "2025-10-24", "2025-10-27", "2025-10-28", "2025-10-29", "2025-10-30", "2025-10-31", "2025-11-03", "2025-11-04", "2025-11-05", "2025-11-06", "2025-11-07", "2025-11-10", "2025-11-11", "2025-11-12", "2025-11-13", "2025-11-17", "2025-11-18", "2025-11-19", "2025-11-21", "2025-11-24", "2025-11-25", "2025-11-26", "2025-11-27", "2025-11-28", "2025-12-01", "2025-12-02", "2025-12-03", "2025-12-04", "2025-12-05", "2025-12-08", "2025-12-09", "2025-12-10", "2025-12-11", "2025-12-12", "2025-12-15", "2025-12-16", "2025-12-17", "2025-12-18", "2025-12-19", "2025-12-22", "2025-12-23", "2025-12-24", "2025-12-26", "2025-12-29", "2025-12-30", "2025-12-31", "2026-01-02", "2026-01-05", "2026-01-06", "2026-01-07", "2026-01-08", "2026-01-09", "2026-01-12", "2026-01-13", "2026-01-14", "2026-01-15", "2026-01-16", "2026-01-19", "2026-01-20", "2026-01-21", "2026-01-22", "2026-01-23", "2026-01-26", "2026-01-27", "2026-01-28", "2026-01-29", "2026-01-30", "2026-02-02", "2026-02-03", "2026-02-04", "2026-02-05", "2026-02-06", "2026-02-09", "2026-02-10", "2026-02-11", "2026-02-12", "2026-02-13", "2026-02-16", "2026-02-17", "2026-02-18", "2026-02-19", "2026-02-20", "2026-02-23", "2026-02-24", "2026-02-25", "2026-02-26", "2026-02-27", "2026-03-02", "2026-03-03", "2026-03-04", "2026-03-05", "2026-03-06", "2026-03-09", "2026-03-10", "2026-03-11", "2026-03-12", "2026-03-13", "2026-03-16", "2026-03-17", "2026-03-18", "2026-03-19", "2026-03-20", "2026-03-23", "2026-03-24", "2026-03-25", "2026-03-26", "2026-03-27", "2026-03-30", "2026-03-31", "2026-04-01", "2026-04-02", "2026-04-03", "2026-04-06", "2026-04-07", "2026-04-08", "2026-04-09", "2026-04-10", "2026-04-13", "2026-04-14", "2026-04-15", "2026-04-16", "2026-04-17", "2026-04-20", "2026-04-21", "2026-04-22", "2026-04-23", "2026-04-24", "2026-04-27", "2026-04-28", "2026-04-29", "2026-04-30", "2026-05-01", "2026-05-04", "2026-05-05", "2026-05-06", "2026-05-07", "2026-05-08", "2026-05-11", "2026-05-12", "2026-05-13", "2026-05-14", "2026-05-15", "2026-05-18", "2026-05-19", "2026-05-20", "2026-05-21", "2026-05-22", "2026-05-25", "2026-05-26", "2026-05-27", "2026-05-28", "2026-05-29", "2026-06-01", "2026-06-02", "2026-06-03", "2026-06-04", "2026-06-05", "2026-06-08", "2026-06-09", "2026-06-10"], "replay_input_bundle_id": "8bfc79dfed8bdc85b700c9f3c2e4351ee017c9a4df1c2f5d73c2e08fb3384dd8", "resolved_section_config_hash": "8c667a8fa521e595b5d8b62ef715d38280106c340eb69fc46b6601f6c442e6d6", "search_id": "519b5317ebde363e47081db22e3a022378403e2468155d1af0415cdb33290a3b", "strategy_core_commit": "709487bc85ef82a259297c4ad6f3f198f4cabbcd", "strategy_core_source_identity": "30ffab98b2766da326a3712d2639e962e1b72241b9c3327fdb41faa95f5ec57b", "v2_dataset_artifact_id": "1d3e2a425c8c3604d20de2ab9d6c7e4988dd87776ace594e4a859562a7be0aae", "warmup_dates": ["2025-06-02", "2025-06-03", "2025-06-04", "2025-06-05", "2025-06-06", "2025-06-09", "2025-06-10", "2025-06-11", "2025-06-12", "2025-06-13"]}, "schema_version": 1, "source_file_sha256": {"daily_total_dealer_gamma_and_regime.csv": "afb8e9bae8c9ae5a6200cb49e3862d222551e168962ac402fefff6ee15c9821d", "eod_gamma_levels_daily_wide.csv": "aeb8bad860db92863af8c5db289eb426dcf765061783264e1a527cd39dac9553"}}
candidate_id,decision_id,trade_id,availability_ts_utc,entry_price_points,tick_size,trading_date,source_eod_date,source_file_sha256,levels,regime,total_net_gex,gex_percentile_1y,implied_move_points,selected_instrument_id,roll_flag,context_available,unavailable_reason,slot_chicago,hvl_side,nearest_above_names,nearest_above_points,nearest_above_distance_points,nearest_above_distance_implied,nearest_below_names,nearest_below_points,nearest_below_distance_points,nearest_below_distance_implied,nearest_support_is_gex1,nearest_support_universe,opening_move_signed,opening_move_abs,regime_gate_blocked,nearest_support_gate_blocked,gate_status,entry_session
bccdc321-0cc9-5eca-ac47-bab11464b62b,79ac8936-8298-5eac-83e0-4c69fa0c537f,3139b173-fb58-5db4-91f0-71901813ebe5,2025-06-05T10:32:00+00:00,21802.75,0.25,2025-06-05,,aeb8bad860db92863af8c5db289eb426dcf765061783264e1a527cd39dac9553,"{""Call Resistance"": null, ""Put Support"": null, ""HVL"": null, ""1D Min"": null, ""1D Max"": null, ""Call Resistance 0DTE"": null, ""Put Support 0DTE"": null, ""HVL 0DTE"": null, ""Gamma Wall 0DTE"": null, ""GEX 1"": null, ""GEX 2"": null, ""GEX 3"": null, ""GEX 4"": null, ""GEX 5"": null, ""GEX 6"": null, ""GEX 7"": null, ""GEX 8"": null, ""GEX 9"": null, ""GEX 10"": null}",unknown,,,,42005804,False,False,before_0600,outside_cash,,,,,,,,,,,all_19,,,,,not_applicable_outside_hours,london
b5dd576c-5ba0-5eab-b3ee-cc41f1c9e5d1,,,2025-06-05T10:32:00+00:00,21802.75,0.25,2025-06-05,,aeb8bad860db92863af8c5db289eb426dcf765061783264e1a527cd39dac9553,"{""Call Resistance"": null, ""Put Support"": null, ""HVL"": null, ""1D Min"": null, ""1D Max"": null, ""Call Resistance 0DTE"": null, ""Put Support 0DTE"": null, ""HVL 0DTE"": null, ""Gamma Wall 0DTE"": null, ""GEX 1"": null, ""GEX 2"": null, ""GEX 3"": null, ""GEX 4"": null, ""GEX 5"": null, ""GEX 6"": null, ""GEX 7"": null, ""GEX 8"": null, ""GEX 9"": null, ""GEX 10"": null}",unknown,,,,42005804,False,False,before_0600,outside_cash,,,,,,,,,,,all_19,,,,,not_applicable_outside_hours,london
40300f15-7dbf-58be-ba6c-4de990762a5d,,,2025-06-05T12:11:00+00:00,21772.0,0.25,2025-06-05,2025-06-04,aeb8bad860db92863af8c5db289eb426dcf765061783264e1a527cd39dac9553,"{""Call Resistance"": 21900.0, ""Put Support"": 21780.0, ""HVL"": 21790.0, ""1D Min"": 21511.15, ""1D Max"": 21984.85, ""Call Resistance 0DTE"": 21900.0, ""Put Support 0DTE"": 21750.0, ""HVL 0DTE"": 21790.0, ""Gamma Wall 0DTE"": 21900.0, ""GEX 1"": 21800.0, ""GEX 2"": 21850.0, ""GEX 3"": 21910.0, ""GEX 4"": 21950.0, ""GEX 5"": 21890.0, ""GEX 6"": 22000.0, ""GEX 7"": 21500.0, ""GEX 8"": 21300.0, ""GEX 9"": 22100.0, ""GEX 10"": 22050.0}",positive,2265368.8647174663,0.5254237288135594,236.84999999999854,42005804,False,True,,outside_cash,below,Put Support,21780.0,8.0,0.03377665188938167,Put Support 0DTE,21750.0,22.0,0.0928857926957996,False,all_19,0.07388642600802241,0.07388642600802241,False,False,evaluated,ny
dc37ab91-b421-5ab6-b2b3-4072b7aab4ad,0056b578-3f4b-545a-ac95-79aa998a3996,4fa980f0-b708-55b8-b1d7-477012780d37,2025-06-05T12:14:00+00:00,21779.75,0.25,2025-06-05,2025-06-04,aeb8bad860db92863af8c5db289eb426dcf765061783264e1a527cd39dac9553,"{""Call Resistance"": 21900.0, ""Put Support"": 21780.0, ""HVL"": 21790.0, ""1D Min"": 21511.15, ""1D Max"": 21984.85, ""Call Resistance 0DTE"": 21900.0, ""Put Support 0DTE"": 21750.0, ""HVL 0DTE"": 21790.0, ""Gamma Wall 0DTE"": 21900.0, ""GEX 1"": 21800.0, ""GEX 2"": 21850.0, ""GEX 3"": 21910.0, ""GEX 4"": 21950.0, ""GEX 5"": 21890.0, ""GEX 6"": 22000.0, ""GEX 7"": 21500.0, ""GEX 8"": 21300.0, ""GEX 9"": 22100.0, ""GEX 10"": 22050.0}",positive,2265368.8647174663,0.5254237288135594,236.84999999999854,42005804,False,True,,outside_cash,below,Put Support,21780.0,0.25,0.0010555203715431772,Put Support 0DTE,21750.0,29.75,0.1256069242136381,False,all_19,0.09605235381042913,0.09605235381042913,False,False,evaluated,ny
dd07b6c3-fcf7-5a28-a2f4-fa732d701896,fcb1ce13-afa1-5720-80e2-2abec2052fe5,2c681e4c-778f-53f4-b989-f39b3658c42c,2025-06-06T09:55:00+00:00,21684.5,0.25,2025-06-06,,aeb8bad860db92863af8c5db289eb426dcf765061783264e1a527cd39dac9553,"{""Call Resistance"": null, ""Put Support"": null, ""HVL"": null, ""1D Min"": null, ""1D Max"": null, ""Call Resistance 0DTE"": null, ""Put Support 0DTE"": null, ""HVL 0DTE"": null, ""Gamma Wall 0DTE"": null, ""GEX 1"": null, ""GEX 2"": null, ""GEX 3"": null, ""GEX 4"": null, ""GEX 5"": null, ""GEX 6"": null, ""GEX 7"": null, ""GEX 8"": null, ""GEX 9"": null, ""GEX 10"": null}",unknown,,,,42005804,False,False,before_0600,outside_cash,,,,,,,,,,,all_19,,,,,not_applicable_outside_hours,london
cad8f650-1bf1-5d45-84e2-37140ac01af4,,,2025-06-06T10:02:00+00:00,21673.75,0.25,2025-06-06,,aeb8bad860db92863af8c5db289eb426dcf765061783264e1a527cd39dac9553,"{""Call Resistance"": null, ""Put Support"": null, ""HVL"": null, ""1D Min"": null, ""1D Max"": null, ""Call Resistance 0DTE"": null, ""Put Support 0DTE"": null, ""HVL 0DTE"": null, ""Gamma Wall 0DTE"": null, ""GEX 1"": null, ""GEX 2"": null, ""GEX 3"": null, ""GEX 4"": null, ""GEX 5"": null, ""GEX 6"": null, ""GEX 7"": null, ""GEX 8"": null, ""GEX 9"": null, ""GEX 10"": null}",unknown,,,,42005804,False,False,before_0600,outside_cash,,,,,,,,,,,all_19,,,,,not_applicable_outside_hours,london
088d53ba-9e5a-5e45-a118-9d77db5f6589,,,2025-06-06T10:21:00+00:00,21688.0,0.25,2025-06-06,,aeb8bad860db92863af8c5db289eb426dcf765061783264e1a527cd39dac9553,"{""Call Resistance"": null, ""Put Support"": null, ""HVL"": null, ""1D Min"": null, ""1D Max"": null, ""Call Resistance 0DTE"": null, ""Put Support 0DTE"": null, ""HVL 0DTE"": null, ""Gamma Wall 0DTE"": null, ""GEX 1"": null, ""GEX 2"": null, ""GEX 3"": null, ""GEX 4"": null, ""GEX 5"": null, ""GEX 6"": null, ""GEX 7"": null, ""GEX 8"": null, ""GEX 9"": null, ""GEX 10"": null}",unknown,,,,42005804,False,False,before_0600,outside_cash,,,,,,,,,,,all_19,,,,,not_applicable_outside_hours,london
89afdce5-d4cc-5763-b85a-b4e6835562ee,,,2025-06-06T10:40:00+00:00,21676.0,0.25,2025-06-06,,aeb8bad860db92863af8c5db289eb426dcf765061783264e1a527cd39dac9553,"{""Call Resistance"": null, ""Put Support"": null, ""HVL"": null, ""1D Min"": null, ""1D Max"": null, ""Call Resistance 0DTE"": null, ""Put Support 0DTE"": null, ""HVL 0DTE"": null, ""Gamma Wall 0DTE"": null, ""GEX 1"": null, ""GEX 2"": null, ""GEX 3"": null, ""GEX 4"": null, ""GEX 5"": null, ""GEX 6"": null, ""GEX 7"": null, ""GEX 8"": null, ""GEX 9"": null, ""GEX 10"": null}",unknown,,,,42005804,False,False,before_0600,outside_cash,,,,,,,,,,,all_19,,,,,not_applicable_outside_hours,london
7bedee8e-e442-5772-9599-00721bcf748c,fbabf82f-9544-5fff-a528-0a5ffa07ee4d,0c835052-9976-5e3f-8ec1-c3b195814458,2025-06-10T03:54:00+00:00,21943.75,0.25,2025-06-09,,aeb8bad860db92863af8c5db289eb426dcf765061783264e1a527cd39dac9553,"{""Call Resistance"": null, ""Put Support"": null, ""HVL"": null, ""1D Min"": null, ""1D Max"": null, ""Call Resistance 0DTE"": null, ""Put Support 0DTE"": null, ""HVL 0DTE"": null, ""Gamma Wall 0DTE"": null, ""GEX 1"": null, ""GEX 2"": null, ""GEX 3"": null, ""GEX 4"": null, ""GEX 5"": null, ""GEX 6"": null, ""GEX 7"": null, ""GEX 8"": null, ""GEX 9"": null, ""GEX 10"": null}",unknown,,,,42005804,False,False,after_1700,outside_cash,,,,,,,,,,,all_19,,,,,not_applicable_outside_hours,asia
585abb4d-d40e-5783-b14c-37ff28795459,,,2025-06-10T03:56:00+00:00,21942.0,0.25,2025-06-09,,aeb8bad860db92863af8c5db289eb426dcf765061783264e1a527cd39dac9553,"{""Call Resistance"": null, ""Put Support"": null, ""HVL"": null, ""1D Min"": null, ""1D Max"": null, ""Call Resistance 0DTE"": null, ""Put Support 0DTE"": null, ""HVL 0DTE"": null, ""Gamma Wall 0DTE"": null, ""GEX 1"": null, ""GEX 2"": null, ""GEX 3"": null, ""GEX 4"": null, ""GEX 5"": null, ""GEX 6"": null, ""GEX 7"": null, ""GEX 8"": null, ""GEX 9"": null, ""GEX 10"": null}",unknown,,,,42005804,False,False,after_1700,outside_cash,,,,,,,,,,,all_19,,,,,not_applicable_outside_hours,asia
3a4851f7-46e8-599f-9dde-b128a972bc49,,,2025-06-18T05:55:00+00:00,21987.75,0.25,2025-06-18,,aeb8bad860db92863af8c5db289eb426dcf765061783264e1a527cd39dac9553,"{""Call Resistance"": null, ""Put Support"": null, ""HVL"": null, ""1D Min"": null, ""1D Max"": null, ""Call Resistance 0DTE"": null, ""Put Support 0DTE"": null, ""HVL 0DTE"": null, ""Gamma Wall 0DTE"": null, ""GEX 1"": null, ""GEX 2"": null, ""GEX 3"": null, ""GEX 4"": null, ""GEX 5"": null, ""GEX 6"": null, ""GEX 7"": null, ""GEX 8"": null, ""GEX 9"": null, ""GEX 10"": null}",unknown,,,,42008487,False,False,before_0600,outside_cash,,,,,,,,,,,all_19,,,,,not_applicable_outside_hours,none
dcc52d41-7bcc-5a39-8e38-e98c45af11e0,,,2025-06-18T05:56:00+00:00,21987.75,0.25,2025-06-18,,aeb8bad860db92863af8c5db289eb426dcf765061783264e1a527cd39dac9553,"{""Call Resistance"": null, ""Put Support"": null, ""HVL"": null, ""1D Min"": null, ""1D Max"": null, ""Call Resistance 0DTE"": null, ""Put Support 0DTE"": null, ""HVL 0DTE"": null, ""Gamma Wall 0DTE"": null, ""GEX 1"": null, ""GEX 2"": null, ""GEX 3"": null, ""GEX 4"": null, ""GEX 5"": null, ""GEX 6"": null, ""GEX 7"": null, ""GEX 8"": null, ""GEX 9"": null, ""GEX 10"": null}",unknown,,,,42008487,False,False,before_0600,outside_cash,,,,,,,,,,,all_19,,,,,not_applicable_outside_hours,none
954bce92-2dc9-5045-854f-b9f0dbb43ab2,,,2025-06-18T06:02:00+00:00,21987.5,0.25,2025-06-18,,aeb8bad860db92863af8c5db289eb426dcf765061783264e1a527cd39dac9553,"{""Call Resistance"": null, ""Put Support"": null, ""HVL"": null, ""1D Min"": null, ""1D Max"": null, ""Call Resistance 0DTE"": null, ""Put Support 0DTE"": null, ""HVL 0DTE"": null, ""Gamma Wall 0DTE"": null, ""GEX 1"": null, ""GEX 2"": null, ""GEX 3"": null, ""GEX 4"": null, ""GEX 5"": null, ""GEX 6"": null, ""GEX 7"": null, ""GEX 8"": null, ""GEX 9"": null, ""GEX 10"": null}",unknown,,,,42008487,False,False,before_0600,outside_cash,,,,,,,,,,,all_19,,,,,not_applicable_outside_hours,london
17068c6a-6480-5b80-9133-fa2f49242ae7,dc50629c-2d65-5b29-9f4b-de795f18f1fc,a31c12bd-9a32-53fe-8b2c-453942c8adc0,2025-06-18T06:10:00+00:00,22000.75,0.25,2025-06-18,,aeb8bad860db92863af8c5db289eb426dcf765061783264e1a527cd39dac9553,"{""Call Resistance"": null, ""Put Support"": null, ""HVL"": null, ""1D Min"": null, ""1D Max"": null, ""Call Resistance 0DTE"": null, ""Put Support 0DTE"": null, ""HVL 0DTE"": null, ""Gamma Wall 0DTE"": null, ""GEX 1"": null, ""GEX 2"": null, ""GEX 3"": null, ""GEX 4"": null, ""GEX 5"": null, ""GEX 6"": null, ""GEX 7"": null, ""GEX 8"": null, ""GEX 9"": null, ""GEX 10"": null}",unknown,,,,42008487,False,False,before_0600,outside_cash,,,,,,,,,,,all_19,,,,,not_applicable_outside_hours,london
ba97938d-9e6c-5b7e-9e7e-439771109fc1,,,2025-06-18T06:11:00+00:00,22000.75,0.25,2025-06-18,,aeb8bad860db92863af8c5db289eb426dcf765061783264e1a527cd39dac9553,"{""Call Resistance"": null, ""Put Support"": null, ""HVL"": null, ""1D Min"": null, ""1D Max"": null, ""Call Resistance 0DTE"": null, ""Put Support 0DTE"": null, ""HVL 0DTE"": null, ""Gamma Wall 0DTE"": null, ""GEX 1"": null, ""GEX 2"": null, ""GEX 3"": null, ""GEX 4"": null, ""GEX 5"": null, ""GEX 6"": null, ""GEX 7"": null, ""GEX 8"": null, ""GEX 9"": null, ""GEX 10"": null}",unknown,,,,42008487,False,False,before_0600,outside_cash,,,,,,,,,,,all_19,,,,,not_applicable_outside_hours,london
0a050e41-afc9-5391-9fe3-6bd341dac86f,,,2025-06-18T06:13:00+00:00,22010.25,0.25,2025-06-18,,aeb8bad860db92863af8c5db289eb426dcf765061783264e1a527cd39dac9553,"{""Call Resistance"": null, ""Put Support"": null, ""HVL"": null, ""1D Min"": null, ""1D Max"": null, ""Call Resistance 0DTE"": null, ""Put Support 0DTE"": null, ""HVL 0DTE"": null, ""Gamma Wall 0DTE"": null, ""GEX 1"": null, ""GEX 2"": null, ""GEX 3"": null, ""GEX 4"": null, ""GEX 5"": null, ""GEX 6"": null, ""GEX 7"": null, ""GEX 8"": null, ""GEX 9"": null, ""GEX 10"": null}",unknown,,,,42008487,False,False,before_0600,outside_cash,,,,,,,,,,,all_19,,,,,not_applicable_outside_hours,london
a0d7306d-88c1-5a8c-a44d-f5d3f87111c5,,,2025-06-18T06:24:00+00:00,22009.0,0.25,2025-06-18,,aeb8bad860db92863af8c5db289eb426dcf765061783264e1a527cd39dac9553,"{""Call Resistance"": null, ""Put Support"": null, ""HVL"": null, ""1D Min"": null, ""1D Max"": null, ""Call Resistance 0DTE"": null, ""Put Support 0DTE"": null, ""HVL 0DTE"": null, ""Gamma Wall 0DTE"": null, ""GEX 1"": null, ""GEX 2"": null, ""GEX 3"": null, ""GEX 4"": null, ""GEX 5"": null, ""GEX 6"": null, ""GEX 7"": null, ""GEX 8"": null, ""GEX 9"": null, ""GEX 10"": null}",unknown,,,,42008487,False,False,before_0600,outside_cash,,,,,,,,,,,all_19,,,,,not_applicable_outside_hours,london
9bbc49a5-e091-564a-a1ba-e28f28beac6d,,,2025-06-18T06:28:00+00:00,22015.0,0.25,2025-06-18,,aeb8bad860db92863af8c5db289eb426dcf765061783264e1a527cd39dac9553,"{""Call Resistance"": null, ""Put Support"": null, ""HVL"": null, ""1D Min"": null, ""1D Max"": null, ""Call Resistance 0DTE"": null, ""Put Support 0DTE"": null, ""HVL 0DTE"": null, ""Gamma Wall 0DTE"": null, ""GEX 1"": null, ""GEX 2"": null, ""GEX 3"": null, ""GEX 4"": null, ""GEX 5"": null, ""GEX 6"": null, ""GEX 7"": null, ""GEX 8"": null, ""GEX 9"": null, ""GEX 10"": null}",unknown,,,,42008487,False,False,before_0600,outside_cash,,,,,,,,,,,all_19,,,,,not_applicable_outside_hours,london
8e54062d-e4d6-5f90-a05d-7a99633e67b9,086a4830-a7d6-5d93-9977-dbd51588d8e8,2f1009ac-b484-532a-bfc2-cb8ef4db0b7c,2025-06-20T16:21:00+00:00,21857.5,0.25,2025-06-20,2025-06-19,aeb8bad860db92863af8c5db289eb426dcf765061783264e1a527cd39dac9553,"{""Call Resistance"": 22500.0, ""Put Support"": 21300.0, ""HVL"": 21675.0, ""1D Min"": 21565.5, ""1D Max"": 21840.5, ""Call Resistance 0DTE"": 21700.0, ""Put Support 0DTE"": 21450.0, ""HVL 0DTE"": 21675.0, ""Gamma Wall 0DTE"": 21700.0, ""GEX 1"": 21750.0, ""GEX 2"": 21800.0, ""GEX 3"": 21600.0, ""GEX 4"": 21650.0, ""GEX 5"": 21575.0, ""GEX 6"": 21900.0, ""GEX 7"": 21500.0, ""GEX 8"": 21950.0, ""GEX 9"": 21940.0, ""GEX 10"": 21860.0}",unknown,,,137.5,42008487,False,True,,s2_1000_1200,above,GEX 10,21860.0,2.5,0.01818181818181818,1D Max,21840.5,17.0,0.12363636363636364,False,all_19,1.1636363636363636,1.1636363636363636,False,False,context_unavailable,ny
acb92063-601c-5b14-b4fa-25077ad4a11a,,,2025-06-20T16:24:00+00:00,21848.75,0.25,2025-06-20,2025-06-19,aeb8bad860db92863af8c5db289eb426dcf765061783264e1a527cd39dac9553,"{""Call Resistance"": 22500.0, ""Put Support"": 21300.0, ""HVL"": 21675.0, ""1D Min"": 21565.5, ""1D Max"": 21840.5, ""Call Resistance 0DTE"": 21700.0, ""Put Support 0DTE"": 21450.0, ""HVL 0DTE"": 21675.0, ""Gamma Wall 0DTE"": 21700.0, ""GEX 1"": 21750.0, ""GEX 2"": 21800.0, ""GEX 3"": 21600.0, ""GEX 4"": 21650.0, ""GEX 5"": 21575.0, ""GEX 6"": 21900.0, ""GEX 7"": 21500.0, ""GEX 8"": 21950.0, ""GEX 9"": 21940.0, ""GEX 10"": 21860.0}",unknown,,,137.5,42008487,False,True,,s2_1000_1200,above,GEX 10,21860.0,11.25,0.08181818181818182,1D Max,21840.5,8.25,0.06,False,all_19,1.1509090909090909,1.1509090909090909,False,False,context_unavailable,ny
0215bb57-1248-5457-9125-cc8a984613c6,,,2025-06-20T19:34:00+00:00,21822.0,0.25,2025-06-20,2025-06-19,aeb8bad860db92863af8c5db289eb426dcf765061783264e1a527cd39dac9553,"{""Call Resistance"": 22500.0, ""Put Support"": 21300.0, ""HVL"": 21675.0, ""1D Min"": 21565.5, ""1D Max"": 21840.5, ""Call Resistance 0DTE"": 21700.0, ""Put Support 0DTE"": 21450.0, ""HVL 0DTE"": 21675.0, ""Gamma Wall 0DTE"": 21700.0, ""GEX 1"": 21750.0, ""GEX 2"": 21800.0, ""GEX 3"": 21600.0, ""GEX 4"": 21650.0, ""GEX 5"": 21575.0, ""GEX 6"": 21900.0, ""GEX 7"": 21500.0, ""GEX 8"": 21950.0, ""GEX 9"": 21940.0, ""GEX 10"": 21860.0}",unknown,,,137.5,42008487,False,True,,s4_1330_1510,above,1D Max,21840.5,18.5,0.13454545454545455,GEX 2,21800.0,22.0,0.16,False,all_19,0.8472727272727273,0.8472727272727273,False,False,context_unavailable,none
21c1db0a-8a60-58ef-9c59-a03050658e45,,,2025-06-20T19:57:00+00:00,21845.75,0.25,2025-06-20,2025-06-19,aeb8bad860db92863af8c5db289eb426dcf765061783264e1a527cd39dac9553,"{""Call Resistance"": 22500.0, ""Put Support"": 21300.0, ""HVL"": 21675.0, ""1D Min"": 21565.5, ""1D Max"": 21840.5, ""Call Resistance 0DTE"": 21700.0, ""Put Support 0DTE"": 21450.0, ""HVL 0DTE"": 21675.0, ""Gamma Wall 0DTE"": 21700.0, ""GEX 1"": 21750.0, ""GEX 2"": 21800.0, ""GEX 3"": 21600.0, ""GEX 4"": 21650.0, ""GEX 5"": 21575.0, ""GEX 6"": 21900.0, ""GEX 7"": 21500.0, ""GEX 8"": 21950.0, ""GEX 9"": 21940.0, ""GEX 10"": 21860.0}",unknown,,,137.5,42008487,False,True,,s4_1330_1510,above,GEX 10,21860.0,14.25,0.10363636363636364,1D Max,21840.5,5.25,0.038181818181818185,False,all_19,1.0436363636363637,1.0436363636363637,False,False,context_unavailable,none
23b1dc94-be4c-584e-9404-3a1b53f17ce4,c689fd13-ce1d-559c-8bf8-21c6da84ac45,30734004-d17f-56be-978c-612e5bf0658c,2025-06-20T20:02:00+00:00,21893.25,0.25,2025-06-20,2025-06-19,aeb8bad860db92863af8c5db289eb426dcf765061783264e1a527cd39dac9553,"{""Call Resistance"": 22500.0, ""Put Support"": 21300.0, ""HVL"": 21675.0, ""1D Min"": 21565.5, ""1D Max"": 21840.5, ""Call Resistance 0DTE"": 21700.0, ""Put Support 0DTE"": 21450.0, ""HVL 0DTE"": 21675.0, ""Gamma Wall 0DTE"": 21700.0, ""GEX 1"": 21750.0, ""GEX 2"": 21800.0, ""GEX 3"": 21600.0, ""GEX 4"": 21650.0, ""GEX 5"": 21575.0, ""GEX 6"": 21900.0, ""GEX 7"": 21500.0, ""GEX 8"": 21950.0, ""GEX 9"": 21940.0, ""GEX 10"": 21860.0}",unknown,,,137.5,42008487,False,True,,s4_1330_1510,above,GEX 6,21900.0,6.75,0.04909090909090909,GEX 10,21860.0,33.25,0.24181818181818182,False,all_19,1.3109090909090908,1.3109090909090908,False,False,context_unavailable,asia
5ecc32b6-48a4-567e-9399-dc6c9f14ad5d,,,2025-06-20T20:16:00+00:00,21864.25,0.25,2025-06-20,2025-06-19,aeb8bad860db92863af8c5db289eb426dcf765061783264e1a527cd39dac9553,"{""Call Resistance"": 22500.0, ""Put Support"": 21300.0, ""HVL"": 21675.0, ""1D Min"": 21565.5, ""1D Max"": 21840.5, ""Call Resistance 0DTE"": 21700.0, ""Put Support 0DTE"": 21450.0, ""HVL 0DTE"": 21675.0, ""Gamma Wall 0DTE"": 21700.0, ""GEX 1"": 21750.0, ""GEX 2"": 21800.0, ""GEX 3"": 21600.0, ""GEX 4"": 21650.0, ""GEX 5"": 21575.0, ""GEX 6"": 21900.0, ""GEX 7"": 21500.0, ""GEX 8"": 21950.0, ""GEX 9"": 21940.0, ""GEX 10"": 21860.0}",unknown,,,137.5,42008487,False,True,,outside_cash,above,GEX 6,21900.0,35.75,0.26,GEX 10,21860.0,4.25,0.03090909090909091,False,all_19,1.1436363636363636,1.1436363636363636,False,False,context_unavailable,asia
cf1c867b-1b66-500c-a270-044013a4a81d,,,2025-06-20T20:34:00+00:00,21867.25,0.25,2025-06-20,2025-06-19,aeb8bad860db92863af8c5db289eb426dcf765061783264e1a527cd39dac9553,"{""Call Resistance"": 22500.0, ""Put Support"": 21300.0, ""HVL"": 21675.0, ""1D Min"": 21565.5, ""1D Max"": 21840.5, ""Call Resistance 0DTE"": 21700.0, ""Put Support 0DTE"": 21450.0, ""HVL 0DTE"": 21675.0, ""Gamma Wall 0DTE"": 21700.0, ""GEX 1"": 21750.0, ""GEX 2"": 21800.0, ""GEX 3"": 21600.0, ""GEX 4"": 21650.0, ""GEX 5"": 21575.0, ""GEX 6"": 21900.0, ""GEX 7"": 21500.0, ""GEX 8"": 21950.0, ""GEX 9"": 21940.0, ""GEX 10"": 21860.0}",unknown,,,137.5,42008487,False,True,,outside_cash,above,GEX 6,21900.0,32.75,0.2381818181818182,GEX 10,21860.0,7.25,0.05272727272727273,False,all_19,1.170909090909091,1.170909090909091,False,False,context_unavailable,asia
b23bf434-29b7-5386-9f35-5a04ba8b7b62,,,2025-06-20T20:47:00+00:00,21875.0,0.25,2025-06-20,2025-06-19,aeb8bad860db92863af8c5db289eb426dcf765061783264e1a527cd39dac9553,"{""Call Resistance"": 22500.0, ""Put Support"": 21300.0, ""HVL"": 21675.0, ""1D Min"": 21565.5, ""1D Max"": 21840.5, ""Call Resistance 0DTE"": 21700.0, ""Put Support 0DTE"": 21450.0, ""HVL 0DTE"": 21675.0, ""Gamma Wall 0DTE"": 21700.0, ""GEX 1"": 21750.0, ""GEX 2"": 21800.0, ""GEX 3"": 21600.0, ""GEX 4"": 21650.0, ""GEX 5"": 21575.0, ""GEX 6"": 21900.0, ""GEX 7"": 21500.0, ""GEX 8"": 21950.0, ""GEX 9"": 21940.0, ""GEX 10"": 21860.0}",unknown,,,137.5,42008487,False,True,,outside_cash,above,GEX 6,21900.0,25.0,0.18181818181818182,GEX 10,21860.0,15.0,0.10909090909090909,False,all_19,1.2472727272727273,1.2472727272727273,False,False,context_unavailable,asia
f30cedd6-c728-5de5-9984-eb352d26baee,5a5af119-a628-57c3-9382-80c6856f8b6b,2040afb7-9bcd-55dc-8690-9d6b5eb28320,2025-06-23T12:16:00+00:00,21848.0,0.25,2025-06-23,2025-06-20,aeb8bad860db92863af8c5db289eb426dcf765061783264e1a527cd39dac9553,"{""Call Resistance"": 22500.0, ""Put Support"": 21500.0, ""HVL"": 21950.0, ""1D Min"": 21611.08, ""1D Max"": 22136.92, ""Call Resistance 0DTE"": 22200.0, ""Put Support 0DTE"": 21300.0, ""HVL 0DTE"": 22030.0, ""Gamma Wall 0DTE"": 22200.0, ""GEX 1"": 21800.0, ""GEX 2"": 21900.0, ""GEX 3"": 21850.0, ""GEX 4"": 22100.0, ""GEX 5"": 21700.0, ""GEX 6"": 22250.0, ""GEX 7"": 22300.0, ""GEX 8"": 21600.0, ""GEX 9"": 21400.0, ""GEX 10"": 21550.0}",positive,65359.33591154963,0.3024193548387097,262.91999999999825,42008487,False,True,,outside_cash,below,GEX 3,21850.0,2.0,0.007606876616461332,GEX 1,21800.0,48.0,0.18256503879507197,True,all_19,-0.07321618743344031,0.07321618743344031,False,False,evaluated,ny
bdd0bf68-40f1-5180-b17a-0f9ff200681f,,,2025-06-23T12:21:00+00:00,21836.5,0.25,2025-06-23,2025-06-20,aeb8bad860db92863af8c5db289eb426dcf765061783264e1a527cd39dac9553,"{""Call Resistance"": 22500.0, ""Put Support"": 21500.0, ""HVL"": 21950.0, ""1D Min"": 21611.08, ""1D Max"": 22136.92, ""Call Resistance 0DTE"": 22200.0, ""Put Support 0DTE"": 21300.0, ""HVL 0DTE"": 22030.0, ""Gamma Wall 0DTE"": 22200.0, ""GEX 1"": 21800.0, ""GEX 2"": 21900.0, ""GEX 3"": 21850.0, ""GEX 4"": 22100.0, ""GEX 5"": 21700.0, ""GEX 6"": 22250.0, ""GEX 7"": 22300.0, ""GEX 8"": 21600.0, ""GEX 9"": 21400.0, ""GEX 10"": 21550.0}",positive,65359.33591154963,0.3024193548387097,262.91999999999825,42008487,False,True,,outside_cash,below,GEX 3,21850.0,13.5,0.05134641716111399,GEX 1,21800.0,36.5,0.1388254982504193,True,all_19,-0.09888939601399731,0.09888939601399731,False,False,evaluated,ny
485429cd-aafa-54c8-8840-165b547d5105,,,2025-06-23T12:27:00+00:00,21849.0,0.25,2025-06-23,2025-06-20,aeb8bad860db92863af8c5db289eb426dcf765061783264e1a527cd39dac9553,"{""Call Resistance"": 22500.0, ""Put Support"": 21500.0, ""HVL"": 21950.0, ""1D Min"": 21611.08, ""1D Max"": 22136.92, ""Call Resistance 0DTE"": 22200.0, ""Put Support 0DTE"": 21300.0, ""HVL 0DTE"": 22030.0, ""Gamma Wall 0DTE"": 22200.0, ""GEX 1"": 21800.0, ""GEX 2"": 21900.0, ""GEX 3"": 21850.0, ""GEX 4"": 22100.0, ""GEX 5"": 21700.0, ""GEX 6"": 22250.0, ""GEX 7"": 22300.0, ""GEX 8"": 21600.0, ""GEX 9"": 21400.0, ""GEX 10"": 21550.0}",positive,65359.33591154963,0.3024193548387097,262.91999999999825,42008487,False,True,,outside_cash,below,GEX 3,21850.0,1.0,0.003803438308230666,GEX 1,21800.0,49.0,0.18636847710330262,True,all_19,-0.060855012931690655,0.060855012931690655,False,False,evaluated,ny
d7a3affb-7e5e-55f9-b271-43ad875e5966,,,2025-06-23T12:33:00+00:00,21848.0,0.25,2025-06-23,2025-06-20,aeb8bad860db92863af8c5db289eb426dcf765061783264e1a527cd39dac9553,"{""Call Resistance"": 22500.0, ""Put Support"": 21500.0, ""HVL"": 21950.0, ""1D Min"": 21611.08, ""1D Max"": 22136.92, ""Call Resistance 0DTE"": 22200.0, ""Put Support 0DTE"": 21300.0, ""HVL 0DTE"": 22030.0, ""Gamma Wall 0DTE"": 22200.0, ""GEX 1"": 21800.0, ""GEX 2"": 21900.0, ""GEX 3"": 21850.0, ""GEX 4"": 22100.0, ""GEX 5"": 21700.0, ""GEX 6"": 22250.0, ""GEX 7"": 22300.0, ""GEX 8"": 21600.0, ""GEX 9"": 21400.0, ""GEX 10"": 21550.0}",positive,65359.33591154963,0.3024193548387097,262.91999999999825,42008487,False,True,,outside_cash,below,GEX 3,21850.0,2.0,0.007606876616461332,GEX 1,21800.0,48.0,0.18256503879507197,True,all_19,-0.07606876616461332,0.07606876616461332,False,False,evaluated,ny
7342341c-eb8e-5f20-9b77-b18a3c35950d,,,2025-06-23T12:34:00+00:00,21854.0,0.25,2025-06-23,2025-06-20,aeb8bad860db92863af8c5db289eb426dcf765061783264e1a527cd39dac9553,"{""Call Resistance"": 22500.0, ""Put Support"": 21500.0, ""HVL"": 21950.0, ""1D Min"": 21611.08, ""1D Max"": 22136.92, ""Call Resistance 0DTE"": 22200.0, ""Put Support 0DTE"": 21300.0, ""HVL 0DTE"": 22030.0, ""Gamma Wall 0DTE"": 22200.0, ""GEX 1"": 21800.0, ""GEX 2"": 21900.0, ""GEX 3"": 21850.0, ""GEX 4"": 22100.0, ""GEX 5"": 21700.0, ""GEX 6"": 22250.0, ""GEX 7"": 22300.0, ""GEX 8"": 21600.0, ""GEX 9"": 21400.0, ""GEX 10"": 21550.0}",positive,65359.33591154963,0.3024193548387097,262.91999999999825,42008487,False,True,,outside_cash,below,GEX 2,21900.0,46.0,0.17495816217861063,GEX 3,21850.0,4.0,0.015213753232922664,False,all_19,-0.059904153354632984,0.059904153354632984,False,False,evaluated,ny
95936684-5c66-5d40-8bd7-8c0e073c5f26,,,2025-06-23T12:35:00+00:00,21857.75,0.25,2025-06-23,2025-06-20,aeb8bad860db92863af8c5db289eb426dcf765061783264e1a527cd39dac9553,"{""Call Resistance"": 22500.0, ""Put Support"": 21500.0, ""HVL"": 21950.0, ""1D Min"": 21611.08, ""1D Max"": 22136.92, ""Call Resistance 0DTE"": 22200.0, ""Put Support 0DTE"": 21300.0, ""HVL 0DTE"": 22030.0, ""Gamma Wall 0DTE"": 22200.0, ""GEX 1"": 21800.0, ""GEX 2"": 21900.0, ""GEX 3"": 21850.0, ""GEX 4"": 22100.0, ""GEX 5"": 21700.0, ""GEX 6"": 22250.0, ""GEX 7"": 22300.0, ""GEX 8"": 21600.0, ""GEX 9"": 21400.0, ""GEX 10"": 21550.0}",positive,65359.33591154963,0.3024193548387097,262.91999999999825,42008487,False,True,,outside_cash,below,GEX 2,21900.0,42.25,0.16069526852274563,GEX 3,21850.0,7.75,0.02947664688878766,False,all_19,-0.036132663928191325,0.036132663928191325,False,False,evaluated,ny
6a5de97a-6708-543b-8489-5d8395c08e43,,,2025-06-23T12:36:00+00:00,21857.25,0.25,2025-06-23,2025-06-20,aeb8bad860db92863af8c5db289eb426dcf765061783264e1a527cd39dac9553,"{""Call Resistance"": 22500.0, ""Put Support"": 21500.0, ""HVL"": 21950.0, ""1D Min"": 21611.08, ""1D Max"": 22136.92, ""Call Resistance 0DTE"": 22200.0, ""Put Support 0DTE"": 21300.0, ""HVL 0DTE"": 22030.0, ""Gamma Wall 0DTE"": 22200.0, ""GEX 1"": 21800.0, ""GEX 2"": 21900.0, ""GEX 3"": 21850.0, ""GEX 4"": 22100.0, ""GEX 5"": 21700.0, ""GEX 6"": 22250.0, ""GEX 7"": 22300.0, ""GEX 8"": 21600.0, ""GEX 9"": 21400.0, ""GEX 10"": 21550.0}",positive,65359.33591154963,0.3024193548387097,262.91999999999825,42008487,False,True,,outside_cash,below,GEX 2,21900.0,42.75,0.16259698767686095,GEX 3,21850.0,7.25,0.027574927734672326,False,all_19,-0.02186977027232633,0.02186977027232633,False,False,evaluated,ny
ad20bfd2-0d84-5eb8-bc91-940cfeeb4a60,,,2025-06-23T12:52:00+00:00,21875.75,0.25,2025-06-23,2025-06-20,aeb8bad860db92863af8c5db289eb426dcf765061783264e1a527cd39dac9553,"{""Call Resistance"": 22500.0, ""Put Support"": 21500.0, ""HVL"": 21950.0, ""1D Min"": 21611.08, ""1D Max"": 22136.92, ""Call Resistance 0DTE"": 22200.0, ""Put Support 0DTE"": 21300.0, ""HVL 0DTE"": 22030.0, ""Gamma Wall 0DTE"": 22200.0, ""GEX 1"": 21800.0, ""GEX 2"": 21900.0, ""GEX 3"": 21850.0, ""GEX 4"": 22100.0, ""GEX 5"": 21700.0, ""GEX 6"": 22250.0, ""GEX 7"": 22300.0, ""GEX 8"": 21600.0, ""GEX 9"": 21400.0, ""GEX 10"": 21550.0}",positive,65359.33591154963,0.3024193548387097,262.91999999999825,42008487,False,True,,outside_cash,below,GEX 2,21900.0,24.25,0.09223337897459365,GEX 3,21850.0,25.75,0.09793853643693964,False,all_19,0.04088696181347966,0.04088696181347966,False,False,evaluated,ny
65e8c8cd-927a-51d1-aa0d-627bdfae870b,1e64c8d3-a7f7-557a-8b8b-43121eeaae90,b98c4ea8-c33e-568a-bcd2-d474dd6e3c3c,2025-07-01T16:33:00+00:00,22687.75,0.25,2025-07-01,2025-06-30,aeb8bad860db92863af8c5db289eb426dcf765061783264e1a527cd39dac9553,"{""Call Resistance"": 23000.0, ""Put Support"": 22875.0, ""HVL"": 22790.0, ""1D Min"": 22610.07, ""1D Max"": 23123.43, ""Call Resistance 0DTE"": 22950.0, ""Put Support 0DTE"": 22700.0, ""HVL 0DTE"": 22875.0, ""Gamma Wall 0DTE"": 22950.0, ""GEX 1"": 22900.0, ""GEX 2"": 23100.0, ""GEX 3"": 22800.0, ""GEX 4"": 22850.0, ""GEX 5"": 22890.0, ""GEX 6"": 22500.0, ""GEX 7"": 22600.0, ""GEX 8"": 23200.0, ""GEX 9"": 23300.0, ""GEX 10"": 23250.0}",positive,3981343.558812388,0.7559055118110236,256.6800000000003,42008487,False,True,,s2_1000_1200,below,Put Support 0DTE,22700.0,12.25,0.04772479351721983,1D Min,22610.07,77.68000000000029,0.302633629421849,False,all_19,-0.7363253856942488,0.7363253856942488,False,False,evaluated,ny
f6ee5907-92e9-5d68-a56e-924200558499,,,2025-07-01T16:34:00+00:00,22692.0,0.25,2025-07-01,2025-06-30,aeb8bad860db92863af8c5db289eb426dcf765061783264e1a527cd39dac9553,"{""Call Resistance"": 23000.0, ""Put Support"": 22875.0, ""HVL"": 22790.0, ""1D Min"": 22610.07, ""1D Max"": 23123.43, ""Call Resistance 0DTE"": 22950.0, ""Put Support 0DTE"": 22700.0, ""HVL 0DTE"": 22875.0, ""Gamma Wall 0DTE"": 22950.0, ""GEX 1"": 22900.0, ""GEX 2"": 23100.0, ""GEX 3"": 22800.0, ""GEX 4"": 22850.0, ""GEX 5"": 22890.0, ""GEX 6"": 22500.0, ""GEX 7"": 22600.0, ""GEX 8"": 23200.0, ""GEX 9"": 23300.0, ""GEX 10"": 23250.0}",positive,3981343.558812388,0.7559055118110236,256.6800000000003,42008487,False,True,,s2_1000_1200,below,Put Support 0DTE,22700.0,8.0,0.031167212092878257,1D Min,22610.07,81.93000000000029,0.31919121084619057,False,all_19,-0.725611656537322,0.725611656537322,False,False,evaluated,ny
9a63fc6e-6080-5225-acaa-9c46c19f4497,,,2025-07-01T16:39:00+00:00,22708.0,0.25,2025-07-01,2025-06-30,aeb8bad860db92863af8c5db289eb426dcf765061783264e1a527cd39dac9553,"{""Call Resistance"": 23000.0, ""Put Support"": 22875.0, ""HVL"": 22790.0, ""1D Min"": 22610.07, ""1D Max"": 23123.43, ""Call Resistance 0DTE"": 22950.0, ""Put Support 0DTE"": 22700.0, ""HVL 0DTE"": 22875.0, ""Gamma Wall 0DTE"": 22950.0, ""GEX 1"": 22900.0, ""GEX 2"": 23100.0, ""GEX 3"": 22800.0, ""GEX 4"": 22850.0, ""GEX 5"": 22890.0, ""GEX 6"": 22500.0, ""GEX 7"": 22600.0, ""GEX 8"": 23200.0, ""GEX 9"": 23300.0, ""GEX 10"": 23250.0}",positive,3981343.558812388,0.7559055118110236,256.6800000000003,42008487,False,True,,s2_1000_1200,below,HVL,22790.0,82.0,0.3194639239520021,Put Support 0DTE,22700.0,8.0,0.031167212092878257,False,all_19,-0.6642512077294679,0.6642512077294679,False,False,evaluated,ny
abff2674-9608-5eef-83ea-f529e233f141,,,2025-07-07T19:46:00+00:00,22857.25,0.25,2025-07-07,2025-07-04,aeb8bad860db92863af8c5db289eb426dcf765061783264e1a527cd39dac9553,"{""Call Resistance"": 23000.0, ""Put Support"": 22850.0, ""HVL"": 22450.0, ""1D Min"": 22864.06, ""1D Max"": 22949.44, ""Call Resistance 0DTE"": 23000.0, ""Put Support 0DTE"": 22900.0, ""HVL 0DTE"": 22600.0, ""Gamma Wall 0DTE"": 23000.0, ""GEX 1"": 22875.0, ""GEX 2"": 22920.0, ""GEX 3"": 22930.0, ""GEX 4"": 22925.0, ""GEX 5"": 22870.0, ""GEX 6"": 22825.0, ""GEX 7"": 22975.0, ""GEX 8"": 22950.0, ""GEX 9"": 22840.0, ""GEX 10"": 22830.0}",unknown,,,42.68999999999869,42008487,False,True,,s4_1330_1510,above,1D Min,22864.06,6.81000000000131,0.15952213633172918,Put Support,22850.0,7.25,0.16982899976575833,False,all_19,-1.194659170766024,1.194659170766024,False,False,context_unavailable,none
a2fe8f7a-903a-56a4-aeca-c9f636edc062,,,2025-07-07T19:47:00+00:00,22847.5,0.25,2025-07-07,2025-07-04,aeb8bad860db92863af8c5db289eb426dcf765061783264e1a527cd39dac9553,"{""Call Resistance"": 23000.0, ""Put Support"": 22850.0, ""HVL"": 22450.0, ""1D Min"": 22864.06, ""1D Max"": 22949.44, ""Call Resistance 0DTE"": 23000.0, ""Put Support 0DTE"": 22900.0, ""HVL 0DTE"": 22600.0, ""Gamma Wall 0DTE"": 23000.0, ""GEX 1"": 22875.0, ""GEX 2"": 22920.0, ""GEX 3"": 22930.0, ""GEX 4"": 22925.0, ""GEX 5"": 22870.0, ""GEX 6"": 22825.0, ""GEX 7"": 22975.0, ""GEX 8"": 22950.0, ""GEX 9"": 22840.0, ""GEX 10"": 22830.0}",unknown,,,42.68999999999869,42008487,False,True,,s4_1330_1510,above,Put Support,22850.0,2.5,0.05856172405715804,GEX 9,22840.0,7.5,0.1756851721714741,False,all_19,-1.0833918950574237,1.0833918950574237,False,False,context_unavailable,none
753cd51d-bc60-5af9-af59-176c9d74bae3,,,2025-07-07T19:52:00+00:00,22869.0,0.25,2025-07-07,2025-07-04,aeb8bad860db92863af8c5db289eb426dcf765061783264e1a527cd39dac9553,"{""Call Resistance"": 23000.0, ""Put Support"": 22850.0, ""HVL"": 22450.0, ""1D Min"": 22864.06, ""1D Max"": 22949.44, ""Call Resistance 0DTE"": 23000.0, ""Put Support 0DTE"": 22900.0, ""HVL 0DTE"": 22600.0, ""Gamma Wall 0DTE"": 23000.0, ""GEX 1"": 22875.0, ""GEX 2"": 22920.0, ""GEX 3"": 22930.0, ""GEX 4"": 22925.0, ""GEX 5"": 22870.0, ""GEX 6"": 22825.0, ""GEX 7"": 22975.0, ""GEX 8"": 22950.0, ""GEX 9"": 22840.0, ""GEX 10"": 22830.0}",unknown,,,42.68999999999869,42008487,False,True,,s4_1330_1510,above,GEX 5,22870.0,1.0,0.023424689622863214,1D Min,22864.06,4.93999999999869,0.1157179667369136,False,all_19,-0.808151791988781,0.808151791988781,False,False,context_unavailable,none
4dcd36f2-b1d1-5eb1-ae66-a7621ed9550d,,,2025-07-07T19:57:00+00:00,22885.0,0.25,2025-07-07,2025-07-04,aeb8bad860db92863af8c5db289eb426dcf765061783264e1a527cd39dac9553,"{""Call Resistance"": 23000.0, ""Put Support"": 22850.0, ""HVL"": 22450.0, ""1D Min"": 22864.06, ""1D Max"": 22949.44, ""Call Resistance 0DTE"": 23000.0, ""Put Support 0DTE"": 22900.0, ""HVL 0DTE"": 22600.0, ""Gamma Wall 0DTE"": 23000.0, ""GEX 1"": 22875.0, ""GEX 2"": 22920.0, ""GEX 3"": 22930.0, ""GEX 4"": 22925.0, ""GEX 5"": 22870.0, ""GEX 6"": 22825.0, ""GEX 7"": 22975.0, ""GEX 8"": 22950.0, ""GEX 9"": 22840.0, ""GEX 10"": 22830.0}",unknown,,,42.68999999999869,42008487,False,True,,s4_1330_1510,above,Put Support 0DTE,22900.0,15.0,0.3513703443429482,GEX 1,22875.0,10.0,0.23424689622863215,True,all_19,-0.5153431717029907,0.5153431717029907,False,False,context_unavailable,none
34bea32a-b3f6-54bd-8b47-5754ef3ab4a3,2f021270-320b-58af-aa56-dd96ae2c085a,bf44c5ce-8775-5e94-9068-408d4aa9ee99,2025-07-07T20:16:00+00:00,22858.75,0.25,2025-07-07,2025-07-04,aeb8bad860db92863af8c5db289eb426dcf765061783264e1a527cd39dac9553,"{""Call Resistance"": 23000.0, ""Put Support"": 22850.0, ""HVL"": 22450.0, ""1D Min"": 22864.06, ""1D Max"": 22949.44, ""Call Resistance 0DTE"": 23000.0, ""Put Support 0DTE"": 22900.0, ""HVL 0DTE"": 22600.0, ""Gamma Wall 0DTE"": 23000.0, ""GEX 1"": 22875.0, ""GEX 2"": 22920.0, ""GEX 3"": 22930.0, ""GEX 4"": 22925.0, ""GEX 5"": 22870.0, ""GEX 6"": 22825.0, ""GEX 7"": 22975.0, ""GEX 8"": 22950.0, ""GEX 9"": 22840.0, ""GEX 10"": 22830.0}",unknown,,,42.68999999999869,42008487,False,True,,outside_cash,above,1D Min,22864.06,5.31000000000131,0.12438510189743436,Put Support,22850.0,8.75,0.20496603420005313,False,all_19,-1.0599672054345606,1.0599672054345606,False,False,context_unavailable,asia
9868f028-0ff5-5ef0-adf3-90ff82998064,,,2025-07-07T20:21:00+00:00,22864.25,0.25,2025-07-07,2025-07-04,aeb8bad860db92863af8c5db289eb426dcf765061783264e1a527cd39dac9553,"{""Call Resistance"": 23000.0, ""Put Support"": 22850.0, ""HVL"": 22450.0, ""1D Min"": 22864.06, ""1D Max"": 22949.44, ""Call Resistance 0DTE"": 23000.0, ""Put Support 0DTE"": 22900.0, ""HVL 0DTE"": 22600.0, ""Gamma Wall 0DTE"": 23000.0, ""GEX 1"": 22875.0, ""GEX 2"": 22920.0, ""GEX 3"": 22930.0, ""GEX 4"": 22925.0, ""GEX 5"": 22870.0, ""GEX 6"": 22825.0, ""GEX 7"": 22975.0, ""GEX 8"": 22950.0, ""GEX 9"": 22840.0, ""GEX 10"": 22830.0}",unknown,,,42.68999999999869,42008487,False,True,,outside_cash,above,GEX 5,22870.0,5.75,0.1346919653314635,1D Min,22864.06,0.18999999999869033,0.004450691028313332,False,all_19,-0.9428437573202444,0.9428437573202444,False,False,context_unavailable,asia
07f31fac-2cb3-5a67-a61e-240237b01622,4002e5ae-8840-5a98-b902-2944646fb268,ac1989a6-815a-5b88-9006-5daca4c6984b,2025-07-14T01:19:00+00:00,22857.25,0.25,2025-07-13,,aeb8bad860db92863af8c5db289eb426dcf765061783264e1a527cd39dac9553,"{""Call Resistance"": null, ""Put Support"": null, ""HVL"": null, ""1D Min"": null, ""1D Max"": null, ""Call Resistance 0DTE"": null, ""Put Support 0DTE"": null, ""HVL 0DTE"": null, ""Gamma Wall 0DTE"": null, ""GEX 1"": null, ""GEX 2"": null, ""GEX 3"": null, ""GEX 4"": null, ""GEX 5"": null, ""GEX 6"": null, ""GEX 7"": null, ""GEX 8"": null, ""GEX 9"": null, ""GEX 10"": null}",unknown,,,,42008487,False,False,after_1700,outside_cash,,,,,,,,,,,all_19,,,,,not_applicable_outside_hours,asia
894578d1-1be9-5ffb-82e7-b91f4b533e15,,,2025-07-14T01:19:00+00:00,22857.25,0.25,2025-07-13,,aeb8bad860db92863af8c5db289eb426dcf765061783264e1a527cd39dac9553,"{""Call Resistance"": null, ""Put Support"": null, ""HVL"": null, ""1D Min"": null, ""1D Max"": null, ""Call Resistance 0DTE"": null, ""Put Support 0DTE"": null, ""HVL 0DTE"": null, ""Gamma Wall 0DTE"": null, ""GEX 1"": null, ""GEX 2"": null, ""GEX 3"": null, ""GEX 4"": null, ""GEX 5"": null, ""GEX 6"": null, ""GEX 7"": null, ""GEX 8"": null, ""GEX 9"": null, ""GEX 10"": null}",unknown,,,,42008487,False,False,after_1700,outside_cash,,,,,,,,,,,all_19,,,,,not_applicable_outside_hours,asia
94aa3be1-419a-59d0-a6b0-4a66ce409f24,,,2025-07-14T01:30:00+00:00,22847.5,0.25,2025-07-13,,aeb8bad860db92863af8c5db289eb426dcf765061783264e1a527cd39dac9553,"{""Call Resistance"": null, ""Put Support"": null, ""HVL"": null, ""1D Min"": null, ""1D Max"": null, ""Call Resistance 0DTE"": null, ""Put Support 0DTE"": null, ""HVL 0DTE"": null, ""Gamma Wall 0DTE"": null, ""GEX 1"": null, ""GEX 2"": null, ""GEX 3"": null, ""GEX 4"": null, ""GEX 5"": null, ""GEX 6"": null, ""GEX 7"": null, ""GEX 8"": null, ""GEX 9"": null, ""GEX 10"": null}",unknown,,,,42008487,False,False,after_1700,outside_cash,,,,,,,,,,,all_19,,,,,not_applicable_outside_hours,asia
25025c83-b38c-5e98-925b-93d278ffc1ba,,,2025-07-14T01:32:00+00:00,22851.75,0.25,2025-07-13,,aeb8bad860db92863af8c5db289eb426dcf765061783264e1a527cd39dac9553,"{""Call Resistance"": null, ""Put Support"": null, ""HVL"": null, ""1D Min"": null, ""1D Max"": null, ""Call Resistance 0DTE"": null, ""Put Support 0DTE"": null, ""HVL 0DTE"": null, ""Gamma Wall 0DTE"": null, ""GEX 1"": null, ""GEX 2"": null, ""GEX 3"": null, ""GEX 4"": null, ""GEX 5"": null, ""GEX 6"": null, ""GEX 7"": null, ""GEX 8"": null, ""GEX 9"": null, ""GEX 10"": null}",unknown,,,,42008487,False,False,after_1700,outside_cash,,,,,,,,,,,all_19,,,,,not_applicable_outside_hours,asia
64fe83a3-4b2a-5e20-9eb8-6d64c5ba6974,,,2025-07-14T01:42:00+00:00,22856.75,0.25,2025-07-13,,aeb8bad860db92863af8c5db289eb426dcf765061783264e1a527cd39dac9553,"{""Call Resistance"": null, ""Put Support"": null, ""HVL"": null, ""1D Min"": null, ""1D Max"": null, ""Call Resistance 0DTE"": null, ""Put Support 0DTE"": null, ""HVL 0DTE"": null, ""Gamma Wall 0DTE"": null, ""GEX 1"": null, ""GEX 2"": null, ""GEX 3"": null, ""GEX 4"": null, ""GEX 5"": null, ""GEX 6"": null, ""GEX 7"": null, ""GEX 8"": null, ""GEX 9"": null, ""GEX 10"": null}",unknown,,,,42008487,False,False,after_1700,outside_cash,,,,,,,,,,,all_19,,,,,not_applicable_outside_hours,asia
7e8a1637-5ddd-5793-871c-fd9faa8161f9,,,2025-07-14T02:02:00+00:00,22860.25,0.25,2025-07-13,,aeb8bad860db92863af8c5db289eb426dcf765061783264e1a527cd39dac9553,"{""Call Resistance"": null, ""Put Support"": null, ""HVL"": null, ""1D Min"": null, ""1D Max"": null, ""Call Resistance 0DTE"": null, ""Put Support 0DTE"": null, ""HVL 0DTE"": null, ""Gamma Wall 0DTE"": null, ""GEX 1"": null, ""GEX 2"": null, ""GEX 3"": null, ""GEX 4"": null, ""GEX 5"": null, ""GEX 6"": null, ""GEX 7"": null, ""GEX 8"": null, ""GEX 9"": null, ""GEX 10"": null}",unknown,,,,42008487,False,False,after_1700,outside_cash,,,,,,,,,,,all_19,,,,,not_applicable_outside_hours,asia
66fa9790-d23a-548f-89b9-b3dbcf21dd85,,,2025-07-14T02:14:00+00:00,22864.25,0.25,2025-07-13,,aeb8bad860db92863af8c5db289eb426dcf765061783264e1a527cd39dac9553,"{""Call Resistance"": null, ""Put Support"": null, ""HVL"": null, ""1D Min"": null, ""1D Max"": null, ""Call Resistance 0DTE"": null, ""Put Support 0DTE"": null, ""HVL 0DTE"": null, ""Gamma Wall 0DTE"": null, ""GEX 1"": null, ""GEX 2"": null, ""GEX 3"": null, ""GEX 4"": null, ""GEX 5"": null, ""GEX 6"": null, ""GEX 7"": null, ""GEX 8"": null, ""GEX 9"": null, ""GEX 10"": null}",unknown,,,,42008487,False,False,after_1700,outside_cash,,,,,,,,,,,all_19,,,,,not_applicable_outside_hours,asia
768dd64c-fa82-5c75-9018-1bbbb5525ff0,,,2025-07-14T02:45:00+00:00,22863.75,0.25,2025-07-13,,aeb8bad860db92863af8c5db289eb426dcf765061783264e1a527cd39dac9553,"{""Call Resistance"": null, ""Put Support"": null, ""HVL"": null, ""1D Min"": null, ""1D Max"": null, ""Call Resistance 0DTE"": null, ""Put Support 0DTE"": null, ""HVL 0DTE"": null, ""Gamma Wall 0DTE"": null, ""GEX 1"": null, ""GEX 2"": null, ""GEX 3"": null, ""GEX 4"": null, ""GEX 5"": null, ""GEX 6"": null, ""GEX 7"": null, ""GEX 8"": null, ""GEX 9"": null, ""GEX 10"": null}",unknown,,,,42008487,False,False,after_1700,outside_cash,,,,,,,,,,,all_19,,,,,not_applicable_outside_hours,asia
4aac7c42-b450-5a1e-92c7-a9c7dc0a65e0,,,2025-07-14T02:48:00+00:00,22866.75,0.25,2025-07-13,,aeb8bad860db92863af8c5db289eb426dcf765061783264e1a527cd39dac9553,"{""Call Resistance"": null, ""Put Support"": null, ""HVL"": null, ""1D Min"": null, ""1D Max"": null, ""Call Resistance 0DTE"": null, ""Put Support 0DTE"": null, ""HVL 0DTE"": null, ""Gamma Wall 0DTE"": null, ""GEX 1"": null, ""GEX 2"": null, ""GEX 3"": null, ""GEX 4"": null, ""GEX 5"": null, ""GEX 6"": null, ""GEX 7"": null, ""GEX 8"": null, ""GEX 9"": null, ""GEX 10"": null}",unknown,,,,42008487,False,False,after_1700,outside_cash,,,,,,,,,,,all_19,,,,,not_applicable_outside_hours,asia
e4150950-cd45-5071-8bb0-69f7b78230e4,,,2025-07-14T03:07:00+00:00,22859.5,0.25,2025-07-13,,aeb8bad860db92863af8c5db289eb426dcf765061783264e1a527cd39dac9553,"{""Call Resistance"": null, ""Put Support"": null, ""HVL"": null, ""1D Min"": null, ""1D Max"": null, ""Call Resistance 0DTE"": null, ""Put Support 0DTE"": null, ""HVL 0DTE"": null, ""Gamma Wall 0DTE"": null, ""GEX 1"": null, ""GEX 2"": null, ""GEX 3"": null, ""GEX 4"": null, ""GEX 5"": null, ""GEX 6"": null, ""GEX 7"": null, ""GEX 8"": null, ""GEX 9"": null, ""GEX 10"": null}",unknown,,,,42008487,False,False,after_1700,outside_cash,,,,,,,,,,,all_19,,,,,not_applicable_outside_hours,asia
10d4407d-7c9a-56ed-92c7-b08475e8f60d,,,2025-07-14T03:08:00+00:00,22861.25,0.25,2025-07-13,,aeb8bad860db92863af8c5db289eb426dcf765061783264e1a527cd39dac9553,"{""Call Resistance"": null, ""Put Support"": null, ""HVL"": null, ""1D Min"": null, ""1D Max"": null, ""Call Resistance 0DTE"": null, ""Put Support 0DTE"": null, ""HVL 0DTE"": null, ""Gamma Wall 0DTE"": null, ""GEX 1"": null, ""GEX 2"": null, ""GEX 3"": null, ""GEX 4"": null, ""GEX 5"": null, ""GEX 6"": null, ""GEX 7"": null, ""GEX 8"": null, ""GEX 9"": null, ""GEX 10"": null}",unknown,,,,42008487,False,False,after_1700,outside_cash,,,,,,,,,,,all_19,,,,,not_applicable_outside_hours,asia
98c9c8c3-faf4-521f-ae9b-f7d9854660fc,,,2025-07-14T03:14:00+00:00,22865.0,0.25,2025-07-13,,aeb8bad860db92863af8c5db289eb426dcf765061783264e1a527cd39dac9553,"{""Call Resistance"": null, ""Put Support"": null, ""HVL"": null, ""1D Min"": null, ""1D Max"": null, ""Call Resistance 0DTE"": null, ""Put Support 0DTE"": null, ""HVL 0DTE"": null, ""Gamma Wall 0DTE"": null, ""GEX 1"": null, ""GEX 2"": null, ""GEX 3"": null, ""GEX 4"": null, ""GEX 5"": null, ""GEX 6"": null, ""GEX 7"": null, ""GEX 8"": null, ""GEX 9"": null, ""GEX 10"": null}",unknown,,,,42008487,False,False,after_1700,outside_cash,,,,,,,,,,,all_19,,,,,not_applicable_outside_hours,asia
6ca7b139-9205-52c4-be65-7ea3e6548561,,,2025-07-14T03:21:00+00:00,22862.75,0.25,2025-07-13,,aeb8bad860db92863af8c5db289eb426dcf765061783264e1a527cd39dac9553,"{""Call Resistance"": null, ""Put Support"": null, ""HVL"": null, ""1D Min"": null, ""1D Max"": null, ""Call Resistance 0DTE"": null, ""Put Support 0DTE"": null, ""HVL 0DTE"": null, ""Gamma Wall 0DTE"": null, ""GEX 1"": null, ""GEX 2"": null, ""GEX 3"": null, ""GEX 4"": null, ""GEX 5"": null, ""GEX 6"": null, ""GEX 7"": null, ""GEX 8"": null, ""GEX 9"": null, ""GEX 10"": null}",unknown,,,,42008487,False,False,after_1700,outside_cash,,,,,,,,,,,all_19,,,,,not_applicable_outside_hours,asia
f39535b9-b26d-53ac-bee2-85d13160abca,,,2025-07-14T03:29:00+00:00,22865.25,0.25,2025-07-13,,aeb8bad860db92863af8c5db289eb426dcf765061783264e1a527cd39dac9553,"{""Call Resistance"": null, ""Put Support"": null, ""HVL"": null, ""1D Min"": null, ""1D Max"": null, ""Call Resistance 0DTE"": null, ""Put Support 0DTE"": null, ""HVL 0DTE"": null, ""Gamma Wall 0DTE"": null, ""GEX 1"": null, ""GEX 2"": null, ""GEX 3"": null, ""GEX 4"": null, ""GEX 5"": null, ""GEX 6"": null, ""GEX 7"": null, ""GEX 8"": null, ""GEX 9"": null, ""GEX 10"": null}",unknown,,,,42008487,False,False,after_1700,outside_cash,,,,,,,,,,,all_19,,,,,not_applicable_outside_hours,asia
b6efe262-ec8a-5d02-8a7d-08703501785c,,,2025-07-14T03:44:00+00:00,22869.75,0.25,2025-07-13,,aeb8bad860db92863af8c5db289eb426dcf765061783264e1a527cd39dac9553,"{""Call Resistance"": null, ""Put Support"": null, ""HVL"": null, ""1D Min"": null, ""1D Max"": null, ""Call Resistance 0DTE"": null, ""Put Support 0DTE"": null, ""HVL 0DTE"": null, ""Gamma Wall 0DTE"": null, ""GEX 1"": null, ""GEX 2"": null, ""GEX 3"": null, ""GEX 4"": null, ""GEX 5"": null, ""GEX 6"": null, ""GEX 7"": null, ""GEX 8"": null, ""GEX 9"": null, ""GEX 10"": null}",unknown,,,,42008487,False,False,after_1700,outside_cash,,,,,,,,,,,all_19,,,,,not_applicable_outside_hours,asia
43ef8835-4881-5931-b052-68466c17cd5b,,,2025-07-14T04:10:00+00:00,22872.25,0.25,2025-07-13,,aeb8bad860db92863af8c5db289eb426dcf765061783264e1a527cd39dac9553,"{""Call Resistance"": null, ""Put Support"": null, ""HVL"": null, ""1D Min"": null, ""1D Max"": null, ""Call Resistance 0DTE"": null, ""Put Support 0DTE"": null, ""HVL 0DTE"": null, ""Gamma Wall 0DTE"": null, ""GEX 1"": null, ""GEX 2"": null, ""GEX 3"": null, ""GEX 4"": null, ""GEX 5"": null, ""GEX 6"": null, ""GEX 7"": null, ""GEX 8"": null, ""GEX 9"": null, ""GEX 10"": null}",unknown,,,,42008487,False,False,after_1700,outside_cash,,,,,,,,,,,all_19,,,,,not_applicable_outside_hours,asia
2bdbe44a-2f31-5de1-989d-33ed99e6b863,,,2025-07-14T04:12:00+00:00,22874.5,0.25,2025-07-13,,aeb8bad860db92863af8c5db289eb426dcf765061783264e1a527cd39dac9553,"{""Call Resistance"": null, ""Put Support"": null, ""HVL"": null, ""1D Min"": null, ""1D Max"": null, ""Call Resistance 0DTE"": null, ""Put Support 0DTE"": null, ""HVL 0DTE"": null, ""Gamma Wall 0DTE"": null, ""GEX 1"": null, ""GEX 2"": null, ""GEX 3"": null, ""GEX 4"": null, ""GEX 5"": null, ""GEX 6"": null, ""GEX 7"": null, ""GEX 8"": null, ""GEX 9"": null, ""GEX 10"": null}",unknown,,,,42008487,False,False,after_1700,outside_cash,,,,,,,,,,,all_19,,,,,not_applicable_outside_hours,asia
ca42bca9-3640-587e-b8ea-d78ad144f354,fc6c8796-5fa8-57a9-9719-b16472417395,fd5facb7-6835-513f-8a49-044f5ca972b1,2025-07-15T02:43:00+00:00,23065.25,0.25,2025-07-14,,aeb8bad860db92863af8c5db289eb426dcf765061783264e1a527cd39dac9553,"{""Call Resistance"": null, ""Put Support"": null, ""HVL"": null, ""1D Min"": null, ""1D Max"": null, ""Call Resistance 0DTE"": null, ""Put Support 0DTE"": null, ""HVL 0DTE"": null, ""Gamma Wall 0DTE"": null, ""GEX 1"": null, ""GEX 2"": null, ""GEX 3"": null, ""GEX 4"": null, ""GEX 5"": null, ""GEX 6"": null, ""GEX 7"": null, ""GEX 8"": null, ""GEX 9"": null, ""GEX 10"": null}",unknown,,,,42008487,False,False,after_1700,outside_cash,,,,,,,,,,,all_19,,,,,not_applicable_outside_hours,asia
3c34e671-29a4-5731-9917-1e7f8e493c98,,,2025-07-15T02:44:00+00:00,23067.25,0.25,2025-07-14,,aeb8bad860db92863af8c5db289eb426dcf765061783264e1a527cd39dac9553,"{""Call Resistance"": null, ""Put Support"": null, ""HVL"": null, ""1D Min"": null, ""1D Max"": null, ""Call Resistance 0DTE"": null, ""Put Support 0DTE"": null, ""HVL 0DTE"": null, ""Gamma Wall 0DTE"": null, ""GEX 1"": null, ""GEX 2"": null, ""GEX 3"": null, ""GEX 4"": null, ""GEX 5"": null, ""GEX 6"": null, ""GEX 7"": null, ""GEX 8"": null, ""GEX 9"": null, ""GEX 10"": null}",unknown,,,,42008487,False,False,after_1700,outside_cash,,,,,,,,,,,all_19,,,,,not_applicable_outside_hours,asia
35871eae-e1ae-5fe2-8ea3-b2270b0de307,,,2025-07-15T02:46:00+00:00,23055.5,0.25,2025-07-14,,aeb8bad860db92863af8c5db289eb426dcf765061783264e1a527cd39dac9553,"{""Call Resistance"": null, ""Put Support"": null, ""HVL"": null, ""1D Min"": null, ""1D Max"": null, ""Call Resistance 0DTE"": null, ""Put Support 0DTE"": null, ""HVL 0DTE"": null, ""Gamma Wall 0DTE"": null, ""GEX 1"": null, ""GEX 2"": null, ""GEX 3"": null, ""GEX 4"": null, ""GEX 5"": null, ""GEX 6"": null, ""GEX 7"": null, ""GEX 8"": null, ""GEX 9"": null, ""GEX 10"": null}",unknown,,,,42008487,False,False,after_1700,outside_cash,,,,,,,,,,,all_19,,,,,not_applicable_outside_hours,asia
5d42f57b-93db-5509-b218-06a8bcbf4d85,,,2025-08-05T16:35:00+00:00,23208.75,0.25,2025-08-05,2025-08-04,aeb8bad860db92863af8c5db289eb426dcf765061783264e1a527cd39dac9553,"{""Call Resistance"": 23500.0, ""Put Support"": 23000.0, ""HVL"": 23230.0, ""1D Min"": 23108.94, ""1D Max"": 23592.56, ""Call Resistance 0DTE"": 23450.0, ""Put Support 0DTE"": 23200.0, ""HVL 0DTE"": 23230.0, ""Gamma Wall 0DTE"": 23450.0, ""GEX 1"": 23300.0, ""GEX 2"": 23400.0, ""GEX 3"": 23275.0, ""GEX 4"": 23250.0, ""GEX 5"": 23240.0, ""GEX 6"": 23100.0, ""GEX 7"": 23800.0, ""GEX 8"": 23750.0, ""GEX 9"": 23025.0, ""GEX 10"": 23700.0}",positive,1319043.5085819839,0.3861003861003861,241.8100000000013,42008487,False,True,,s2_1000_1200,below,HVL|HVL 0DTE,23230.0,21.25,0.08787891319631068,Put Support 0DTE,23200.0,8.75,0.03618543484553969,False,all_19,-0.5231380009098023,0.5231380009098023,False,False,evaluated,ny
7ba4bf65-4657-570b-a443-0aa0c650a90c,,,2025-08-07T18:39:00+00:00,23381.75,0.25,2025-08-07,2025-08-06,aeb8bad860db92863af8c5db289eb426dcf765061783264e1a527cd39dac9553,"{""Call Resistance"": 23500.0, ""Put Support"": 23120.0, ""HVL"": 23225.0, ""1D Min"": 23173.64, ""1D Max"": 23652.86, ""Call Resistance 0DTE"": 23400.0, ""Put Support 0DTE"": 23120.0, ""HVL 0DTE"": 23250.0, ""Gamma Wall 0DTE"": 23400.0, ""GEX 1"": 23300.0, ""GEX 2"": 23550.0, ""GEX 3"": 23600.0, ""GEX 4"": 23450.0, ""GEX 5"": 23200.0, ""GEX 6"": 23100.0, ""GEX 7"": 23800.0, ""GEX 8"": 23000.0, ""GEX 9"": 23750.0, ""GEX 10"": 23110.0}",positive,947322.5221641208,0.3590733590733591,239.61000000000058,42008487,False,True,,s4_1330_1510,above,Call Resistance 0DTE|Gamma Wall 0DTE,23400.0,18.25,0.07616543549935292,GEX 1,23300.0,81.75,0.341179416551896,True,all_19,-0.16589457869037144,0.16589457869037144,False,False,evaluated,none
28553a6e-6db5-5c51-abe4-8435e3440ffe,,,2025-08-07T18:41:00+00:00,23363.0,0.25,2025-08-07,2025-08-06,aeb8bad860db92863af8c5db289eb426dcf765061783264e1a527cd39dac9553,"{""Call Resistance"": 23500.0, ""Put Support"": 23120.0, ""HVL"": 23225.0, ""1D Min"": 23173.64, ""1D Max"": 23652.86, ""Call Resistance 0DTE"": 23400.0, ""Put Support 0DTE"": 23120.0, ""HVL 0DTE"": 23250.0, ""Gamma Wall 0DTE"": 23400.0, ""GEX 1"": 23300.0, ""GEX 2"": 23550.0, ""GEX 3"": 23600.0, ""GEX 4"": 23450.0, ""GEX 5"": 23200.0, ""GEX 6"": 23100.0, ""GEX 7"": 23800.0, ""GEX 8"": 23000.0, ""GEX 9"": 23750.0, ""GEX 10"": 23110.0}",positive,947322.5221641208,0.3590733590733591,239.61000000000058,42008487,False,True,,s4_1330_1510,above,Call Resistance 0DTE|Gamma Wall 0DTE,23400.0,37.0,0.1544175952589621,GEX 1,23300.0,63.0,0.26292725679228685,True,all_19,-0.1690246650807558,0.1690246650807558,False,False,evaluated,none
c08f2961-5eaa-598e-b894-687b93e831ff,,,2025-08-07T18:48:00+00:00,23377.25,0.25,2025-08-07,2025-08-06,aeb8bad860db92863af8c5db289eb426dcf765061783264e1a527cd39dac9553,"{""Call Resistance"": 23500.0, ""Put Support"": 23120.0, ""HVL"": 23225.0, ""1D Min"": 23173.64, ""1D Max"": 23652.86, ""Call Resistance 0DTE"": 23400.0, ""Put Support 0DTE"": 23120.0, ""HVL 0DTE"": 23250.0, ""Gamma Wall 0DTE"": 23400.0, ""GEX 1"": 23300.0, ""GEX 2"": 23550.0, ""GEX 3"": 23600.0, ""GEX 4"": 23450.0, ""GEX 5"": 23200.0, ""GEX 6"": 23100.0, ""GEX 7"": 23800.0, ""GEX 8"": 23000.0, ""GEX 9"": 23750.0, ""GEX 10"": 23110.0}",positive,947322.5221641208,0.3590733590733591,239.61000000000058,42008487,False,True,,s4_1330_1510,above,Call Resistance 0DTE|Gamma Wall 0DTE,23400.0,22.75,0.09494595384165913,GEX 1,23300.0,77.25,0.3223988982095898,True,all_19,-0.22119277158716194,0.22119277158716194,False,False,evaluated,none
a63ead5f-c550-57a0-a8ab-ed8d5a2888dc,,,2025-08-07T18:49:00+00:00,23374.25,0.25,2025-08-07,2025-08-06,aeb8bad860db92863af8c5db289eb426dcf765061783264e1a527cd39dac9553,"{""Call Resistance"": 23500.0, ""Put Support"": 23120.0, ""HVL"": 23225.0, ""1D Min"": 23173.64, ""1D Max"": 23652.86, ""Call Resistance 0DTE"": 23400.0, ""Put Support 0DTE"": 23120.0, ""HVL 0DTE"": 23250.0, ""Gamma Wall 0DTE"": 23400.0, ""GEX 1"": 23300.0, ""GEX 2"": 23550.0, ""GEX 3"": 23600.0, ""GEX 4"": 23450.0, ""GEX 5"": 23200.0, ""GEX 6"": 23100.0, ""GEX 7"": 23800.0, ""GEX 8"": 23000.0, ""GEX 9"": 23750.0, ""GEX 10"": 23110.0}",positive,947322.5221641208,0.3590733590733591,239.61000000000058,42008487,False,True,,s4_1330_1510,above,Call Resistance 0DTE|Gamma Wall 0DTE,23400.0,25.75,0.1074662994031966,GEX 1,23300.0,74.25,0.3098785526480523,True,all_19,-0.1492007846083215,0.1492007846083215,False,False,evaluated,none
0094af1b-b5ea-503d-ac97-462989c24e5d,,,2025-08-07T18:54:00+00:00,23396.75,0.25,2025-08-07,2025-08-06,aeb8bad860db92863af8c5db289eb426dcf765061783264e1a527cd39dac9553,"{""Call Resistance"": 23500.0, ""Put Support"": 23120.0, ""HVL"": 23225.0, ""1D Min"": 23173.64, ""1D Max"": 23652.86, ""Call Resistance 0DTE"": 23400.0, ""Put Support 0DTE"": 23120.0, ""HVL 0DTE"": 23250.0, ""Gamma Wall 0DTE"": 23400.0, ""GEX 1"": 23300.0, ""GEX 2"": 23550.0, ""GEX 3"": 23600.0, ""GEX 4"": 23450.0, ""GEX 5"": 23200.0, ""GEX 6"": 23100.0, ""GEX 7"": 23800.0, ""GEX 8"": 23000.0, ""GEX 9"": 23750.0, ""GEX 10"": 23110.0}",positive,947322.5221641208,0.3590733590733591,239.61000000000058,42008487,False,True,,s4_1330_1510,above,Call Resistance 0DTE|Gamma Wall 0DTE,23400.0,3.25,0.01356370769166559,GEX 1,23300.0,96.75,0.40378114435958334,True,all_19,-0.13146362839614342,0.13146362839614342,False,False,evaluated,none
57f156ba-0624-505c-bce9-61b7452be162,,,2025-08-07T18:55:00+00:00,23399.0,0.25,2025-08-07,2025-08-06,aeb8bad860db92863af8c5db289eb426dcf765061783264e1a527cd39dac9553,"{""Call Resistance"": 23500.0, ""Put Support"": 23120.0, ""HVL"": 23225.0, ""1D Min"": 23173.64, ""1D Max"": 23652.86, ""Call Resistance 0DTE"": 23400.0, ""Put Support 0DTE"": 23120.0, ""HVL 0DTE"": 23250.0, ""Gamma Wall 0DTE"": 23400.0, ""GEX 1"": 23300.0, ""GEX 2"": 23550.0, ""GEX 3"": 23600.0, ""GEX 4"": 23450.0, ""GEX 5"": 23200.0, ""GEX 6"": 23100.0, ""GEX 7"": 23800.0, ""GEX 8"": 23000.0, ""GEX 9"": 23750.0, ""GEX 10"": 23110.0}",positive,947322.5221641208,0.3590733590733591,239.61000000000058,42008487,False,True,,s4_1330_1510,above,Call Resistance 0DTE|Gamma Wall 0DTE,23400.0,1.0,0.00417344852051249,GEX 1,23300.0,99.0,0.41317140353073645,True,all_19,-0.06677517632819983,0.06677517632819983,False,False,evaluated,none
374edf9c-a9ae-5ab6-a599-a4c1cf1eaf26,,,2025-08-07T18:57:00+00:00,23419.75,0.25,2025-08-07,2025-08-06,aeb8bad860db92863af8c5db289eb426dcf765061783264e1a527cd39dac9553,"{""Call Resistance"": 23500.0, ""Put Support"": 23120.0, ""HVL"": 23225.0, ""1D Min"": 23173.64, ""1D Max"": 23652.86, ""Call Resistance 0DTE"": 23400.0, ""Put Support 0DTE"": 23120.0, ""HVL 0DTE"": 23250.0, ""Gamma Wall 0DTE"": 23400.0, ""GEX 1"": 23300.0, ""GEX 2"": 23550.0, ""GEX 3"": 23600.0, ""GEX 4"": 23450.0, ""GEX 5"": 23200.0, ""GEX 6"": 23100.0, ""GEX 7"": 23800.0, ""GEX 8"": 23000.0, ""GEX 9"": 23750.0, ""GEX 10"": 23110.0}",positive,947322.5221641208,0.3590733590733591,239.61000000000058,42008487,False,True,,s4_1330_1510,above,GEX 4,23450.0,30.25,0.1262468177455028,Call Resistance 0DTE|Gamma Wall 0DTE,23400.0,19.75,0.08242560828012166,False,all_19,-0.020867242602562446,0.020867242602562446,False,False,evaluated,none
8a460a68-48c2-5ce4-b98d-cba38ea3e4eb,,,2025-08-07T18:58:00+00:00,23415.5,0.25,2025-08-07,2025-08-06,aeb8bad860db92863af8c5db289eb426dcf765061783264e1a527cd39dac9553,"{""Call Resistance"": 23500.0, ""Put Support"": 23120.0, ""HVL"": 23225.0, ""1D Min"": 23173.64, ""1D Max"": 23652.86, ""Call Resistance 0DTE"": 23400.0, ""Put Support 0DTE"": 23120.0, ""HVL 0DTE"": 23250.0, ""Gamma Wall 0DTE"": 23400.0, ""GEX 1"": 23300.0, ""GEX 2"": 23550.0, ""GEX 3"": 23600.0, ""GEX 4"": 23450.0, ""GEX 5"": 23200.0, ""GEX 6"": 23100.0, ""GEX 7"": 23800.0, ""GEX 8"": 23000.0, ""GEX 9"": 23750.0, ""GEX 10"": 23110.0}",positive,947322.5221641208,0.3590733590733591,239.61000000000058,42008487,False,True,,s4_1330_1510,above,GEX 4,23450.0,34.5,0.1439839739576809,Call Resistance 0DTE|Gamma Wall 0DTE,23400.0,15.5,0.06468845206794359,False,all_19,0.029214139643587426,0.029214139643587426,False,False,evaluated,none
4ff36630-e1e6-5698-96c7-17b833c0de50,,,2025-08-07T19:32:00+00:00,23417.0,0.25,2025-08-07,2025-08-06,aeb8bad860db92863af8c5db289eb426dcf765061783264e1a527cd39dac9553,"{""Call Resistance"": 23500.0, ""Put Support"": 23120.0, ""HVL"": 23225.0, ""1D Min"": 23173.64, ""1D Max"": 23652.86, ""Call Resistance 0DTE"": 23400.0, ""Put Support 0DTE"": 23120.0, ""HVL 0DTE"": 23250.0, ""Gamma Wall 0DTE"": 23400.0, ""GEX 1"": 23300.0, ""GEX 2"": 23550.0, ""GEX 3"": 23600.0, ""GEX 4"": 23450.0, ""GEX 5"": 23200.0, ""GEX 6"": 23100.0, ""GEX 7"": 23800.0, ""GEX 8"": 23000.0, ""GEX 9"": 23750.0, ""GEX 10"": 23110.0}",positive,947322.5221641208,0.3590733590733591,239.61000000000058,42008487,False,True,,s4_1330_1510,above,GEX 4,23450.0,33.0,0.13772380117691216,Call Resistance 0DTE|Gamma Wall 0DTE,23400.0,17.0,0.07094862484871232,False,all_19,-0.015650431951921836,0.015650431951921836,False,False,evaluated,none
44b63a4f-b195-538a-91e5-9b6c049ff0ae,,,2025-08-07T19:37:00+00:00,23425.5,0.25,2025-08-07,2025-08-06,aeb8bad860db92863af8c5db289eb426dcf765061783264e1a527cd39dac9553,"{""Call Resistance"": 23500.0, ""Put Support"": 23120.0, ""HVL"": 23225.0, ""1D Min"": 23173.64, ""1D Max"": 23652.86, ""Call Resistance 0DTE"": 23400.0, ""Put Support 0DTE"": 23120.0, ""HVL 0DTE"": 23250.0, ""Gamma Wall 0DTE"": 23400.0, ""GEX 1"": 23300.0, ""GEX 2"": 23550.0, ""GEX 3"": 23600.0, ""GEX 4"": 23450.0, ""GEX 5"": 23200.0, ""GEX 6"": 23100.0, ""GEX 7"": 23800.0, ""GEX 8"": 23000.0, ""GEX 9"": 23750.0, ""GEX 10"": 23110.0}",positive,947322.5221641208,0.3590733590733591,239.61000000000058,42008487,False,True,,s4_1330_1510,above,GEX 4,23450.0,24.5,0.10224948875255599,Call Resistance 0DTE|Gamma Wall 0DTE,23400.0,25.5,0.10642293727306848,False,all_19,0.03338758816409992,0.03338758816409992,False,False,evaluated,none
eca3436a-b0e3-598f-a89d-988c5cdc9f59,,,2025-08-07T19:42:00+00:00,23435.5,0.25,2025-08-07,2025-08-06,aeb8bad860db92863af8c5db289eb426dcf765061783264e1a527cd39dac9553,"{""Call Resistance"": 23500.0, ""Put Support"": 23120.0, ""HVL"": 23225.0, ""1D Min"": 23173.64, ""1D Max"": 23652.86, ""Call Resistance 0DTE"": 23400.0, ""Put Support 0DTE"": 23120.0, ""HVL 0DTE"": 23250.0, ""Gamma Wall 0DTE"": 23400.0, ""GEX 1"": 23300.0, ""GEX 2"": 23550.0, ""GEX 3"": 23600.0, ""GEX 4"": 23450.0, ""GEX 5"": 23200.0, ""GEX 6"": 23100.0, ""GEX 7"": 23800.0, ""GEX 8"": 23000.0, ""GEX 9"": 23750.0, ""GEX 10"": 23110.0}",positive,947322.5221641208,0.3590733590733591,239.61000000000058,42008487,False,True,,s4_1330_1510,above,GEX 4,23450.0,14.5,0.0605150035474311,Call Resistance 0DTE|Gamma Wall 0DTE,23400.0,35.5,0.14815742247819338,False,all_19,0.0605150035474311,0.0605150035474311,False,False,evaluated,none
da094920-e87e-5508-98d1-3ea7b715e7d5,,,2025-08-07T19:43:00+00:00,23437.5,0.25,2025-08-07,2025-08-06,aeb8bad860db92863af8c5db289eb426dcf765061783264e1a527cd39dac9553,"{""Call Resistance"": 23500.0, ""Put Support"": 23120.0, ""HVL"": 23225.0, ""1D Min"": 23173.64, ""1D Max"": 23652.86, ""Call Resistance 0DTE"": 23400.0, ""Put Support 0DTE"": 23120.0, ""HVL 0DTE"": 23250.0, ""Gamma Wall 0DTE"": 23400.0, ""GEX 1"": 23300.0, ""GEX 2"": 23550.0, ""GEX 3"": 23600.0, ""GEX 4"": 23450.0, ""GEX 5"": 23200.0, ""GEX 6"": 23100.0, ""GEX 7"": 23800.0, ""GEX 8"": 23000.0, ""GEX 9"": 23750.0, ""GEX 10"": 23110.0}",positive,947322.5221641208,0.3590733590733591,239.61000000000058,42008487,False,True,,s4_1330_1510,above,GEX 4,23450.0,12.5,0.05216810650640612,Call Resistance 0DTE|Gamma Wall 0DTE,23400.0,37.5,0.15650431951921834,False,all_19,0.09181586745127476,0.09181586745127476,False,False,evaluated,none
cfff6084-5e01-5ac0-a6b5-8661113bf3be,,,2025-08-11T20:45:00+00:00,23628.75,0.25,2025-08-11,2025-08-08,aeb8bad860db92863af8c5db289eb426dcf765061783264e1a527cd39dac9553,"{""Call Resistance"": 24000.0, ""Put Support"": 22700.0, ""HVL"": 23240.0, ""1D Min"": 23547.56, ""1D Max"": 23983.44, ""Call Resistance 0DTE"": 23800.0, ""Put Support 0DTE"": 23410.0, ""HVL 0DTE"": 23520.0, ""Gamma Wall 0DTE"": 23800.0, ""GEX 1"": 23750.0, ""GEX 2"": 23600.0, ""GEX 3"": 23700.0, ""GEX 4"": 23900.0, ""GEX 5"": 23550.0, ""GEX 6"": 23500.0, ""GEX 7"": 23400.0, ""GEX 8"": 24100.0, ""GEX 9"": 24200.0, ""GEX 10"": 23525.0}",positive,3319369.6949205766,0.6833976833976834,217.9399999999987,42008487,False,True,,outside_cash,above,GEX 3,23700.0,71.25,0.3269248416995523,GEX 2,23600.0,28.75,0.13191704138753865,False,all_19,-0.509314490226671,0.509314490226671,False,False,evaluated,asia
25667425-f917-5adc-bb49-b89fc95ed9cf,4481d742-6d23-52a4-ba30-5325c796f783,91cadcbe-4138-54ea-88e7-e808171cece8,2025-08-11T22:02:00+00:00,23647.75,0.25,2025-08-11,,aeb8bad860db92863af8c5db289eb426dcf765061783264e1a527cd39dac9553,"{""Call Resistance"": null, ""Put Support"": null, ""HVL"": null, ""1D Min"": null, ""1D Max"": null, ""Call Resistance 0DTE"": null, ""Put Support 0DTE"": null, ""HVL 0DTE"": null, ""Gamma Wall 0DTE"": null, ""GEX 1"": null, ""GEX 2"": null, ""GEX 3"": null, ""GEX 4"": null, ""GEX 5"": null, ""GEX 6"": null, ""GEX 7"": null, ""GEX 8"": null, ""GEX 9"": null, ""GEX 10"": null}",unknown,,,,42008487,False,False,after_1700,outside_cash,,,,,,,,,,,all_19,,,,,not_applicable_outside_hours,asia
3da3647a-c367-56db-81ed-9d449ceab030,,,2025-08-11T22:12:00+00:00,23638.25,0.25,2025-08-11,,aeb8bad860db92863af8c5db289eb426dcf765061783264e1a527cd39dac9553,"{""Call Resistance"": null, ""Put Support"": null, ""HVL"": null, ""1D Min"": null, ""1D Max"": null, ""Call Resistance 0DTE"": null, ""Put Support 0DTE"": null, ""HVL 0DTE"": null, ""Gamma Wall 0DTE"": null, ""GEX 1"": null, ""GEX 2"": null, ""GEX 3"": null, ""GEX 4"": null, ""GEX 5"": null, ""GEX 6"": null, ""GEX 7"": null, ""GEX 8"": null, ""GEX 9"": null, ""GEX 10"": null}",unknown,,,,42008487,False,False,after_1700,outside_cash,,,,,,,,,,,all_19,,,,,not_applicable_outside_hours,asia
5e319227-5a45-5379-9dd3-65f5ff1af2f7,cb3335d2-e85e-5001-b3a4-11e61c317a0f,a4839cf7-5097-58e0-bdcd-fe2595ee81be,2025-08-13T15:42:00+00:00,23946.75,0.25,2025-08-13,2025-08-12,aeb8bad860db92863af8c5db289eb426dcf765061783264e1a527cd39dac9553,"{""Call Resistance"": 24000.0, ""Put Support"": 23000.0, ""HVL"": 23390.0, ""1D Min"": 23730.43, ""1D Max"": 24168.57, ""Call Resistance 0DTE"": 23950.0, ""Put Support 0DTE"": 23890.0, ""HVL 0DTE"": 23890.0, ""Gamma Wall 0DTE"": 23950.0, ""GEX 1"": 23750.0, ""GEX 2"": 23900.0, ""GEX 3"": 23800.0, ""GEX 4"": 24100.0, ""GEX 5"": 23850.0, ""GEX 6"": 24300.0, ""GEX 7"": 24200.0, ""GEX 8"": 23600.0, ""GEX 9"": 23700.0, ""GEX 10"": 24250.0}",positive,3606872.8745253123,0.7181467181467182,219.0699999999997,42008487,False,True,,s2_1000_1200,above,Call Resistance 0DTE|Gamma Wall 0DTE,23950.0,3.25,0.014835440726708378,GEX 2,23900.0,46.75,0.21340210891495898,False,all_19,0.022823754964166734,0.022823754964166734,False,False,evaluated,ny
96a0a241-f1df-556d-822e-7875935a0ac8,,,2025-08-13T15:42:00+00:00,23946.75,0.25,2025-08-13,2025-08-12,aeb8bad860db92863af8c5db289eb426dcf765061783264e1a527cd39dac9553,"{""Call Resistance"": 24000.0, ""Put Support"": 23000.0, ""HVL"": 23390.0, ""1D Min"": 23730.43, ""1D Max"": 24168.57, ""Call Resistance 0DTE"": 23950.0, ""Put Support 0DTE"": 23890.0, ""HVL 0DTE"": 23890.0, ""Gamma Wall 0DTE"": 23950.0, ""GEX 1"": 23750.0, ""GEX 2"": 23900.0, ""GEX 3"": 23800.0, ""GEX 4"": 24100.0, ""GEX 5"": 23850.0, ""GEX 6"": 24300.0, ""GEX 7"": 24200.0, ""GEX 8"": 23600.0, ""GEX 9"": 23700.0, ""GEX 10"": 24250.0}",positive,3606872.8745253123,0.7181467181467182,219.0699999999997,42008487,False,True,,s2_1000_1200,above,Call Resistance 0DTE|Gamma Wall 0DTE,23950.0,3.25,0.014835440726708378,GEX 2,23900.0,46.75,0.21340210891495898,False,all_19,0.022823754964166734,0.022823754964166734,False,False,evaluated,ny
fff51c08-596a-5b8b-938d-6856afa60b21,,,2025-08-13T15:43:00+00:00,23950.0,0.25,2025-08-13,2025-08-12,aeb8bad860db92863af8c5db289eb426dcf765061783264e1a527cd39dac9553,"{""Call Resistance"": 24000.0, ""Put Support"": 23000.0, ""HVL"": 23390.0, ""1D Min"": 23730.43, ""1D Max"": 24168.57, ""Call Resistance 0DTE"": 23950.0, ""Put Support 0DTE"": 23890.0, ""HVL 0DTE"": 23890.0, ""Gamma Wall 0DTE"": 23950.0, ""GEX 1"": 23750.0, ""GEX 2"": 23900.0, ""GEX 3"": 23800.0, ""GEX 4"": 24100.0, ""GEX 5"": 23850.0, ""GEX 6"": 24300.0, ""GEX 7"": 24200.0, ""GEX 8"": 23600.0, ""GEX 9"": 23700.0, ""GEX 10"": 24250.0}",positive,3606872.8745253123,0.7181467181467182,219.0699999999997,42008487,False,True,,s2_1000_1200,above,Call Resistance,24000.0,50.0,0.22823754964166734,GEX 2,23900.0,50.0,0.22823754964166734,False,all_19,0.05249463641758349,0.05249463641758349,False,False,evaluated,ny
c81dfc85-eae9-585e-afbc-e89bb99b8b7b,,,2025-08-13T19:06:00+00:00,23932.0,0.25,2025-08-13,2025-08-12,aeb8bad860db92863af8c5db289eb426dcf765061783264e1a527cd39dac9553,"{""Call Resistance"": 24000.0, ""Put Support"": 23000.0, ""HVL"": 23390.0, ""1D Min"": 23730.43, ""1D Max"": 24168.57, ""Call Resistance 0DTE"": 23950.0, ""Put Support 0DTE"": 23890.0, ""HVL 0DTE"": 23890.0, ""Gamma Wall 0DTE"": 23950.0, ""GEX 1"": 23750.0, ""GEX 2"": 23900.0, ""GEX 3"": 23800.0, ""GEX 4"": 24100.0, ""GEX 5"": 23850.0, ""GEX 6"": 24300.0, ""GEX 7"": 24200.0, ""GEX 8"": 23600.0, ""GEX 9"": 23700.0, ""GEX 10"": 24250.0}",positive,3606872.8745253123,0.7181467181467182,219.0699999999997,42008487,False,True,,s4_1330_1510,above,Call Resistance 0DTE|Gamma Wall 0DTE,23950.0,18.0,0.08216551787100025,GEX 2,23900.0,32.0,0.1460720317706671,False,all_19,-0.010270689733875031,0.010270689733875031,False,False,evaluated,none
ceef4500-62fe-58e1-9540-2241b2271053,,,2025-08-13T19:22:00+00:00,23949.25,0.25,2025-08-13,2025-08-12,aeb8bad860db92863af8c5db289eb426dcf765061783264e1a527cd39dac9553,"{""Call Resistance"": 24000.0, ""Put Support"": 23000.0, ""HVL"": 23390.0, ""1D Min"": 23730.43, ""1D Max"": 24168.57, ""Call Resistance 0DTE"": 23950.0, ""Put Support 0DTE"": 23890.0, ""HVL 0DTE"": 23890.0, ""Gamma Wall 0DTE"": 23950.0, ""GEX 1"": 23750.0, ""GEX 2"": 23900.0, ""GEX 3"": 23800.0, ""GEX 4"": 24100.0, ""GEX 5"": 23850.0, ""GEX 6"": 24300.0, ""GEX 7"": 24200.0, ""GEX 8"": 23600.0, ""GEX 9"": 23700.0, ""GEX 10"": 24250.0}",positive,3606872.8745253123,0.7181467181467182,219.0699999999997,42008487,False,True,,s4_1330_1510,above,Call Resistance 0DTE|Gamma Wall 0DTE,23950.0,0.75,0.00342356324462501,GEX 2,23900.0,49.25,0.22481398639704234,False,all_19,0.043365134431916794,0.043365134431916794,False,False,evaluated,none
bed588f8-370f-5f4d-91a9-ebe8da940c43,,,2025-08-13T19:23:00+00:00,23953.0,0.25,2025-08-13,2025-08-12,aeb8bad860db92863af8c5db289eb426dcf765061783264e1a527cd39dac9553,"{""Call Resistance"": 24000.0, ""Put Support"": 23000.0, ""HVL"": 23390.0, ""1D Min"": 23730.43, ""1D Max"": 24168.57, ""Call Resistance 0DTE"": 23950.0, ""Put Support 0DTE"": 23890.0, ""HVL 0DTE"": 23890.0, ""Gamma Wall 0DTE"": 23950.0, ""GEX 1"": 23750.0, ""GEX 2"": 23900.0, ""GEX 3"": 23800.0, ""GEX 4"": 24100.0, ""GEX 5"": 23850.0, ""GEX 6"": 24300.0, ""GEX 7"": 24200.0, ""GEX 8"": 23600.0, ""GEX 9"": 23700.0, ""GEX 10"": 24250.0}",positive,3606872.8745253123,0.7181467181467182,219.0699999999997,42008487,False,True,,s4_1330_1510,above,Call Resistance,24000.0,47.0,0.21454329666316732,Call Resistance 0DTE|Gamma Wall 0DTE,23950.0,3.0,0.01369425297850004,False,all_19,0.06618888939608353,0.06618888939608353,False,False,evaluated,none
218f6f3b-7133-58fe-bf40-95f5ec6b6b2a,,,2025-08-20T10:45:00+00:00,23414.0,0.25,2025-08-20,,aeb8bad860db92863af8c5db289eb426dcf765061783264e1a527cd39dac9553,"{""Call Resistance"": null, ""Put Support"": null, ""HVL"": null, ""1D Min"": null, ""1D Max"": null, ""Call Resistance 0DTE"": null, ""Put Support 0DTE"": null, ""HVL 0DTE"": null, ""Gamma Wall 0DTE"": null, ""GEX 1"": null, ""GEX 2"": null, ""GEX 3"": null, ""GEX 4"": null, ""GEX 5"": null, ""GEX 6"": null, ""GEX 7"": null, ""GEX 8"": null, ""GEX 9"": null, ""GEX 10"": null}",unknown,,,,42008487,False,False,before_0600,outside_cash,,,,,,,,,,,all_19,,,,,not_applicable_outside_hours,london
b64ae32d-2b97-5161-81af-eef6d55cabd5,,,2025-08-20T11:03:00+00:00,23445.0,0.25,2025-08-20,2025-08-19,aeb8bad860db92863af8c5db289eb426dcf765061783264e1a527cd39dac9553,"{""Call Resistance"": 23500.0, ""Put Support"": 23000.0, ""HVL"": 23475.0, ""1D Min"": 23238.01, ""1D Max"": 23708.99, ""Call Resistance 0DTE"": 23600.0, ""Put Support 0DTE"": 23400.0, ""HVL 0DTE"": 23460.0, ""Gamma Wall 0DTE"": 23600.0, ""GEX 1"": 23700.0, ""GEX 2"": 23300.0, ""GEX 3"": 23450.0, ""GEX 4"": 23250.0, ""GEX 5"": 23350.0, ""GEX 6"": 23900.0, ""GEX 7"": 23750.0, ""GEX 8"": 23100.0, ""GEX 9"": 23850.0, ""GEX 10"": 23200.0}",negative,-1171526.8916403514,0.13127413127413126,235.4900000000016,42008487,False,True,,outside_cash,below,GEX 3,23450.0,5.0,0.02123232409019477,Put Support 0DTE,23400.0,45.0,0.19109091681175291,False,all_19,-0.20276869506136003,0.20276869506136003,False,False,evaluated,none
cbf0432e-2841-5bfc-a099-71c3999ef3d0,,,2025-08-20T11:04:00+00:00,23446.75,0.25,2025-08-20,2025-08-19,aeb8bad860db92863af8c5db289eb426dcf765061783264e1a527cd39dac9553,"{""Call Resistance"": 23500.0, ""Put Support"": 23000.0, ""HVL"": 23475.0, ""1D Min"": 23238.01, ""1D Max"": 23708.99, ""Call Resistance 0DTE"": 23600.0, ""Put Support 0DTE"": 23400.0, ""HVL 0DTE"": 23460.0, ""Gamma Wall 0DTE"": 23600.0, ""GEX 1"": 23700.0, ""GEX 2"": 23300.0, ""GEX 3"": 23450.0, ""GEX 4"": 23250.0, ""GEX 5"": 23350.0, ""GEX 6"": 23900.0, ""GEX 7"": 23750.0, ""GEX 8"": 23100.0, ""GEX 9"": 23850.0, ""GEX 10"": 23200.0}",negative,-1171526.8916403514,0.13127413127413126,235.4900000000016,42008487,False,True,,outside_cash,below,GEX 3,23450.0,3.25,0.0138010106586266,Put Support 0DTE,23400.0,46.75,0.19852223024332108,False,all_19,-0.15499596585842182,0.15499596585842182,False,False,evaluated,none
5a3fd51a-ea2a-557a-9fb7-8ca0a663785c,,,2025-08-20T12:00:00+00:00,23414.25,0.25,2025-08-20,2025-08-19,aeb8bad860db92863af8c5db289eb426dcf765061783264e1a527cd39dac9553,"{""Call Resistance"": 23500.0, ""Put Support"": 23000.0, ""HVL"": 23475.0, ""1D Min"": 23238.01, ""1D Max"": 23708.99, ""Call Resistance 0DTE"": 23600.0, ""Put Support 0DTE"": 23400.0, ""HVL 0DTE"": 23460.0, ""Gamma Wall 0DTE"": 23600.0, ""GEX 1"": 23700.0, ""GEX 2"": 23300.0, ""GEX 3"": 23450.0, ""GEX 4"": 23250.0, ""GEX 5"": 23350.0, ""GEX 6"": 23900.0, ""GEX 7"": 23750.0, ""GEX 8"": 23100.0, ""GEX 9"": 23850.0, ""GEX 10"": 23200.0}",negative,-1171526.8916403514,0.13127413127413126,235.4900000000016,42008487,False,True,,outside_cash,below,GEX 3,23450.0,35.75,0.1518111172448926,Put Support 0DTE,23400.0,14.25,0.06051212365705509,False,all_19,-0.2792050617860612,0.2792050617860612,False,False,evaluated,ny
69a965dc-6fd1-515d-8f36-928316a0b493,e57217fc-12da-5863-a2b2-e89fc0202833,11391b56-0212-5539-bc46-8d61a778196a,2025-08-20T12:02:00+00:00,23424.5,0.25,2025-08-20,2025-08-19,aeb8bad860db92863af8c5db289eb426dcf765061783264e1a527cd39dac9553,"{""Call Resistance"": 23500.0, ""Put Support"": 23000.0, ""HVL"": 23475.0, ""1D Min"": 23238.01, ""1D Max"": 23708.99, ""Call Resistance 0DTE"": 23600.0, ""Put Support 0DTE"": 23400.0, ""HVL 0DTE"": 23460.0, ""Gamma Wall 0DTE"": 23600.0, ""GEX 1"": 23700.0, ""GEX 2"": 23300.0, ""GEX 3"": 23450.0, ""GEX 4"": 23250.0, ""GEX 5"": 23350.0, ""GEX 6"": 23900.0, ""GEX 7"": 23750.0, ""GEX 8"": 23100.0, ""GEX 9"": 23850.0, ""GEX 10"": 23200.0}",negative,-1171526.8916403514,0.13127413127413126,235.4900000000016,42008487,False,True,,outside_cash,below,GEX 3,23450.0,25.5,0.10828485285999331,Put Support 0DTE,23400.0,24.5,0.10403838804195437,False,all_19,-0.2622192025139054,0.2622192025139054,False,False,evaluated,ny
4a755272-080f-529e-8cb2-38f49b5bd338,,,2025-08-20T12:18:00+00:00,23421.25,0.25,2025-08-20,2025-08-19,aeb8bad860db92863af8c5db289eb426dcf765061783264e1a527cd39dac9553,"{""Call Resistance"": 23500.0, ""Put Support"": 23000.0, ""HVL"": 23475.0, ""1D Min"": 23238.01, ""1D Max"": 23708.99, ""Call Resistance 0DTE"": 23600.0, ""Put Support 0DTE"": 23400.0, ""HVL 0DTE"": 23460.0, ""Gamma Wall 0DTE"": 23600.0, ""GEX 1"": 23700.0, ""GEX 2"": 23300.0, ""GEX 3"": 23450.0, ""GEX 4"": 23250.0, ""GEX 5"": 23350.0, ""GEX 6"": 23900.0, ""GEX 7"": 23750.0, ""GEX 8"": 23100.0, ""GEX 9"": 23850.0, ""GEX 10"": 23200.0}",negative,-1171526.8916403514,0.13127413127413126,235.4900000000016,42008487,False,True,,outside_cash,below,GEX 3,23450.0,28.75,0.12208586351861991,Put Support 0DTE,23400.0,21.25,0.09023737738332777,False,all_19,-0.25584950528684697,0.25584950528684697,False,False,evaluated,ny
378ec6d7-facc-5d53-88f3-bd562725dd27,,,2025-08-25T11:47:00+00:00,23495.5,0.25,2025-08-25,2025-08-22,aeb8bad860db92863af8c5db289eb426dcf765061783264e1a527cd39dac9553,"{""Call Resistance"": 23500.0, ""Put Support"": 23000.0, ""HVL"": 23300.0, ""1D Min"": 23358.99, ""1D Max"": 23806.51, ""Call Resistance 0DTE"": 23750.0, ""Put Support 0DTE"": 23625.0, ""HVL 0DTE"": 23250.0, ""Gamma Wall 0DTE"": 23750.0, ""GEX 1"": 23800.0, ""GEX 2"": 23600.0, ""GEX 3"": 23450.0, ""GEX 4"": 23425.0, ""GEX 5"": 23475.0, ""GEX 6"": 24000.0, ""GEX 7"": 23900.0, ""GEX 8"": 23200.0, ""GEX 9"": 23325.0, ""GEX 10"": 23350.0}",positive,1528003.2349350327,0.4015444015444015,223.7599999999984,42008487,False,True,,outside_cash,above,Call Resistance,23500.0,4.5,0.02011083303539521,GEX 5,23475.0,20.5,0.09161601716124484,False,all_19,-0.3564086521272818,0.3564086521272818,False,False,evaluated,none
f59d9c4a-6cb9-5c4c-93c2-ced7af3c8450,,,2025-08-25T11:47:00+00:00,23495.5,0.25,2025-08-25,2025-08-22,aeb8bad860db92863af8c5db289eb426dcf765061783264e1a527cd39dac9553,"{""Call Resistance"": 23500.0, ""Put Support"": 23000.0, ""HVL"": 23300.0, ""1D Min"": 23358.99, ""1D Max"": 23806.51, ""Call Resistance 0DTE"": 23750.0, ""Put Support 0DTE"": 23625.0, ""HVL 0DTE"": 23250.0, ""Gamma Wall 0DTE"": 23750.0, ""GEX 1"": 23800.0, ""GEX 2"": 23600.0, ""GEX 3"": 23450.0, ""GEX 4"": 23425.0, ""GEX 5"": 23475.0, ""GEX 6"": 24000.0, ""GEX 7"": 23900.0, ""GEX 8"": 23200.0, ""GEX 9"": 23325.0, ""GEX 10"": 23350.0}",positive,1528003.2349350327,0.4015444015444015,223.7599999999984,42008487,False,True,,outside_cash,above,Call Resistance,23500.0,4.5,0.02011083303539521,GEX 5,23475.0,20.5,0.09161601716124484,False,all_19,-0.3564086521272818,0.3564086521272818,False,False,evaluated,none
b659491b-f733-58d9-9869-732d2c162404,,,2025-08-25T11:55:00+00:00,23499.25,0.25,2025-08-25,2025-08-22,aeb8bad860db92863af8c5db289eb426dcf765061783264e1a527cd39dac9553,"{""Call Resistance"": 23500.0, ""Put Support"": 23000.0, ""HVL"": 23300.0, ""1D Min"": 23358.99, ""1D Max"": 23806.51, ""Call Resistance 0DTE"": 23750.0, ""Put Support 0DTE"": 23625.0, ""HVL 0DTE"": 23250.0, ""Gamma Wall 0DTE"": 23750.0, ""GEX 1"": 23800.0, ""GEX 2"": 23600.0, ""GEX 3"": 23450.0, ""GEX 4"": 23425.0, ""GEX 5"": 23475.0, ""GEX 6"": 24000.0, ""GEX 7"": 23900.0, ""GEX 8"": 23200.0, ""GEX 9"": 23325.0, ""GEX 10"": 23350.0}",positive,1528003.2349350327,0.4015444015444015,223.7599999999984,42008487,False,True,,outside_cash,above,Call Resistance,23500.0,0.75,0.0033518055058992017,GEX 5,23475.0,24.25,0.10837504469074086,False,all_19,-0.3351805505899202,0.3351805505899202,False,False,evaluated,none
85cdb6f0-d8ea-5a67-bf84-c0f878f75026,fcd2d740-cb01-55b8-86b8-1658cca2f13c,65e66d0b-03a7-5346-8e89-aba6472fb1e5,2025-08-25T23:02:00+00:00,23513.5,0.25,2025-08-25,,aeb8bad860db92863af8c5db289eb426dcf765061783264e1a527cd39dac9553,"{""Call Resistance"": null, ""Put Support"": null, ""HVL"": null, ""1D Min"": null, ""1D Max"": null, ""Call Resistance 0DTE"": null, ""Put Support 0DTE"": null, ""HVL 0DTE"": null, ""Gamma Wall 0DTE"": null, ""GEX 1"": null, ""GEX 2"": null, ""GEX 3"": null, ""GEX 4"": null, ""GEX 5"": null, ""GEX 6"": null, ""GEX 7"": null, ""GEX 8"": null, ""GEX 9"": null, ""GEX 10"": null}",unknown,,,,42008487,False,False,after_1700,outside_cash,,,,,,,,,,,all_19,,,,,not_applicable_outside_hours,asia
483e8c8e-1a94-50f4-9518-c570768f86dd,,,2025-08-25T23:04:00+00:00,23516.25,0.25,2025-08-25,,aeb8bad860db92863af8c5db289eb426dcf765061783264e1a527cd39dac9553,"{""Call Resistance"": null, ""Put Support"": null, ""HVL"": null, ""1D Min"": null, ""1D Max"": null, ""Call Resistance 0DTE"": null, ""Put Support 0DTE"": null, ""HVL 0DTE"": null, ""Gamma Wall 0DTE"": null, ""GEX 1"": null, ""GEX 2"": null, ""GEX 3"": null, ""GEX 4"": null, ""GEX 5"": null, ""GEX 6"": null, ""GEX 7"": null, ""GEX 8"": null, ""GEX 9"": null, ""GEX 10"": null}",unknown,,,,42008487,False,False,after_1700,outside_cash,,,,,,,,,,,all_19,,,,,not_applicable_outside_hours,asia
8c64c671-cf47-56ab-a375-c17cd0e02319,,,2025-08-25T23:08:00+00:00,23510.0,0.25,2025-08-25,,aeb8bad860db92863af8c5db289eb426dcf765061783264e1a527cd39dac9553,"{""Call Resistance"": null, ""Put Support"": null, ""HVL"": null, ""1D Min"": null, ""1D Max"": null, ""Call Resistance 0DTE"": null, ""Put Support 0DTE"": null, ""HVL 0DTE"": null, ""Gamma Wall 0DTE"": null, ""GEX 1"": null, ""GEX 2"": null, ""GEX 3"": null, ""GEX 4"": null, ""GEX 5"": null, ""GEX 6"": null, ""GEX 7"": null, ""GEX 8"": null, ""GEX 9"": null, ""GEX 10"": null}",unknown,,,,42008487,False,False,after_1700,outside_cash,,,,,,,,,,,all_19,,,,,not_applicable_outside_hours,asia
e4ba24d8-941b-5eef-9bd7-f62e8657f97a,b799153e-7642-5546-b39b-b5e085f19cc5,bd7b0c14-fc26-5986-8ca6-4de252e8fb8d,2025-08-26T10:50:00+00:00,23495.75,0.25,2025-08-26,,aeb8bad860db92863af8c5db289eb426dcf765061783264e1a527cd39dac9553,"{""Call Resistance"": null, ""Put Support"": null, ""HVL"": null, ""1D Min"": null, ""1D Max"": null, ""Call Resistance 0DTE"": null, ""Put Support 0DTE"": null, ""HVL 0DTE"": null, ""Gamma Wall 0DTE"": null, ""GEX 1"": null, ""GEX 2"": null, ""GEX 3"": null, ""GEX 4"": null, ""GEX 5"": null, ""GEX 6"": null, ""GEX 7"": null, ""GEX 8"": null, ""GEX 9"": null, ""GEX 10"": null}",unknown,,,,42008487,False,False,before_0600,outside_cash,,,,,,,,,,,all_19,,,,,not_applicable_outside_hours,london
b6a7868d-345c-5bfc-89ba-57fd846c4198,,,2025-08-26T10:51:00+00:00,23496.25,0.25,2025-08-26,,aeb8bad860db92863af8c5db289eb426dcf765061783264e1a527cd39dac9553,"{""Call Resistance"": null, ""Put Support"": null, ""HVL"": null, ""1D Min"": null, ""1D Max"": null, ""Call Resistance 0DTE"": null, ""Put Support 0DTE"": null, ""HVL 0DTE"": null, ""Gamma Wall 0DTE"": null, ""GEX 1"": null, ""GEX 2"": null, ""GEX 3"": null, ""GEX 4"": null, ""GEX 5"": null, ""GEX 6"": null, ""GEX 7"": null, ""GEX 8"": null, ""GEX 9"": null, ""GEX 10"": null}",unknown,,,,42008487,False,False,before_0600,outside_cash,,,,,,,,,,,all_19,,,,,not_applicable_outside_hours,london
7ffb0914-7d45-52e7-8710-36c3a561d662,d05ffe92-26da-57a0-98ba-420be7864a66,23fe5fdb-5300-5590-953e-6654491cb38a,2025-08-26T17:58:00+00:00,23501.0,0.25,2025-08-26,2025-08-25,aeb8bad860db92863af8c5db289eb426dcf765061783264e1a527cd39dac9553,"{""Call Resistance"": 23500.0, ""Put Support"": 23000.0, ""HVL"": 23490.0, ""1D Min"": 23271.42, ""1D Max"": 23733.08, ""Call Resistance 0DTE"": 23650.0, ""Put Support 0DTE"": 23450.0, ""HVL 0DTE"": 23490.0, ""Gamma Wall 0DTE"": 23650.0, ""GEX 1"": 23400.0, ""GEX 2"": 23300.0, ""GEX 3"": 23700.0, ""GEX 4"": 23625.0, ""GEX 5"": 23600.0, ""GEX 6"": 23800.0, ""GEX 7"": 23750.0, ""GEX 8"": 23100.0, ""GEX 9"": 23900.0, ""GEX 10"": 23950.0}",positive,852028.4634433782,0.33976833976833976,230.83000000000175,42008487,False,True,,s3_1200_1330,above,GEX 5,23600.0,99.0,0.42888705974093166,Call Resistance,23500.0,1.0,0.004332192522635673,False,all_19,-0.061733743447558345,0.061733743447558345,False,False,evaluated,ny
f0872b24-df1b-55b9-bc83-24baec81f407,,,2025-08-26T17:58:00+00:00,23501.0,0.25,2025-08-26,2025-08-25,aeb8bad860db92863af8c5db289eb426dcf765061783264e1a527cd39dac9553,"{""Call Resistance"": 23500.0, ""Put Support"": 23000.0, ""HVL"": 23490.0, ""1D Min"": 23271.42, ""1D Max"": 23733.08, ""Call Resistance 0DTE"": 23650.0, ""Put Support 0DTE"": 23450.0, ""HVL 0DTE"": 23490.0, ""Gamma Wall 0DTE"": 23650.0, ""GEX 1"": 23400.0, ""GEX 2"": 23300.0, ""GEX 3"": 23700.0, ""GEX 4"": 23625.0, ""GEX 5"": 23600.0, ""GEX 6"": 23800.0, ""GEX 7"": 23750.0, ""GEX 8"": 23100.0, ""GEX 9"": 23900.0, ""GEX 10"": 23950.0}",positive,852028.4634433782,0.33976833976833976,230.83000000000175,42008487,False,True,,s3_1200_1330,above,GEX 5,23600.0,99.0,0.42888705974093166,Call Resistance,23500.0,1.0,0.004332192522635673,False,all_19,-0.061733743447558345,0.061733743447558345,False,False,evaluated,ny
5b133783-1d89-5c71-af64-c96583de0e67,,,2025-08-26T19:50:00+00:00,23553.5,0.25,2025-08-26,2025-08-25,aeb8bad860db92863af8c5db289eb426dcf765061783264e1a527cd39dac9553,"{""Call Resistance"": 23500.0, ""Put Support"": 23000.0, ""HVL"": 23490.0, ""1D Min"": 23271.42, ""1D Max"": 23733.08, ""Call Resistance 0DTE"": 23650.0, ""Put Support 0DTE"": 23450.0, ""HVL 0DTE"": 23490.0, ""Gamma Wall 0DTE"": 23650.0, ""GEX 1"": 23400.0, ""GEX 2"": 23300.0, ""GEX 3"": 23700.0, ""GEX 4"": 23625.0, ""GEX 5"": 23600.0, ""GEX 6"": 23800.0, ""GEX 7"": 23750.0, ""GEX 8"": 23100.0, ""GEX 9"": 23900.0, ""GEX 10"": 23950.0}",positive,852028.4634433782,0.33976833976833976,230.83000000000175,42008487,False,True,,s4_1330_1510,above,GEX 5,23600.0,46.5,0.2014469523025588,Call Resistance,23500.0,53.5,0.2317722999610085,False,all_19,0.16245721959883774,0.16245721959883774,False,False,evaluated,none
4d6c3392-d088-55d8-8974-80b6ad812309,,,2025-08-26T19:52:00+00:00,23584.5,0.25,2025-08-26,2025-08-25,aeb8bad860db92863af8c5db289eb426dcf765061783264e1a527cd39dac9553,"{""Call Resistance"": 23500.0, ""Put Support"": 23000.0, ""HVL"": 23490.0, ""1D Min"": 23271.42, ""1D Max"": 23733.08, ""Call Resistance 0DTE"": 23650.0, ""Put Support 0DTE"": 23450.0, ""HVL 0DTE"": 23490.0, ""Gamma Wall 0DTE"": 23650.0, ""GEX 1"": 23400.0, ""GEX 2"": 23300.0, ""GEX 3"": 23700.0, ""GEX 4"": 23625.0, ""GEX 5"": 23600.0, ""GEX 6"": 23800.0, ""GEX 7"": 23750.0, ""GEX 8"": 23100.0, ""GEX 9"": 23900.0, ""GEX 10"": 23950.0}",positive,852028.4634433782,0.33976833976833976,230.83000000000175,42008487,False,True,,s4_1330_1510,above,GEX 5,23600.0,15.5,0.06714898410085293,Call Resistance,23500.0,84.5,0.3660702681627144,False,all_19,0.3335788242429468,0.3335788242429468,False,False,evaluated,none
e5cb73b7-3433-5b6f-92e7-4fd3b0dff30d,42c921ee-a42b-5992-92e9-0fc03d5ae2b2,76639f44-bbe3-5079-91d4-2e0dad88c9ae,2025-08-26T20:08:00+00:00,23600.25,0.25,2025-08-26,2025-08-25,aeb8bad860db92863af8c5db289eb426dcf765061783264e1a527cd39dac9553,"{""Call Resistance"": 23500.0, ""Put Support"": 23000.0, ""HVL"": 23490.0, ""1D Min"": 23271.42, ""1D Max"": 23733.08, ""Call Resistance 0DTE"": 23650.0, ""Put Support 0DTE"": 23450.0, ""HVL 0DTE"": 23490.0, ""Gamma Wall 0DTE"": 23650.0, ""GEX 1"": 23400.0, ""GEX 2"": 23300.0, ""GEX 3"": 23700.0, ""GEX 4"": 23625.0, ""GEX 5"": 23600.0, ""GEX 6"": 23800.0, ""GEX 7"": 23750.0, ""GEX 8"": 23100.0, ""GEX 9"": 23900.0, ""GEX 10"": 23950.0}",positive,852028.4634433782,0.33976833976833976,230.83000000000175,42008487,False,True,,s4_1330_1510,above,GEX 4,23625.0,24.75,0.10722176493523292,GEX 5,23600.0,0.25,0.0010830481306589182,False,all_19,0.38231599012259815,0.38231599012259815,False,False,evaluated,asia
c7d2a7c6-76a3-5992-985f-aeb5c8b6a54a,,,2025-08-26T20:09:00+00:00,23606.25,0.25,2025-08-26,2025-08-25,aeb8bad860db92863af8c5db289eb426dcf765061783264e1a527cd39dac9553,"{""Call Resistance"": 23500.0, ""Put Support"": 23000.0, ""HVL"": 23490.0, ""1D Min"": 23271.42, ""1D Max"": 23733.08, ""Call Resistance 0DTE"": 23650.0, ""Put Support 0DTE"": 23450.0, ""HVL 0DTE"": 23490.0, ""Gamma Wall 0DTE"": 23650.0, ""GEX 1"": 23400.0, ""GEX 2"": 23300.0, ""GEX 3"": 23700.0, ""GEX 4"": 23625.0, ""GEX 5"": 23600.0, ""GEX 6"": 23800.0, ""GEX 7"": 23750.0, ""GEX 8"": 23100.0, ""GEX 9"": 23900.0, ""GEX 10"": 23950.0}",positive,852028.4634433782,0.33976833976833976,230.83000000000175,42008487,False,True,,s4_1330_1510,above,GEX 4,23625.0,18.75,0.08122860979941887,GEX 5,23600.0,6.25,0.02707620326647296,False,all_19,0.3888142789065517,0.3888142789065517,False,False,evaluated,asia
5866e3df-741b-5831-8aba-f61aac0ca143,,,2025-08-27T09:59:00+00:00,23597.25,0.25,2025-08-27,,aeb8bad860db92863af8c5db289eb426dcf765061783264e1a527cd39dac9553,"{""Call Resistance"": null, ""Put Support"": null, ""HVL"": null, ""1D Min"": null, ""1D Max"": null, ""Call Resistance 0DTE"": null, ""Put Support 0DTE"": null, ""HVL 0DTE"": null, ""Gamma Wall 0DTE"": null, ""GEX 1"": null, ""GEX 2"": null, ""GEX 3"": null, ""GEX 4"": null, ""GEX 5"": null, ""GEX 6"": null, ""GEX 7"": null, ""GEX 8"": null, ""GEX 9"": null, ""GEX 10"": null}",unknown,,,,42008487,False,False,before_0600,outside_cash,,,,,,,,,,,all_19,,,,,not_applicable_outside_hours,london
5f95ad4f-2b58-5b1f-97ba-c6ed20742aea,c9400c08-30c3-50fe-adf5-85413649c433,23d23b61-3dce-545c-a5a6-5f159f94ea7b,2025-08-27T10:15:00+00:00,23596.0,0.25,2025-08-27,,aeb8bad860db92863af8c5db289eb426dcf765061783264e1a527cd39dac9553,"{""Call Resistance"": null, ""Put Support"": null, ""HVL"": null, ""1D Min"": null, ""1D Max"": null, ""Call Resistance 0DTE"": null, ""Put Support 0DTE"": null, ""HVL 0DTE"": null, ""Gamma Wall 0DTE"": null, ""GEX 1"": null, ""GEX 2"": null, ""GEX 3"": null, ""GEX 4"": null, ""GEX 5"": null, ""GEX 6"": null, ""GEX 7"": null, ""GEX 8"": null, ""GEX 9"": null, ""GEX 10"": null}",unknown,,,,42008487,False,False,before_0600,outside_cash,,,,,,,,,,,all_19,,,,,not_applicable_outside_hours,london
c77460fb-4a2f-5d34-a502-a1c3fb9b295f,,,2025-08-27T10:24:00+00:00,23596.75,0.25,2025-08-27,,aeb8bad860db92863af8c5db289eb426dcf765061783264e1a527cd39dac9553,"{""Call Resistance"": null, ""Put Support"": null, ""HVL"": null, ""1D Min"": null, ""1D Max"": null, ""Call Resistance 0DTE"": null, ""Put Support 0DTE"": null, ""HVL 0DTE"": null, ""Gamma Wall 0DTE"": null, ""GEX 1"": null, ""GEX 2"": null, ""GEX 3"": null, ""GEX 4"": null, ""GEX 5"": null, ""GEX 6"": null, ""GEX 7"": null, ""GEX 8"": null, ""GEX 9"": null, ""GEX 10"": null}",unknown,,,,42008487,False,False,before_0600,outside_cash,,,,,,,,,,,all_19,,,,,not_applicable_outside_hours,london
d845528c-0359-58a2-a52e-eb4c7cfc8987,4c30e935-92d8-5f6a-ab78-fa764ba70789,323937f8-e18c-5210-b289-08136dda83f8,2025-08-27T14:49:00+00:00,23599.25,0.25,2025-08-27,2025-08-26,aeb8bad860db92863af8c5db289eb426dcf765061783264e1a527cd39dac9553,"{""Call Resistance"": 24000.0, ""Put Support"": 23000.0, ""HVL"": 23490.0, ""1D Min"": 23378.39, ""1D Max"": 23836.61, ""Call Resistance 0DTE"": 23600.0, ""Put Support 0DTE"": 23460.0, ""HVL 0DTE"": 23530.0, ""Gamma Wall 0DTE"": 23600.0, ""GEX 1"": 23500.0, ""GEX 2"": 23800.0, ""GEX 3"": 23750.0, ""GEX 4"": 23400.0, ""GEX 5"": 23650.0, ""GEX 6"": 23300.0, ""GEX 7"": 23850.0, ""GEX 8"": 23200.0, ""GEX 9"": 23350.0, ""GEX 10"": 23950.0}",positive,2428220.643301086,0.5637065637065637,229.11000000000058,42008487,False,True,,s1_0830_1000,above,Call Resistance 0DTE|Gamma Wall 0DTE,23600.0,0.75,0.003273536729082092,HVL 0DTE,23530.0,69.25,0.3022565579852465,False,all_19,-0.030553009471432857,0.030553009471432857,False,False,evaluated,ny
262316fe-018c-50ab-a6dd-900e106024b0,,,2025-08-27T14:49:00+00:00,23599.25,0.25,2025-08-27,2025-08-26,aeb8bad860db92863af8c5db289eb426dcf765061783264e1a527cd39dac9553,"{""Call Resistance"": 24000.0, ""Put Support"": 23000.0, ""HVL"": 23490.0, ""1D Min"": 23378.39, ""1D Max"": 23836.61, ""Call Resistance 0DTE"": 23600.0, ""Put Support 0DTE"": 23460.0, ""HVL 0DTE"": 23530.0, ""Gamma Wall 0DTE"": 23600.0, ""GEX 1"": 23500.0, ""GEX 2"": 23800.0, ""GEX 3"": 23750.0, ""GEX 4"": 23400.0, ""GEX 5"": 23650.0, ""GEX 6"": 23300.0, ""GEX 7"": 23850.0, ""GEX 8"": 23200.0, ""GEX 9"": 23350.0, ""GEX 10"": 23950.0}",positive,2428220.643301086,0.5637065637065637,229.11000000000058,42008487,False,True,,s1_0830_1000,above,Call Resistance 0DTE|Gamma Wall 0DTE,23600.0,0.75,0.003273536729082092,HVL 0DTE,23530.0,69.25,0.3022565579852465,False,all_19,-0.030553009471432857,0.030553009471432857,False,False,evaluated,ny
e4eaf0ea-8cc5-515c-86e2-88a2e737d005,,,2025-08-27T14:55:00+00:00,23601.25,0.25,2025-08-27,2025-08-26,aeb8bad860db92863af8c5db289eb426dcf765061783264e1a527cd39dac9553,"{""Call Resistance"": 24000.0, ""Put Support"": 23000.0, ""HVL"": 23490.0, ""1D Min"": 23378.39, ""1D Max"": 23836.61, ""Call Resistance 0DTE"": 23600.0, ""Put Support 0DTE"": 23460.0, ""HVL 0DTE"": 23530.0, ""Gamma Wall 0DTE"": 23600.0, ""GEX 1"": 23500.0, ""GEX 2"": 23800.0, ""GEX 3"": 23750.0, ""GEX 4"": 23400.0, ""GEX 5"": 23650.0, ""GEX 6"": 23300.0, ""GEX 7"": 23850.0, ""GEX 8"": 23200.0, ""GEX 9"": 23350.0, ""GEX 10"": 23950.0}",positive,2428220.643301086,0.5637065637065637,229.11000000000058,42008487,False,True,,s1_0830_1000,above,GEX 5,23650.0,48.75,0.212779887390336,Call Resistance 0DTE|Gamma Wall 0DTE,23600.0,1.25,0.005455894548470153,False,all_19,-0.019641220374492552,0.019641220374492552,False,False,evaluated,ny
0ad52428-de31-5da4-b8e6-2a014d7516c4,,,2025-08-27T15:24:00+00:00,23605.0,0.25,2025-08-27,2025-08-26,aeb8bad860db92863af8c5db289eb426dcf765061783264e1a527cd39dac9553,"{""Call Resistance"": 24000.0, ""Put Support"": 23000.0, ""HVL"": 23490.0, ""1D Min"": 23378.39, ""1D Max"": 23836.61, ""Call Resistance 0DTE"": 23600.0, ""Put Support 0DTE"": 23460.0, ""HVL 0DTE"": 23530.0, ""Gamma Wall 0DTE"": 23600.0, ""GEX 1"": 23500.0, ""GEX 2"": 23800.0, ""GEX 3"": 23750.0, ""GEX 4"": 23400.0, ""GEX 5"": 23650.0, ""GEX 6"": 23300.0, ""GEX 7"": 23850.0, ""GEX 8"": 23200.0, ""GEX 9"": 23350.0, ""GEX 10"": 23950.0}",positive,2428220.643301086,0.5637065637065637,229.11000000000058,42008487,False,True,,s2_1000_1200,above,GEX 5,23650.0,45.0,0.19641220374492552,Call Resistance 0DTE|Gamma Wall 0DTE,23600.0,5.0,0.021823578193880613,False,all_19,0.003273536729082092,0.003273536729082092,False,False,evaluated,ny
a9b98d2a-02ba-5d1c-aa0c-6efa0615f2ef,,,2025-08-27T17:30:00+00:00,23602.0,0.25,2025-08-27,2025-08-26,aeb8bad860db92863af8c5db289eb426dcf765061783264e1a527cd39dac9553,"{""Call Resistance"": 24000.0, ""Put Support"": 23000.0, ""HVL"": 23490.0, ""1D Min"": 23378.39, ""1D Max"": 23836.61, ""Call Resistance 0DTE"": 23600.0, ""Put Support 0DTE"": 23460.0, ""HVL 0DTE"": 23530.0, ""Gamma Wall 0DTE"": 23600.0, ""GEX 1"": 23500.0, ""GEX 2"": 23800.0, ""GEX 3"": 23750.0, ""GEX 4"": 23400.0, ""GEX 5"": 23650.0, ""GEX 6"": 23300.0, ""GEX 7"": 23850.0, ""GEX 8"": 23200.0, ""GEX 9"": 23350.0, ""GEX 10"": 23950.0}",positive,2428220.643301086,0.5637065637065637,229.11000000000058,42008487,False,True,,s3_1200_1330,above,GEX 5,23650.0,48.0,0.2095063506612539,Call Resistance 0DTE|Gamma Wall 0DTE,23600.0,2.0,0.008729431277552246,False,all_19,-0.014185325826022398,0.014185325826022398,False,False,evaluated,ny
a71096ff-b28d-55c8-88b5-b37aba671c96,f4dd6601-4fc0-5259-992a-219891cbbb89,fda8852a-651e-59ac-ac8b-1a40a78d8f6f,2025-08-27T17:41:00+00:00,23614.75,0.25,2025-08-27,2025-08-26,aeb8bad860db92863af8c5db289eb426dcf765061783264e1a527cd39dac9553,"{""Call Resistance"": 24000.0, ""Put Support"": 23000.0, ""HVL"": 23490.0, ""1D Min"": 23378.39, ""1D Max"": 23836.61, ""Call Resistance 0DTE"": 23600.0, ""Put Support 0DTE"": 23460.0, ""HVL 0DTE"": 23530.0, ""Gamma Wall 0DTE"": 23600.0, ""GEX 1"": 23500.0, ""GEX 2"": 23800.0, ""GEX 3"": 23750.0, ""GEX 4"": 23400.0, ""GEX 5"": 23650.0, ""GEX 6"": 23300.0, ""GEX 7"": 23850.0, ""GEX 8"": 23200.0, ""GEX 9"": 23350.0, ""GEX 10"": 23950.0}",positive,2428220.643301086,0.5637065637065637,229.11000000000058,42008487,False,True,,s3_1200_1330,above,GEX 5,23650.0,35.25,0.15385622626685833,Call Resistance 0DTE|Gamma Wall 0DTE,23600.0,14.75,0.06437955567194781,False,all_19,0.03273536729082092,0.03273536729082092,False,False,evaluated,ny
fc9bb977-2835-5a00-a808-86f3bf8d43b9,,,2025-08-27T17:53:00+00:00,23619.75,0.25,2025-08-27,2025-08-26,aeb8bad860db92863af8c5db289eb426dcf765061783264e1a527cd39dac9553,"{""Call Resistance"": 24000.0, ""Put Support"": 23000.0, ""HVL"": 23490.0, ""1D Min"": 23378.39, ""1D Max"": 23836.61, ""Call Resistance 0DTE"": 23600.0, ""Put Support 0DTE"": 23460.0, ""HVL 0DTE"": 23530.0, ""Gamma Wall 0DTE"": 23600.0, ""GEX 1"": 23500.0, ""GEX 2"": 23800.0, ""GEX 3"": 23750.0, ""GEX 4"": 23400.0, ""GEX 5"": 23650.0, ""GEX 6"": 23300.0, ""GEX 7"": 23850.0, ""GEX 8"": 23200.0, ""GEX 9"": 23350.0, ""GEX 10"": 23950.0}",positive,2428220.643301086,0.5637065637065637,229.11000000000058,42008487,False,True,,s3_1200_1330,above,GEX 5,23650.0,30.25,0.1320326480729777,Call Resistance 0DTE|Gamma Wall 0DTE,23600.0,19.75,0.08620313386582842,False,all_19,0.06001484003317169,0.06001484003317169,False,False,evaluated,ny
6f8042bd-1402-5311-bb07-120ed48942c3,,,2025-08-27T17:59:00+00:00,23624.25,0.25,2025-08-27,2025-08-26,aeb8bad860db92863af8c5db289eb426dcf765061783264e1a527cd39dac9553,"{""Call Resistance"": 24000.0, ""Put Support"": 23000.0, ""HVL"": 23490.0, ""1D Min"": 23378.39, ""1D Max"": 23836.61, ""Call Resistance 0DTE"": 23600.0, ""Put Support 0DTE"": 23460.0, ""HVL 0DTE"": 23530.0, ""Gamma Wall 0DTE"": 23600.0, ""GEX 1"": 23500.0, ""GEX 2"": 23800.0, ""GEX 3"": 23750.0, ""GEX 4"": 23400.0, ""GEX 5"": 23650.0, ""GEX 6"": 23300.0, ""GEX 7"": 23850.0, ""GEX 8"": 23200.0, ""GEX 9"": 23350.0, ""GEX 10"": 23950.0}",positive,2428220.643301086,0.5637065637065637,229.11000000000058,42008487,False,True,,s3_1200_1330,above,GEX 5,23650.0,25.75,0.11239142769848516,Call Resistance 0DTE|Gamma Wall 0DTE,23600.0,24.25,0.10584435424032097,False,all_19,0.06874427131072393,0.06874427131072393,False,False,evaluated,ny
5d470d6b-9570-57f8-a525-a85a1441379e,,,2025-08-27T18:09:00+00:00,23625.0,0.25,2025-08-27,2025-08-26,aeb8bad860db92863af8c5db289eb426dcf765061783264e1a527cd39dac9553,"{""Call Resistance"": 24000.0, ""Put Support"": 23000.0, ""HVL"": 23490.0, ""1D Min"": 23378.39, ""1D Max"": 23836.61, ""Call Resistance 0DTE"": 23600.0, ""Put Support 0DTE"": 23460.0, ""HVL 0DTE"": 23530.0, ""Gamma Wall 0DTE"": 23600.0, ""GEX 1"": 23500.0, ""GEX 2"": 23800.0, ""GEX 3"": 23750.0, ""GEX 4"": 23400.0, ""GEX 5"": 23650.0, ""GEX 6"": 23300.0, ""GEX 7"": 23850.0, ""GEX 8"": 23200.0, ""GEX 9"": 23350.0, ""GEX 10"": 23950.0}",positive,2428220.643301086,0.5637065637065637,229.11000000000058,42008487,False,True,,s3_1200_1330,above,GEX 5,23650.0,25.0,0.10911789096940307,Call Resistance 0DTE|Gamma Wall 0DTE,23600.0,25.0,0.10911789096940307,False,all_19,0.0818384182270523,0.0818384182270523,False,False,evaluated,none
5cfd0d98-f7db-5d28-93d7-6c75b8376d07,,,2025-08-27T18:14:00+00:00,23641.25,0.25,2025-08-27,2025-08-26,aeb8bad860db92863af8c5db289eb426dcf765061783264e1a527cd39dac9553,"{""Call Resistance"": 24000.0, ""Put Support"": 23000.0, ""HVL"": 23490.0, ""1D Min"": 23378.39, ""1D Max"": 23836.61, ""Call Resistance 0DTE"": 23600.0, ""Put Support 0DTE"": 23460.0, ""HVL 0DTE"": 23530.0, ""Gamma Wall 0DTE"": 23600.0, ""GEX 1"": 23500.0, ""GEX 2"": 23800.0, ""GEX 3"": 23750.0, ""GEX 4"": 23400.0, ""GEX 5"": 23650.0, ""GEX 6"": 23300.0, ""GEX 7"": 23850.0, ""GEX 8"": 23200.0, ""GEX 9"": 23350.0, ""GEX 10"": 23950.0}",positive,2428220.643301086,0.5637065637065637,229.11000000000058,42008487,False,True,,s3_1200_1330,above,GEX 5,23650.0,8.75,0.03819126183929107,Call Resistance 0DTE|Gamma Wall 0DTE,23600.0,41.25,0.18004452009951505,False,all_19,0.11893850115664935,0.11893850115664935,False,False,evaluated,none
62dba9a4-02f6-56d6-bf97-979c2562882e,132c1b29-9a7f-5da6-b90e-129e463172d0,c5d6d755-7f0c-5086-be60-2471a6d10ab9,2025-08-27T22:52:00+00:00,23531.0,0.25,2025-08-27,,aeb8bad860db92863af8c5db289eb426dcf765061783264e1a527cd39dac9553,"{""Call Resistance"": null, ""Put Support"": null, ""HVL"": null, ""1D Min"": null, ""1D Max"": null, ""Call Resistance 0DTE"": null, ""Put Support 0DTE"": null, ""HVL 0DTE"": null, ""Gamma Wall 0DTE"": null, ""GEX 1"": null, ""GEX 2"": null, ""GEX 3"": null, ""GEX 4"": null, ""GEX 5"": null, ""GEX 6"": null, ""GEX 7"": null, ""GEX 8"": null, ""GEX 9"": null, ""GEX 10"": null}",unknown,,,,42008487,False,False,after_1700,outside_cash,,,,,,,,,,,all_19,,,,,not_applicable_outside_hours,asia
787e2044-94be-54d0-801a-019de85cafff,,,2025-08-27T22:53:00+00:00,23531.75,0.25,2025-08-27,,aeb8bad860db92863af8c5db289eb426dcf765061783264e1a527cd39dac9553,"{""Call Resistance"": null, ""Put Support"": null, ""HVL"": null, ""1D Min"": null, ""1D Max"": null, ""Call Resistance 0DTE"": null, ""Put Support 0DTE"": null, ""HVL 0DTE"": null, ""Gamma Wall 0DTE"": null, ""GEX 1"": null, ""GEX 2"": null, ""GEX 3"": null, ""GEX 4"": null, ""GEX 5"": null, ""GEX 6"": null, ""GEX 7"": null, ""GEX 8"": null, ""GEX 9"": null, ""GEX 10"": null}",unknown,,,,42008487,False,False,after_1700,outside_cash,,,,,,,,,,,all_19,,,,,not_applicable_outside_hours,asia
ce7d1350-095c-53e7-bf79-7bc36b8ca9df,,,2025-08-27T22:55:00+00:00,23524.75,0.25,2025-08-27,,aeb8bad860db92863af8c5db289eb426dcf765061783264e1a527cd39dac9553,"{""Call Resistance"": null, ""Put Support"": null, ""HVL"": null, ""1D Min"": null, ""1D Max"": null, ""Call Resistance 0DTE"": null, ""Put Support 0DTE"": null, ""HVL 0DTE"": null, ""Gamma Wall 0DTE"": null, ""GEX 1"": null, ""GEX 2"": null, ""GEX 3"": null, ""GEX 4"": null, ""GEX 5"": null, ""GEX 6"": null, ""GEX 7"": null, ""GEX 8"": null, ""GEX 9"": null, ""GEX 10"": null}",unknown,,,,42008487,False,False,after_1700,outside_cash,,,,,,,,,,,all_19,,,,,not_applicable_outside_hours,asia
d6690b80-71db-59fb-8292-01ee7997ece9,881bf875-1f93-5cf9-bc33-a22c019a7d8a,a1e60a8f-9ca2-5caf-8a87-4cd779a9235a,2025-08-28T01:28:00+00:00,23529.25,0.25,2025-08-27,,aeb8bad860db92863af8c5db289eb426dcf765061783264e1a527cd39dac9553,"{""Call Resistance"": null, ""Put Support"": null, ""HVL"": null, ""1D Min"": null, ""1D Max"": null, ""Call Resistance 0DTE"": null, ""Put Support 0DTE"": null, ""HVL 0DTE"": null, ""Gamma Wall 0DTE"": null, ""GEX 1"": null, ""GEX 2"": null, ""GEX 3"": null, ""GEX 4"": null, ""GEX 5"": null, ""GEX 6"": null, ""GEX 7"": null, ""GEX 8"": null, ""GEX 9"": null, ""GEX 10"": null}",unknown,,,,42008487,False,False,after_1700,outside_cash,,,,,,,,,,,all_19,,,,,not_applicable_outside_hours,asia
1f57bd87-bddb-5341-bd31-57d18a529bc1,,,2025-08-28T01:28:00+00:00,23529.25,0.25,2025-08-27,,aeb8bad860db92863af8c5db289eb426dcf765061783264e1a527cd39dac9553,"{""Call Resistance"": null, ""Put Support"": null, ""HVL"": null, ""1D Min"": null, ""1D Max"": null, ""Call Resistance 0DTE"": null, ""Put Support 0DTE"": null, ""HVL 0DTE"": null, ""Gamma Wall 0DTE"": null, ""GEX 1"": null, ""GEX 2"": null, ""GEX 3"": null, ""GEX 4"": null, ""GEX 5"": null, ""GEX 6"": null, ""GEX 7"": null, ""GEX 8"": null, ""GEX 9"": null, ""GEX 10"": null}",unknown,,,,42008487,False,False,after_1700,outside_cash,,,,,,,,,,,all_19,,,,,not_applicable_outside_hours,asia
be01a30f-8dd2-58aa-ac9c-4846ceda8027,,,2025-09-03T03:16:00+00:00,23326.5,0.25,2025-09-02,,aeb8bad860db92863af8c5db289eb426dcf765061783264e1a527cd39dac9553,"{""Call Resistance"": null, ""Put Support"": null, ""HVL"": null, ""1D Min"": null, ""1D Max"": null, ""Call Resistance 0DTE"": null, ""Put Support 0DTE"": null, ""HVL 0DTE"": null, ""Gamma Wall 0DTE"": null, ""GEX 1"": null, ""GEX 2"": null, ""GEX 3"": null, ""GEX 4"": null, ""GEX 5"": null, ""GEX 6"": null, ""GEX 7"": null, ""GEX 8"": null, ""GEX 9"": null, ""GEX 10"": null}",unknown,,,,42008487,False,False,after_1700,outside_cash,,,,,,,,,,,all_19,,,,,not_applicable_outside_hours,asia
a3270f68-f925-5f67-914b-09f58e0301ea,d1266e9c-f8ae-56f2-81bb-32e12414ad69,c407078d-17c5-5689-bd83-3bd5bb535bb8,2025-09-03T07:04:00+00:00,23357.5,0.25,2025-09-03,,aeb8bad860db92863af8c5db289eb426dcf765061783264e1a527cd39dac9553,"{""Call Resistance"": null, ""Put Support"": null, ""HVL"": null, ""1D Min"": null, ""1D Max"": null, ""Call Resistance 0DTE"": null, ""Put Support 0DTE"": null, ""HVL 0DTE"": null, ""Gamma Wall 0DTE"": null, ""GEX 1"": null, ""GEX 2"": null, ""GEX 3"": null, ""GEX 4"": null, ""GEX 5"": null, ""GEX 6"": null, ""GEX 7"": null, ""GEX 8"": null, ""GEX 9"": null, ""GEX 10"": null}",unknown,,,,42008487,False,False,before_0600,outside_cash,,,,,,,,,,,all_19,,,,,not_applicable_outside_hours,london
5f6cdebc-d961-53aa-a6d1-e7c0d581853a,,,2025-09-03T07:05:00+00:00,23361.0,0.25,2025-09-03,,aeb8bad860db92863af8c5db289eb426dcf765061783264e1a527cd39dac9553,"{""Call Resistance"": null, ""Put Support"": null, ""HVL"": null, ""1D Min"": null, ""1D Max"": null, ""Call Resistance 0DTE"": null, ""Put Support 0DTE"": null, ""HVL 0DTE"": null, ""Gamma Wall 0DTE"": null, ""GEX 1"": null, ""GEX 2"": null, ""GEX 3"": null, ""GEX 4"": null, ""GEX 5"": null, ""GEX 6"": null, ""GEX 7"": null, ""GEX 8"": null, ""GEX 9"": null, ""GEX 10"": null}",unknown,,,,42008487,False,False,before_0600,outside_cash,,,,,,,,,,,all_19,,,,,not_applicable_outside_hours,london
0cdf5b3a-a237-565f-aed8-20851249636c,,,2025-09-03T07:08:00+00:00,23350.25,0.25,2025-09-03,,aeb8bad860db92863af8c5db289eb426dcf765061783264e1a527cd39dac9553,"{""Call Resistance"": null, ""Put Support"": null, ""HVL"": null, ""1D Min"": null, ""1D Max"": null, ""Call Resistance 0DTE"": null, ""Put Support 0DTE"": null, ""HVL 0DTE"": null, ""Gamma Wall 0DTE"": null, ""GEX 1"": null, ""GEX 2"": null, ""GEX 3"": null, ""GEX 4"": null, ""GEX 5"": null, ""GEX 6"": null, ""GEX 7"": null, ""GEX 8"": null, ""GEX 9"": null, ""GEX 10"": null}",unknown,,,,42008487,False,False,before_0600,outside_cash,,,,,,,,,,,all_19,,,,,not_applicable_outside_hours,london
ae8c574f-23be-5e5d-a1da-8235ea714d0d,1e403a13-edf2-535b-b30c-287ee8371099,0065f1ea-0b61-555f-ba08-cd836f78144e,2026-04-02T23:58:00+00:00,24211.75,0.25,2026-04-02,,aeb8bad860db92863af8c5db289eb426dcf765061783264e1a527cd39dac9553,"{""Call Resistance"": null, ""Put Support"": null, ""HVL"": null, ""1D Min"": null, ""1D Max"": null, ""Call Resistance 0DTE"": null, ""Put Support 0DTE"": null, ""HVL 0DTE"": null, ""Gamma Wall 0DTE"": null, ""GEX 1"": null, ""GEX 2"": null, ""GEX 3"": null, ""GEX 4"": null, ""GEX 5"": null, ""GEX 6"": null, ""GEX 7"": null, ""GEX 8"": null, ""GEX 9"": null, ""GEX 10"": null}",unknown,,,,42004058,False,False,after_1700,outside_cash,,,,,,,,,,,all_19,,,,,not_applicable_outside_hours,asia
99504c18-a0bf-5c67-a642-c9e221a85d9b,210acecf-4418-5299-bc90-9ba733d522eb,a8327df4-aeba-5820-a318-6130f672ebdb,2026-04-05T22:51:00+00:00,24073.0,0.25,2026-04-05,,aeb8bad860db92863af8c5db289eb426dcf765061783264e1a527cd39dac9553,"{""Call Resistance"": null, ""Put Support"": null, ""HVL"": null, ""1D Min"": null, ""1D Max"": null, ""Call Resistance 0DTE"": null, ""Put Support 0DTE"": null, ""HVL 0DTE"": null, ""Gamma Wall 0DTE"": null, ""GEX 1"": null, ""GEX 2"": null, ""GEX 3"": null, ""GEX 4"": null, ""GEX 5"": null, ""GEX 6"": null, ""GEX 7"": null, ""GEX 8"": null, ""GEX 9"": null, ""GEX 10"": null}",unknown,,,,42004058,False,False,after_1700,outside_cash,,,,,,,,,,,all_19,,,,,not_applicable_outside_hours,asia
d78e9162-d0d4-5634-9c80-d854f49340df,,,2026-04-05T22:52:00+00:00,24074.75,0.25,2026-04-05,,aeb8bad860db92863af8c5db289eb426dcf765061783264e1a527cd39dac9553,"{""Call Resistance"": null, ""Put Support"": null, ""HVL"": null, ""1D Min"": null, ""1D Max"": null, ""Call Resistance 0DTE"": null, ""Put Support 0DTE"": null, ""HVL 0DTE"": null, ""Gamma Wall 0DTE"": null, ""GEX 1"": null, ""GEX 2"": null, ""GEX 3"": null, ""GEX 4"": null, ""GEX 5"": null, ""GEX 6"": null, ""GEX 7"": null, ""GEX 8"": null, ""GEX 9"": null, ""GEX 10"": null}",unknown,,,,42004058,False,False,after_1700,outside_cash,,,,,,,,,,,all_19,,,,,not_applicable_outside_hours,asia
98780a84-b82a-5d89-9046-f8b9d82792a2,,,2026-04-05T23:03:00+00:00,24066.25,0.25,2026-04-05,,aeb8bad860db92863af8c5db289eb426dcf765061783264e1a527cd39dac9553,"{""Call Resistance"": null, ""Put Support"": null, ""HVL"": null, ""1D Min"": null, ""1D Max"": null, ""Call Resistance 0DTE"": null, ""Put Support 0DTE"": null, ""HVL 0DTE"": null, ""Gamma Wall 0DTE"": null, ""GEX 1"": null, ""GEX 2"": null, ""GEX 3"": null, ""GEX 4"": null, ""GEX 5"": null, ""GEX 6"": null, ""GEX 7"": null, ""GEX 8"": null, ""GEX 9"": null, ""GEX 10"": null}",unknown,,,,42004058,False,False,after_1700,outside_cash,,,,,,,,,,,all_19,,,,,not_applicable_outside_hours,asia
f5e4b434-a294-57f1-92c0-af3a2575ec3f,,,2026-04-05T23:56:00+00:00,24080.0,0.25,2026-04-05,,aeb8bad860db92863af8c5db289eb426dcf765061783264e1a527cd39dac9553,"{""Call Resistance"": null, ""Put Support"": null, ""HVL"": null, ""1D Min"": null, ""1D Max"": null, ""Call Resistance 0DTE"": null, ""Put Support 0DTE"": null, ""HVL 0DTE"": null, ""Gamma Wall 0DTE"": null, ""GEX 1"": null, ""GEX 2"": null, ""GEX 3"": null, ""GEX 4"": null, ""GEX 5"": null, ""GEX 6"": null, ""GEX 7"": null, ""GEX 8"": null, ""GEX 9"": null, ""GEX 10"": null}",unknown,,,,42004058,False,False,after_1700,outside_cash,,,,,,,,,,,all_19,,,,,not_applicable_outside_hours,asia
69e58c7f-61f4-5c06-85b1-238cc5ef6a87,,,2026-04-05T23:58:00+00:00,24087.0,0.25,2026-04-05,,aeb8bad860db92863af8c5db289eb426dcf765061783264e1a527cd39dac9553,"{""Call Resistance"": null, ""Put Support"": null, ""HVL"": null, ""1D Min"": null, ""1D Max"": null, ""Call Resistance 0DTE"": null, ""Put Support 0DTE"": null, ""HVL 0DTE"": null, ""Gamma Wall 0DTE"": null, ""GEX 1"": null, ""GEX 2"": null, ""GEX 3"": null, ""GEX 4"": null, ""GEX 5"": null, ""GEX 6"": null, ""GEX 7"": null, ""GEX 8"": null, ""GEX 9"": null, ""GEX 10"": null}",unknown,,,,42004058,False,False,after_1700,outside_cash,,,,,,,,,,,all_19,,,,,not_applicable_outside_hours,asia
deb15bfc-d5cb-576c-bd5a-fca40d5e543b,25333123-c33f-55c7-9e13-2495fdb19966,dd787dba-8617-505b-9a4e-40ba123a0b40,2026-04-06T03:48:00+00:00,24205.75,0.25,2026-04-05,,aeb8bad860db92863af8c5db289eb426dcf765061783264e1a527cd39dac9553,"{""Call Resistance"": null, ""Put Support"": null, ""HVL"": null, ""1D Min"": null, ""1D Max"": null, ""Call Resistance 0DTE"": null, ""Put Support 0DTE"": null, ""HVL 0DTE"": null, ""Gamma Wall 0DTE"": null, ""GEX 1"": null, ""GEX 2"": null, ""GEX 3"": null, ""GEX 4"": null, ""GEX 5"": null, ""GEX 6"": null, ""GEX 7"": null, ""GEX 8"": null, ""GEX 9"": null, ""GEX 10"": null}",unknown,,,,42004058,False,False,after_1700,outside_cash,,,,,,,,,,,all_19,,,,,not_applicable_outside_hours,asia
039073ad-6ef8-5399-bd84-bcb6165fd908,,,2026-04-06T04:02:00+00:00,24227.0,0.25,2026-04-05,,aeb8bad860db92863af8c5db289eb426dcf765061783264e1a527cd39dac9553,"{""Call Resistance"": null, ""Put Support"": null, ""HVL"": null, ""1D Min"": null, ""1D Max"": null, ""Call Resistance 0DTE"": null, ""Put Support 0DTE"": null, ""HVL 0DTE"": null, ""Gamma Wall 0DTE"": null, ""GEX 1"": null, ""GEX 2"": null, ""GEX 3"": null, ""GEX 4"": null, ""GEX 5"": null, ""GEX 6"": null, ""GEX 7"": null, ""GEX 8"": null, ""GEX 9"": null, ""GEX 10"": null}",unknown,,,,42004058,False,False,after_1700,outside_cash,,,,,,,,,,,all_19,,,,,not_applicable_outside_hours,asia
b07d68d5-a82c-5f74-a3db-5742e588c3d4,,,2026-04-06T04:03:00+00:00,24224.75,0.25,2026-04-05,,aeb8bad860db92863af8c5db289eb426dcf765061783264e1a527cd39dac9553,"{""Call Resistance"": null, ""Put Support"": null, ""HVL"": null, ""1D Min"": null, ""1D Max"": null, ""Call Resistance 0DTE"": null, ""Put Support 0DTE"": null, ""HVL 0DTE"": null, ""Gamma Wall 0DTE"": null, ""GEX 1"": null, ""GEX 2"": null, ""GEX 3"": null, ""GEX 4"": null, ""GEX 5"": null, ""GEX 6"": null, ""GEX 7"": null, ""GEX 8"": null, ""GEX 9"": null, ""GEX 10"": null}",unknown,,,,42004058,False,False,after_1700,outside_cash,,,,,,,,,,,all_19,,,,,not_applicable_outside_hours,asia
7486dcef-0d5a-5aa2-bc57-523ffa8f7978,,,2026-04-06T10:18:00+00:00,24350.75,0.25,2026-04-06,,aeb8bad860db92863af8c5db289eb426dcf765061783264e1a527cd39dac9553,"{""Call Resistance"": null, ""Put Support"": null, ""HVL"": null, ""1D Min"": null, ""1D Max"": null, ""Call Resistance 0DTE"": null, ""Put Support 0DTE"": null, ""HVL 0DTE"": null, ""Gamma Wall 0DTE"": null, ""GEX 1"": null, ""GEX 2"": null, ""GEX 3"": null, ""GEX 4"": null, ""GEX 5"": null, ""GEX 6"": null, ""GEX 7"": null, ""GEX 8"": null, ""GEX 9"": null, ""GEX 10"": null}",unknown,,,,42004058,False,False,before_0600,outside_cash,,,,,,,,,,,all_19,,,,,not_applicable_outside_hours,london
2923355d-42f9-5831-9f17-44296e8fc6c4,86c4cedc-eabf-5c38-812f-675e66becd2b,35733d83-8abb-521b-b1a6-6b55c778cc28,2026-04-07T02:46:00+00:00,24207.75,0.25,2026-04-06,,aeb8bad860db92863af8c5db289eb426dcf765061783264e1a527cd39dac9553,"{""Call Resistance"": null, ""Put Support"": null, ""HVL"": null, ""1D Min"": null, ""1D Max"": null, ""Call Resistance 0DTE"": null, ""Put Support 0DTE"": null, ""HVL 0DTE"": null, ""Gamma Wall 0DTE"": null, ""GEX 1"": null, ""GEX 2"": null, ""GEX 3"": null, ""GEX 4"": null, ""GEX 5"": null, ""GEX 6"": null, ""GEX 7"": null, ""GEX 8"": null, ""GEX 9"": null, ""GEX 10"": null}",unknown,,,,42004058,False,False,after_1700,outside_cash,,,,,,,,,,,all_19,,,,,not_applicable_outside_hours,asia
f4d33a69-ea94-5f2b-af26-00c92b90fc84,,,2026-04-07T02:46:00+00:00,24207.75,0.25,2026-04-06,,aeb8bad860db92863af8c5db289eb426dcf765061783264e1a527cd39dac9553,"{""Call Resistance"": null, ""Put Support"": null, ""HVL"": null, ""1D Min"": null, ""1D Max"": null, ""Call Resistance 0DTE"": null, ""Put Support 0DTE"": null, ""HVL 0DTE"": null, ""Gamma Wall 0DTE"": null, ""GEX 1"": null, ""GEX 2"": null, ""GEX 3"": null, ""GEX 4"": null, ""GEX 5"": null, ""GEX 6"": null, ""GEX 7"": null, ""GEX 8"": null, ""GEX 9"": null, ""GEX 10"": null}",unknown,,,,42004058,False,False,after_1700,outside_cash,,,,,,,,,,,all_19,,,,,not_applicable_outside_hours,asia
b6cdc80f-1f82-5c39-a59d-79ad2a7b65a5,,,2026-04-07T02:49:00+00:00,24219.0,0.25,2026-04-06,,aeb8bad860db92863af8c5db289eb426dcf765061783264e1a527cd39dac9553,"{""Call Resistance"": null, ""Put Support"": null, ""HVL"": null, ""1D Min"": null, ""1D Max"": null, ""Call Resistance 0DTE"": null, ""Put Support 0DTE"": null, ""HVL 0DTE"": null, ""Gamma Wall 0DTE"": null, ""GEX 1"": null, ""GEX 2"": null, ""GEX 3"": null, ""GEX 4"": null, ""GEX 5"": null, ""GEX 6"": null, ""GEX 7"": null, ""GEX 8"": null, ""GEX 9"": null, ""GEX 10"": null}",unknown,,,,42004058,False,False,after_1700,outside_cash,,,,,,,,,,,all_19,,,,,not_applicable_outside_hours,asia
e380b28a-3aec-51a0-9f8f-b0ec9481fbd6,,,2026-04-07T02:59:00+00:00,24210.25,0.25,2026-04-06,,aeb8bad860db92863af8c5db289eb426dcf765061783264e1a527cd39dac9553,"{""Call Resistance"": null, ""Put Support"": null, ""HVL"": null, ""1D Min"": null, ""1D Max"": null, ""Call Resistance 0DTE"": null, ""Put Support 0DTE"": null, ""HVL 0DTE"": null, ""Gamma Wall 0DTE"": null, ""GEX 1"": null, ""GEX 2"": null, ""GEX 3"": null, ""GEX 4"": null, ""GEX 5"": null, ""GEX 6"": null, ""GEX 7"": null, ""GEX 8"": null, ""GEX 9"": null, ""GEX 10"": null}",unknown,,,,42004058,False,False,after_1700,outside_cash,,,,,,,,,,,all_19,,,,,not_applicable_outside_hours,asia
bb3464b3-f6ea-5776-a397-6004b630ef1d,,,2026-04-07T03:24:00+00:00,24215.75,0.25,2026-04-06,,aeb8bad860db92863af8c5db289eb426dcf765061783264e1a527cd39dac9553,"{""Call Resistance"": null, ""Put Support"": null, ""HVL"": null, ""1D Min"": null, ""1D Max"": null, ""Call Resistance 0DTE"": null, ""Put Support 0DTE"": null, ""HVL 0DTE"": null, ""Gamma Wall 0DTE"": null, ""GEX 1"": null, ""GEX 2"": null, ""GEX 3"": null, ""GEX 4"": null, ""GEX 5"": null, ""GEX 6"": null, ""GEX 7"": null, ""GEX 8"": null, ""GEX 9"": null, ""GEX 10"": null}",unknown,,,,42004058,False,False,after_1700,outside_cash,,,,,,,,,,,all_19,,,,,not_applicable_outside_hours,asia
a6a9bc45-4050-51f7-b395-a0b35ac22f8c,,,2026-04-08T20:41:00+00:00,25040.5,0.25,2026-04-08,2026-04-07,aeb8bad860db92863af8c5db289eb426dcf765061783264e1a527cd39dac9553,"{""Call Resistance"": 24750.0, ""Put Support"": 23500.0, ""HVL"": 24175.0, ""1D Min"": 24030.01, ""1D Max"": 24768.49, ""Call Resistance 0DTE"": 24500.0, ""Put Support 0DTE"": 23500.0, ""HVL 0DTE"": 24175.0, ""Gamma Wall 0DTE"": 24500.0, ""GEX 1"": 24600.0, ""GEX 2"": 24250.0, ""GEX 3"": 24400.0, ""GEX 4"": 24050.0, ""GEX 5"": 24300.0, ""GEX 6"": 24800.0, ""GEX 7"": 24900.0, ""GEX 8"": 25000.0, ""GEX 9"": 24000.0, ""GEX 10"": 25100.0}",positive,1771445.7353983917,0.5846153846153846,369.2400000000016,42004058,False,True,,outside_cash,above,GEX 10,25100.0,59.5,0.16114180478821294,GEX 8,25000.0,40.5,0.1096847578810525,False,all_19,1.759695590943552,1.759695590943552,False,False,evaluated,asia
04e9b9c2-b855-51d8-bb43-12ebe41efbd8,1ba8deb4-cf4a-5182-958c-da278f9e46b7,330a54c8-22f2-5ebe-954a-5b35a1a011cf,2026-04-08T22:02:00+00:00,25050.5,0.25,2026-04-08,,aeb8bad860db92863af8c5db289eb426dcf765061783264e1a527cd39dac9553,"{""Call Resistance"": null, ""Put Support"": null, ""HVL"": null, ""1D Min"": null, ""1D Max"": null, ""Call Resistance 0DTE"": null, ""Put Support 0DTE"": null, ""HVL 0DTE"": null, ""Gamma Wall 0DTE"": null, ""GEX 1"": null, ""GEX 2"": null, ""GEX 3"": null, ""GEX 4"": null, ""GEX 5"": null, ""GEX 6"": null, ""GEX 7"": null, ""GEX 8"": null, ""GEX 9"": null, ""GEX 10"": null}",unknown,,,,42004058,False,False,after_1700,outside_cash,,,,,,,,,,,all_19,,,,,not_applicable_outside_hours,asia
0ad45b14-cbda-5ae5-9eda-75b6d1fbe1df,,,2026-04-09T06:29:00+00:00,25034.25,0.25,2026-04-09,,aeb8bad860db92863af8c5db289eb426dcf765061783264e1a527cd39dac9553,"{""Call Resistance"": null, ""Put Support"": null, ""HVL"": null, ""1D Min"": null, ""1D Max"": null, ""Call Resistance 0DTE"": null, ""Put Support 0DTE"": null, ""HVL 0DTE"": null, ""Gamma Wall 0DTE"": null, ""GEX 1"": null, ""GEX 2"": null, ""GEX 3"": null, ""GEX 4"": null, ""GEX 5"": null, ""GEX 6"": null, ""GEX 7"": null, ""GEX 8"": null, ""GEX 9"": null, ""GEX 10"": null}",unknown,,,,42004058,False,False,before_0600,outside_cash,,,,,,,,,,,all_19,,,,,not_applicable_outside_hours,london
4319c2b8-f4f7-56a3-821a-2153c6931377,83a4c200-0d78-5232-add9-729aae1c641e,6740d397-0bd0-5b4a-be5a-a6d09d6d0899,2026-04-09T10:22:00+00:00,25020.25,0.25,2026-04-09,,aeb8bad860db92863af8c5db289eb426dcf765061783264e1a527cd39dac9553,"{""Call Resistance"": null, ""Put Support"": null, ""HVL"": null, ""1D Min"": null, ""1D Max"": null, ""Call Resistance 0DTE"": null, ""Put Support 0DTE"": null, ""HVL 0DTE"": null, ""Gamma Wall 0DTE"": null, ""GEX 1"": null, ""GEX 2"": null, ""GEX 3"": null, ""GEX 4"": null, ""GEX 5"": null, ""GEX 6"": null, ""GEX 7"": null, ""GEX 8"": null, ""GEX 9"": null, ""GEX 10"": null}",unknown,,,,42004058,False,False,before_0600,outside_cash,,,,,,,,,,,all_19,,,,,not_applicable_outside_hours,london
c107f715-22c5-5fd0-96ad-ee7a736d1aa0,,,2026-04-09T10:22:00+00:00,25020.25,0.25,2026-04-09,,aeb8bad860db92863af8c5db289eb426dcf765061783264e1a527cd39dac9553,"{""Call Resistance"": null, ""Put Support"": null, ""HVL"": null, ""1D Min"": null, ""1D Max"": null, ""Call Resistance 0DTE"": null, ""Put Support 0DTE"": null, ""HVL 0DTE"": null, ""Gamma Wall 0DTE"": null, ""GEX 1"": null, ""GEX 2"": null, ""GEX 3"": null, ""GEX 4"": null, ""GEX 5"": null, ""GEX 6"": null, ""GEX 7"": null, ""GEX 8"": null, ""GEX 9"": null, ""GEX 10"": null}",unknown,,,,42004058,False,False,before_0600,outside_cash,,,,,,,,,,,all_19,,,,,not_applicable_outside_hours,london
9092f126-d0f1-5114-bf0c-f01f19941aa8,,,2026-04-09T10:23:00+00:00,25019.5,0.25,2026-04-09,,aeb8bad860db92863af8c5db289eb426dcf765061783264e1a527cd39dac9553,"{""Call Resistance"": null, ""Put Support"": null, ""HVL"": null, ""1D Min"": null, ""1D Max"": null, ""Call Resistance 0DTE"": null, ""Put Support 0DTE"": null, ""HVL 0DTE"": null, ""Gamma Wall 0DTE"": null, ""GEX 1"": null, ""GEX 2"": null, ""GEX 3"": null, ""GEX 4"": null, ""GEX 5"": null, ""GEX 6"": null, ""GEX 7"": null, ""GEX 8"": null, ""GEX 9"": null, ""GEX 10"": null}",unknown,,,,42004058,False,False,before_0600,outside_cash,,,,,,,,,,,all_19,,,,,not_applicable_outside_hours,london
3499a5bf-d005-5dd8-b919-9a0bdcd8b745,,,2026-04-09T10:44:00+00:00,25017.0,0.25,2026-04-09,,aeb8bad860db92863af8c5db289eb426dcf765061783264e1a527cd39dac9553,"{""Call Resistance"": null, ""Put Support"": null, ""HVL"": null, ""1D Min"": null, ""1D Max"": null, ""Call Resistance 0DTE"": null, ""Put Support 0DTE"": null, ""HVL 0DTE"": null, ""Gamma Wall 0DTE"": null, ""GEX 1"": null, ""GEX 2"": null, ""GEX 3"": null, ""GEX 4"": null, ""GEX 5"": null, ""GEX 6"": null, ""GEX 7"": null, ""GEX 8"": null, ""GEX 9"": null, ""GEX 10"": null}",unknown,,,,42004058,False,False,before_0600,outside_cash,,,,,,,,,,,all_19,,,,,not_applicable_outside_hours,london
856ba620-f1e2-5238-9a2b-10bf64260078,,,2026-04-09T10:45:00+00:00,25018.5,0.25,2026-04-09,,aeb8bad860db92863af8c5db289eb426dcf765061783264e1a527cd39dac9553,"{""Call Resistance"": null, ""Put Support"": null, ""HVL"": null, ""1D Min"": null, ""1D Max"": null, ""Call Resistance 0DTE"": null, ""Put Support 0DTE"": null, ""HVL 0DTE"": null, ""Gamma Wall 0DTE"": null, ""GEX 1"": null, ""GEX 2"": null, ""GEX 3"": null, ""GEX 4"": null, ""GEX 5"": null, ""GEX 6"": null, ""GEX 7"": null, ""GEX 8"": null, ""GEX 9"": null, ""GEX 10"": null}",unknown,,,,42004058,False,False,before_0600,outside_cash,,,,,,,,,,,all_19,,,,,not_applicable_outside_hours,london
32b91005-4cb3-5b65-b933-b395b19fffba,,,2026-04-09T10:49:00+00:00,25019.75,0.25,2026-04-09,,aeb8bad860db92863af8c5db289eb426dcf765061783264e1a527cd39dac9553,"{""Call Resistance"": null, ""Put Support"": null, ""HVL"": null, ""1D Min"": null, ""1D Max"": null, ""Call Resistance 0DTE"": null, ""Put Support 0DTE"": null, ""HVL 0DTE"": null, ""Gamma Wall 0DTE"": null, ""GEX 1"": null, ""GEX 2"": null, ""GEX 3"": null, ""GEX 4"": null, ""GEX 5"": null, ""GEX 6"": null, ""GEX 7"": null, ""GEX 8"": null, ""GEX 9"": null, ""GEX 10"": null}",unknown,,,,42004058,False,False,before_0600,outside_cash,,,,,,,,,,,all_19,,,,,not_applicable_outside_hours,london
19adbb39-a028-5716-9828-b76c6e480d7c,,,2026-04-09T10:50:00+00:00,25023.5,0.25,2026-04-09,,aeb8bad860db92863af8c5db289eb426dcf765061783264e1a527cd39dac9553,"{""Call Resistance"": null, ""Put Support"": null, ""HVL"": null, ""1D Min"": null, ""1D Max"": null, ""Call Resistance 0DTE"": null, ""Put Support 0DTE"": null, ""HVL 0DTE"": null, ""Gamma Wall 0DTE"": null, ""GEX 1"": null, ""GEX 2"": null, ""GEX 3"": null, ""GEX 4"": null, ""GEX 5"": null, ""GEX 6"": null, ""GEX 7"": null, ""GEX 8"": null, ""GEX 9"": null, ""GEX 10"": null}",unknown,,,,42004058,False,False,before_0600,outside_cash,,,,,,,,,,,all_19,,,,,not_applicable_outside_hours,london
4b56a06b-f2af-5c15-aca6-495a4d9a1ec8,,,2026-04-09T12:43:00+00:00,25046.0,0.25,2026-04-09,2026-04-08,aeb8bad860db92863af8c5db289eb426dcf765061783264e1a527cd39dac9553,"{""Call Resistance"": 25500.0, ""Put Support"": 25020.0, ""HVL"": 24390.0, ""1D Min"": 24705.58, ""1D Max"": 25372.42, ""Call Resistance 0DTE"": 25100.0, ""Put Support 0DTE"": 25020.0, ""HVL 0DTE"": 25020.0, ""Gamma Wall 0DTE"": 25100.0, ""GEX 1"": 24750.0, ""GEX 2"": 25000.0, ""GEX 3"": 25300.0, ""GEX 4"": 25200.0, ""GEX 5"": 25250.0, ""GEX 6"": 25400.0, ""GEX 7"": 25600.0, ""GEX 8"": 24500.0, ""GEX 9"": 24400.0, ""GEX 10"": 24600.0}",positive,2969212.468414947,0.7807692307692308,333.41999999999825,42004058,False,True,,outside_cash,above,Call Resistance 0DTE|Gamma Wall 0DTE,25100.0,54.0,0.16195789094835428,Put Support|Put Support 0DTE|HVL 0DTE,25020.0,26.0,0.07797972527142984,False,all_19,-0.06748245456181429,0.06748245456181429,False,False,evaluated,ny
5cd57936-3eea-584c-88a4-82c3f2e02b98,ad7f4ad3-c394-5500-8424-48cbdd498ceb,efd37cae-d192-5409-b694-3edb6be1a12e,2026-04-09T13:06:00+00:00,25042.75,0.25,2026-04-09,2026-04-08,aeb8bad860db92863af8c5db289eb426dcf765061783264e1a527cd39dac9553,"{""Call Resistance"": 25500.0, ""Put Support"": 25020.0, ""HVL"": 24390.0, ""1D Min"": 24705.58, ""1D Max"": 25372.42, ""Call Resistance 0DTE"": 25100.0, ""Put Support 0DTE"": 25020.0, ""HVL 0DTE"": 25020.0, ""Gamma Wall 0DTE"": 25100.0, ""GEX 1"": 24750.0, ""GEX 2"": 25000.0, ""GEX 3"": 25300.0, ""GEX 4"": 25200.0, ""GEX 5"": 25250.0, ""GEX 6"": 25400.0, ""GEX 7"": 25600.0, ""GEX 8"": 24500.0, ""GEX 9"": 24400.0, ""GEX 10"": 24600.0}",positive,2969212.468414947,0.7807692307692308,333.41999999999825,42004058,False,True,,outside_cash,above,Call Resistance 0DTE|Gamma Wall 0DTE,25100.0,57.25,0.171705356607283,Put Support|Put Support 0DTE|HVL 0DTE,25020.0,22.75,0.06823225961250111,False,all_19,-0.04198908283846222,0.04198908283846222,False,False,evaluated,ny
065f29b2-825a-5afa-9ad9-f54ba1d5413f,,,2026-04-09T13:13:00+00:00,25045.5,0.25,2026-04-09,2026-04-08,aeb8bad860db92863af8c5db289eb426dcf765061783264e1a527cd39dac9553,"{""Call Resistance"": 25500.0, ""Put Support"": 25020.0, ""HVL"": 24390.0, ""1D Min"": 24705.58, ""1D Max"": 25372.42, ""Call Resistance 0DTE"": 25100.0, ""Put Support 0DTE"": 25020.0, ""HVL 0DTE"": 25020.0, ""Gamma Wall 0DTE"": 25100.0, ""GEX 1"": 24750.0, ""GEX 2"": 25000.0, ""GEX 3"": 25300.0, ""GEX 4"": 25200.0, ""GEX 5"": 25250.0, ""GEX 6"": 25400.0, ""GEX 7"": 25600.0, ""GEX 8"": 24500.0, ""GEX 9"": 24400.0, ""GEX 10"": 24600.0}",positive,2969212.468414947,0.7807692307692308,333.41999999999825,42004058,False,True,,outside_cash,above,Call Resistance 0DTE|Gamma Wall 0DTE,25100.0,54.5,0.16345750104972792,Put Support|Put Support 0DTE|HVL 0DTE,25020.0,25.5,0.07648011517005619,False,all_19,-0.049487133345330475,0.049487133345330475,False,False,evaluated,ny
bc07189d-b08c-5aa0-a3f2-8874bd419e92,,,2026-04-09T13:27:00+00:00,25052.25,0.25,2026-04-09,2026-04-08,aeb8bad860db92863af8c5db289eb426dcf765061783264e1a527cd39dac9553,"{""Call Resistance"": 25500.0, ""Put Support"": 25020.0, ""HVL"": 24390.0, ""1D Min"": 24705.58, ""1D Max"": 25372.42, ""Call Resistance 0DTE"": 25100.0, ""Put Support 0DTE"": 25020.0, ""HVL 0DTE"": 25020.0, ""Gamma Wall 0DTE"": 25100.0, ""GEX 1"": 24750.0, ""GEX 2"": 25000.0, ""GEX 3"": 25300.0, ""GEX 4"": 25200.0, ""GEX 5"": 25250.0, ""GEX 6"": 25400.0, ""GEX 7"": 25600.0, ""GEX 8"": 24500.0, ""GEX 9"": 24400.0, ""GEX 10"": 24600.0}",positive,2969212.468414947,0.7807692307692308,333.41999999999825,42004058,False,True,,outside_cash,above,Call Resistance 0DTE|Gamma Wall 0DTE,25100.0,47.75,0.14321276468118363,Put Support|Put Support 0DTE|HVL 0DTE,25020.0,32.25,0.09672485153860047,False,all_19,-0.014246295963049683,0.014246295963049683,False,False,evaluated,ny
8fd45e76-a219-56e4-8342-110e337ffb78,212f2241-d189-5654-a78d-8d02eece7f33,25f51448-2fed-5e86-9329-ad1c0505cc1a,2026-04-09T16:53:00+00:00,25204.5,0.25,2026-04-09,2026-04-08,aeb8bad860db92863af8c5db289eb426dcf765061783264e1a527cd39dac9553,"{""Call Resistance"": 25500.0, ""Put Support"": 25020.0, ""HVL"": 24390.0, ""1D Min"": 24705.58, ""1D Max"": 25372.42, ""Call Resistance 0DTE"": 25100.0, ""Put Support 0DTE"": 25020.0, ""HVL 0DTE"": 25020.0, ""Gamma Wall 0DTE"": 25100.0, ""GEX 1"": 24750.0, ""GEX 2"": 25000.0, ""GEX 3"": 25300.0, ""GEX 4"": 25200.0, ""GEX 5"": 25250.0, ""GEX 6"": 25400.0, ""GEX 7"": 25600.0, ""GEX 8"": 24500.0, ""GEX 9"": 24400.0, ""GEX 10"": 24600.0}",positive,2969212.468414947,0.7807692307692308,333.41999999999825,42004058,False,True,,s2_1000_1200,above,GEX 5,25250.0,45.5,0.13646451922500222,GEX 4,25200.0,4.5,0.013496490912362857,False,all_19,0.42363985363805634,0.42363985363805634,False,False,evaluated,ny
2d8a9c22-8621-52d1-bb4f-8b6bd66233b5,,,2026-04-09T16:57:00+00:00,25194.5,0.25,2026-04-09,2026-04-08,aeb8bad860db92863af8c5db289eb426dcf765061783264e1a527cd39dac9553,"{""Call Resistance"": 25500.0, ""Put Support"": 25020.0, ""HVL"": 24390.0, ""1D Min"": 24705.58, ""1D Max"": 25372.42, ""Call Resistance 0DTE"": 25100.0, ""Put Support 0DTE"": 25020.0, ""HVL 0DTE"": 25020.0, ""Gamma Wall 0DTE"": 25100.0, ""GEX 1"": 24750.0, ""GEX 2"": 25000.0, ""GEX 3"": 25300.0, ""GEX 4"": 25200.0, ""GEX 5"": 25250.0, ""GEX 6"": 25400.0, ""GEX 7"": 25600.0, ""GEX 8"": 24500.0, ""GEX 9"": 24400.0, ""GEX 10"": 24600.0}",positive,2969212.468414947,0.7807692307692308,333.41999999999825,42004058,False,True,,s2_1000_1200,above,GEX 4,25200.0,5.5,0.016495711115110157,Call Resistance 0DTE|Gamma Wall 0DTE,25100.0,94.5,0.28342630915961997,False,all_19,0.41539199808050126,0.41539199808050126,False,False,evaluated,ny
f730c281-1645-58d1-a064-b3e38e19394f,,,2026-04-09T17:05:00+00:00,25208.25,0.25,2026-04-09,2026-04-08,aeb8bad860db92863af8c5db289eb426dcf765061783264e1a527cd39dac9553,"{""Call Resistance"": 25500.0, ""Put Support"": 25020.0, ""HVL"": 24390.0, ""1D Min"": 24705.58, ""1D Max"": 25372.42, ""Call Resistance 0DTE"": 25100.0, ""Put Support 0DTE"": 25020.0, ""HVL 0DTE"": 25020.0, ""Gamma Wall 0DTE"": 25100.0, ""GEX 1"": 24750.0, ""GEX 2"": 25000.0, ""GEX 3"": 25300.0, ""GEX 4"": 25200.0, ""GEX 5"": 25250.0, ""GEX 6"": 25400.0, ""GEX 7"": 25600.0, ""GEX 8"": 24500.0, ""GEX 9"": 24400.0, ""GEX 10"": 24600.0}",positive,2969212.468414947,0.7807692307692308,333.41999999999825,42004058,False,True,,s3_1200_1330,above,GEX 5,25250.0,41.75,0.12521744346469985,GEX 4,25200.0,8.25,0.024743566672665238,False,all_19,0.4401355647531665,0.4401355647531665,False,False,evaluated,ny
dc2277b2-baf1-5735-aee1-23c5fad63f9a,,,2026-04-09T17:08:00+00:00,25221.5,0.25,2026-04-09,2026-04-08,aeb8bad860db92863af8c5db289eb426dcf765061783264e1a527cd39dac9553,"{""Call Resistance"": 25500.0, ""Put Support"": 25020.0, ""HVL"": 24390.0, ""1D Min"": 24705.58, ""1D Max"": 25372.42, ""Call Resistance 0DTE"": 25100.0, ""Put Support 0DTE"": 25020.0, ""HVL 0DTE"": 25020.0, ""Gamma Wall 0DTE"": 25100.0, ""GEX 1"": 24750.0, ""GEX 2"": 25000.0, ""GEX 3"": 25300.0, ""GEX 4"": 25200.0, ""GEX 5"": 25250.0, ""GEX 6"": 25400.0, ""GEX 7"": 25600.0, ""GEX 8"": 24500.0, ""GEX 9"": 24400.0, ""GEX 10"": 24600.0}",positive,2969212.468414947,0.7807692307692308,333.41999999999825,42004058,False,True,,s3_1200_1330,above,GEX 5,25250.0,28.5,0.08547777577829808,GEX 4,25200.0,21.5,0.06448323435906698,False,all_19,0.485123867794376,0.485123867794376,False,False,evaluated,ny
352c1667-aaaa-5d24-8737-27f31b68f698,,,2026-04-09T17:13:00+00:00,25233.25,0.25,2026-04-09,2026-04-08,aeb8bad860db92863af8c5db289eb426dcf765061783264e1a527cd39dac9553,"{""Call Resistance"": 25500.0, ""Put Support"": 25020.0, ""HVL"": 24390.0, ""1D Min"": 24705.58, ""1D Max"": 25372.42, ""Call Resistance 0DTE"": 25100.0, ""Put Support 0DTE"": 25020.0, ""HVL 0DTE"": 25020.0, ""Gamma Wall 0DTE"": 25100.0, ""GEX 1"": 24750.0, ""GEX 2"": 25000.0, ""GEX 3"": 25300.0, ""GEX 4"": 25200.0, ""GEX 5"": 25250.0, ""GEX 6"": 25400.0, ""GEX 7"": 25600.0, ""GEX 8"": 24500.0, ""GEX 9"": 24400.0, ""GEX 10"": 24600.0}",positive,2969212.468414947,0.7807692307692308,333.41999999999825,42004058,False,True,,s3_1200_1330,above,GEX 5,25250.0,16.75,0.0502369383960173,GEX 4,25200.0,33.25,0.09972407174134777,False,all_19,0.532361585987646,0.532361585987646,False,False,evaluated,ny
675608a5-c386-592f-8e41-eda2ba042a93,,,2026-04-09T17:17:00+00:00,25237.0,0.25,2026-04-09,2026-04-08,aeb8bad860db92863af8c5db289eb426dcf765061783264e1a527cd39dac9553,"{""Call Resistance"": 25500.0, ""Put Support"": 25020.0, ""HVL"": 24390.0, ""1D Min"": 24705.58, ""1D Max"": 25372.42, ""Call Resistance 0DTE"": 25100.0, ""Put Support 0DTE"": 25020.0, ""HVL 0DTE"": 25020.0, ""Gamma Wall 0DTE"": 25100.0, ""GEX 1"": 24750.0, ""GEX 2"": 25000.0, ""GEX 3"": 25300.0, ""GEX 4"": 25200.0, ""GEX 5"": 25250.0, ""GEX 6"": 25400.0, ""GEX 7"": 25600.0, ""GEX 8"": 24500.0, ""GEX 9"": 24400.0, ""GEX 10"": 24600.0}",positive,2969212.468414947,0.7807692307692308,333.41999999999825,42004058,False,True,,s3_1200_1330,above,GEX 5,25250.0,13.0,0.03898986263571492,GEX 4,25200.0,37.0,0.11097114750165016,False,all_19,0.5361106112410802,0.5361106112410802,False,False,evaluated,ny
