# {"archival": false, "configuration": "midsession", "formula_version": "menthorq_eod_v1", "menthorq_context_version": "menthorq_eod_v1", "report_only": true, "run_identity": {"core_replay_id": "37d78a6669313c74f2dc1b4b0e53ea44cabbb8f052cd645887f2821e12ef6f09", "evaluation_dates": ["2025-06-16", "2025-06-17", "2025-06-18", "2025-06-19", "2025-06-20", "2025-06-23", "2025-06-24", "2025-06-25", "2025-06-26", "2025-06-27", "2025-06-30", "2025-07-01", "2025-07-02", "2025-07-03", "2025-07-04", "2025-07-07", "2025-07-09", "2025-07-10", "2025-07-11", "2025-07-14", "2025-07-15", "2025-07-16", "2025-07-17", "2025-07-18", "2025-07-21", "2025-07-22", "2025-07-23", "2025-07-24", "2025-07-25", "2025-07-28", "2025-07-29", "2025-07-30", "2025-07-31", "2025-08-01", "2025-08-04", "2025-08-05", "2025-08-06", "2025-08-07", "2025-08-08", "2025-08-11", "2025-08-12", "2025-08-13", "2025-08-14", "2025-08-15", "2025-08-18", "2025-08-19", "2025-08-20", "2025-08-21", "2025-08-22", "2025-08-25", "2025-08-26", "2025-08-27", "2025-08-28", "2025-08-29", "2025-09-01", "2025-09-02", "2025-09-03", "2025-09-04", "2025-09-05", "2025-09-08", "2025-09-09", "2025-09-10", "2025-09-11", "2025-09-12", "2025-09-15", "2025-09-16", "2025-09-17", "2025-09-18", "2025-09-19", "2025-09-22", "2025-09-23", "2025-09-24", "2025-09-25", "2025-09-26", "2025-09-29", "2025-09-30", "2025-10-01", "2025-10-02", "2025-10-03", "2025-10-06", "2025-10-07", "2025-10-08", "2025-10-09", "2025-10-10", "2025-10-13", "2025-10-14", "2025-10-15", "2025-10-16", "2025-10-17", "2025-10-20", "2025-10-21", "2025-10-22", "2025-10-23", "2025-10-24", "2025-10-27", "2025-10-28", "2025-10-29", "2025-10-30", "2025-10-31", "2025-11-03", "2025-11-04", "2025-11-05", "2025-11-06", "2025-11-07", "2025-11-10", "2025-11-11", "2025-11-12", "2025-11-13", "2025-11-17", "2025-11-18", "2025-11-19", "2025-11-21", "2025-11-24", "2025-11-25", "2025-11-26", "2025-11-27", "2025-11-28", "2025-12-01", "2025-12-02", "2025-12-03", "2025-12-04", "2025-12-05", "2025-12-08", "2025-12-09", "2025-12-10", "2025-12-11", "2025-12-12", "2025-12-15", "2025-12-16", "2025-12-17", "2025-12-18", "2025-12-19", "2025-12-22", "2025-12-23", "2025-12-24", "2025-12-26", "2025-12-29", "2025-12-30", "2025-12-31", "2026-01-02", "2026-01-05", "2026-01-06", "2026-01-07", "2026-01-08", "2026-01-09", "2026-01-12", "2026-01-13", "2026-01-14", "2026-01-15", "2026-01-16", "2026-01-19", "2026-01-20", "2026-01-21", "2026-01-22", "2026-01-23", "2026-01-26", "2026-01-27", "2026-01-28", "2026-01-29", "2026-01-30", "2026-02-02", "2026-02-03", "2026-02-04", "2026-02-05", "2026-02-06", "2026-02-09", "2026-02-10", "2026-02-11", "2026-02-12", "2026-02-13", "2026-02-16", "2026-02-17", "2026-02-18", "2026-02-19", "2026-02-20", "2026-02-23", "2026-02-24", "2026-02-25", "2026-02-26", "2026-02-27", "2026-03-02", "2026-03-03", "2026-03-04", "2026-03-05", "2026-03-06", "2026-03-09", "2026-03-10", "2026-03-11", "2026-03-12", "2026-03-13", "2026-03-16", "2026-03-17", "2026-03-18", "2026-03-19", "2026-03-20", "2026-03-23", "2026-03-24", "2026-03-25", "2026-03-26", "2026-03-27", "2026-03-30", "2026-03-31", "2026-04-01", "2026-04-02", "2026-04-03", "2026-04-06", "2026-04-07", "2026-04-08", "2026-04-09", "2026-04-10", "2026-04-13", "2026-04-14", "2026-04-15", "2026-04-16", "2026-04-17", "2026-04-20", "2026-04-21", "2026-04-22", "2026-04-23", "2026-04-24", "2026-04-27", "2026-04-28", "2026-04-29", "2026-04-30", "2026-05-01", "2026-05-04", "2026-05-05", "2026-05-06", "2026-05-07", "2026-05-08", "2026-05-11", "2026-05-12", "2026-05-13", "2026-05-14", "2026-05-15", "2026-05-18", "2026-05-19", "2026-05-20", "2026-05-21", "2026-05-22", "2026-05-25", "2026-05-26", "2026-05-27", "2026-05-28", "2026-05-29", "2026-06-01", "2026-06-02", "2026-06-03", "2026-06-04", "2026-06-05", "2026-06-08", "2026-06-09", "2026-06-10"], "pipeline_semantic_id": "1e3018b11ed0130545aefda0aeca927d625f246d7054b0ba7847e3a5c299e37a", "quant_lab_commit": "8c46f80dc65485c70751785b8edcaf5dfc11c0d2", "quant_lab_replay_source_identity": "affe0fc52ec790dd8c29b1dc171167276975ff72be739f08fd1dfd2ebd41e251", "replay_dates": ["2025-06-02", "2025-06-03", "2025-06-04", "2025-06-05", "2025-06-06", "2025-06-09", "2025-06-10", "2025-06-11", "2025-06-12", "2025-06-13", "2025-06-16", "2025-06-17", "2025-06-18", "2025-06-19", "2025-06-20", "2025-06-23", "2025-06-24", "2025-06-25", "2025-06-26", "2025-06-27", "2025-06-30", "2025-07-01", "2025-07-02", "2025-07-03", "2025-07-04", "2025-07-07", "2025-07-09", "2025-07-10", "2025-07-11", "2025-07-14", "2025-07-15", "2025-07-16", "2025-07-17", "2025-07-18", "2025-07-21", "2025-07-22", "2025-07-23", "2025-07-24", "2025-07-25", "2025-07-28", "2025-07-29", "2025-07-30", "2025-07-31", "2025-08-01", "2025-08-04", "2025-08-05", "2025-08-06", "2025-08-07", "2025-08-08", "2025-08-11", "2025-08-12", "2025-08-13", "2025-08-14", "2025-08-15", "2025-08-18", "2025-08-19", "2025-08-20", "2025-08-21", "2025-08-22", "2025-08-25", "2025-08-26", "2025-08-27", "2025-08-28", "2025-08-29", "2025-09-01", "2025-09-02", "2025-09-03", "2025-09-04", "2025-09-05", "2025-09-08", "2025-09-09", "2025-09-10", "2025-09-11", "2025-09-12", "2025-09-15", "2025-09-16", "2025-09-17", "2025-09-18", "2025-09-19", "2025-09-22", "2025-09-23", "2025-09-24", "2025-09-25", "2025-09-26", "2025-09-29", "2025-09-30", "2025-10-01", "2025-10-02", "2025-10-03", "2025-10-06", "2025-10-07", "2025-10-08", "2025-10-09", "2025-10-10", "2025-10-13", "2025-10-14", "2025-10-15", "2025-10-16", "2025-10-17", "2025-10-20", "2025-10-21", "2025-10-22", "2025-10-23", "2025-10-24", "2025-10-27", "2025-10-28", "2025-10-29", "2025-10-30", "2025-10-31", "2025-11-03", "2025-11-04", "2025-11-05", "2025-11-06", "2025-11-07", "2025-11-10", "2025-11-11", "2025-11-12", "2025-11-13", "2025-11-17", "2025-11-18", "2025-11-19", "2025-11-21", "2025-11-24", "2025-11-25", "2025-11-26", "2025-11-27", "2025-11-28", "2025-12-01", "2025-12-02", "2025-12-03", "2025-12-04", "2025-12-05", "2025-12-08", "2025-12-09", "2025-12-10", "2025-12-11", "2025-12-12", "2025-12-15", "2025-12-16", "2025-12-17", "2025-12-18", "2025-12-19", "2025-12-22", "2025-12-23", "2025-12-24", "2025-12-26", "2025-12-29", "2025-12-30", "2025-12-31", "2026-01-02", "2026-01-05", "2026-01-06", "2026-01-07", "2026-01-08", "2026-01-09", "2026-01-12", "2026-01-13", "2026-01-14", "2026-01-15", "2026-01-16", "2026-01-19", "2026-01-20", "2026-01-21", "2026-01-22", "2026-01-23", "2026-01-26", "2026-01-27", "2026-01-28", "2026-01-29", "2026-01-30", "2026-02-02", "2026-02-03", "2026-02-04", "2026-02-05", "2026-02-06", "2026-02-09", "2026-02-10", "2026-02-11", "2026-02-12", "2026-02-13", "2026-02-16", "2026-02-17", "2026-02-18", "2026-02-19", "2026-02-20", "2026-02-23", "2026-02-24", "2026-02-25", "2026-02-26", "2026-02-27", "2026-03-02", "2026-03-03", "2026-03-04", "2026-03-05", "2026-03-06", "2026-03-09", "2026-03-10", "2026-03-11", "2026-03-12", "2026-03-13", "2026-03-16", "2026-03-17", "2026-03-18", "2026-03-19", "2026-03-20", "2026-03-23", "2026-03-24", "2026-03-25", "2026-03-26", "2026-03-27", "2026-03-30", "2026-03-31", "2026-04-01", "2026-04-02", "2026-04-03", "2026-04-06", "2026-04-07", "2026-04-08", "2026-04-09", "2026-04-10", "2026-04-13", "2026-04-14", "2026-04-15", "2026-04-16", "2026-04-17", "2026-04-20", "2026-04-21", "2026-04-22", "2026-04-23", "2026-04-24", "2026-04-27", "2026-04-28", "2026-04-29", "2026-04-30", "2026-05-01", "2026-05-04", "2026-05-05", "2026-05-06", "2026-05-07", "2026-05-08", "2026-05-11", "2026-05-12", "2026-05-13", "2026-05-14", "2026-05-15", "2026-05-18", "2026-05-19", "2026-05-20", "2026-05-21", "2026-05-22", "2026-05-25", "2026-05-26", "2026-05-27", "2026-05-28", "2026-05-29", "2026-06-01", "2026-06-02", "2026-06-03", "2026-06-04", "2026-06-05", "2026-06-08", "2026-06-09", "2026-06-10"], "replay_input_bundle_id": "8bfc79dfed8bdc85b700c9f3c2e4351ee017c9a4df1c2f5d73c2e08fb3384dd8", "resolved_section_config_hash": "c3df2a4e602f0cf9fb605a48cf4b3fdf1c3e9fa20464aa876246fdbe282fdb8d", "search_id": "519b5317ebde363e47081db22e3a022378403e2468155d1af0415cdb33290a3b", "strategy_core_commit": "709487bc85ef82a259297c4ad6f3f198f4cabbcd", "strategy_core_source_identity": "30ffab98b2766da326a3712d2639e962e1b72241b9c3327fdb41faa95f5ec57b", "v2_dataset_artifact_id": "19ede7fcd69d276de6935da94e6962334715caa5bb92bb77ab99f33fa4ab26b2", "warmup_dates": ["2025-06-02", "2025-06-03", "2025-06-04", "2025-06-05", "2025-06-06", "2025-06-09", "2025-06-10", "2025-06-11", "2025-06-12", "2025-06-13"]}, "schema_version": 1, "source_file_sha256": {"daily_total_dealer_gamma_and_regime.csv": "afb8e9bae8c9ae5a6200cb49e3862d222551e168962ac402fefff6ee15c9821d", "eod_gamma_levels_daily_wide.csv": "aeb8bad860db92863af8c5db289eb426dcf765061783264e1a527cd39dac9553"}}
candidate_id,decision_id,trade_id,availability_ts_utc,entry_price_points,tick_size,trading_date,source_eod_date,source_file_sha256,levels,regime,total_net_gex,gex_percentile_1y,implied_move_points,selected_instrument_id,roll_flag,context_available,unavailable_reason,slot_chicago,hvl_side,nearest_above_names,nearest_above_points,nearest_above_distance_points,nearest_above_distance_implied,nearest_below_names,nearest_below_points,nearest_below_distance_points,nearest_below_distance_implied,nearest_support_is_gex1,nearest_support_universe,opening_move_signed,opening_move_abs,regime_gate_blocked,nearest_support_gate_blocked,gate_status,entry_session
e742ecd2-3174-5570-bdd7-1fdab5b07cc0,,,2025-06-05T10:32:00+00:00,21802.75,0.25,2025-06-05,,aeb8bad860db92863af8c5db289eb426dcf765061783264e1a527cd39dac9553,"{""Call Resistance"": null, ""Put Support"": null, ""HVL"": null, ""1D Min"": null, ""1D Max"": null, ""Call Resistance 0DTE"": null, ""Put Support 0DTE"": null, ""HVL 0DTE"": null, ""Gamma Wall 0DTE"": null, ""GEX 1"": null, ""GEX 2"": null, ""GEX 3"": null, ""GEX 4"": null, ""GEX 5"": null, ""GEX 6"": null, ""GEX 7"": null, ""GEX 8"": null, ""GEX 9"": null, ""GEX 10"": null}",unknown,,,,42005804,False,False,before_0600,outside_cash,,,,,,,,,,,all_19,,,,,not_applicable_outside_hours,london
c4d4c3a7-31f8-5b2c-9192-3a6760c4af00,,,2025-06-05T10:32:00+00:00,21802.75,0.25,2025-06-05,,aeb8bad860db92863af8c5db289eb426dcf765061783264e1a527cd39dac9553,"{""Call Resistance"": null, ""Put Support"": null, ""HVL"": null, ""1D Min"": null, ""1D Max"": null, ""Call Resistance 0DTE"": null, ""Put Support 0DTE"": null, ""HVL 0DTE"": null, ""Gamma Wall 0DTE"": null, ""GEX 1"": null, ""GEX 2"": null, ""GEX 3"": null, ""GEX 4"": null, ""GEX 5"": null, ""GEX 6"": null, ""GEX 7"": null, ""GEX 8"": null, ""GEX 9"": null, ""GEX 10"": null}",unknown,,,,42005804,False,False,before_0600,outside_cash,,,,,,,,,,,all_19,,,,,not_applicable_outside_hours,london
8876a037-6d87-59a1-9bc5-e858fa902086,,,2025-06-05T12:11:00+00:00,21772.0,0.25,2025-06-05,2025-06-04,aeb8bad860db92863af8c5db289eb426dcf765061783264e1a527cd39dac9553,"{""Call Resistance"": 21900.0, ""Put Support"": 21780.0, ""HVL"": 21790.0, ""1D Min"": 21511.15, ""1D Max"": 21984.85, ""Call Resistance 0DTE"": 21900.0, ""Put Support 0DTE"": 21750.0, ""HVL 0DTE"": 21790.0, ""Gamma Wall 0DTE"": 21900.0, ""GEX 1"": 21800.0, ""GEX 2"": 21850.0, ""GEX 3"": 21910.0, ""GEX 4"": 21950.0, ""GEX 5"": 21890.0, ""GEX 6"": 22000.0, ""GEX 7"": 21500.0, ""GEX 8"": 21300.0, ""GEX 9"": 22100.0, ""GEX 10"": 22050.0}",positive,2265368.8647174663,0.5254237288135594,236.84999999999854,42005804,False,True,,outside_cash,below,Put Support,21780.0,8.0,0.03377665188938167,Put Support 0DTE,21750.0,22.0,0.0928857926957996,False,all_19,0.07388642600802241,0.07388642600802241,False,False,evaluated,ny
71d6b6a2-d897-57a2-b81a-0fdcc15b2322,,,2025-06-05T12:14:00+00:00,21779.75,0.25,2025-06-05,2025-06-04,aeb8bad860db92863af8c5db289eb426dcf765061783264e1a527cd39dac9553,"{""Call Resistance"": 21900.0, ""Put Support"": 21780.0, ""HVL"": 21790.0, ""1D Min"": 21511.15, ""1D Max"": 21984.85, ""Call Resistance 0DTE"": 21900.0, ""Put Support 0DTE"": 21750.0, ""HVL 0DTE"": 21790.0, ""Gamma Wall 0DTE"": 21900.0, ""GEX 1"": 21800.0, ""GEX 2"": 21850.0, ""GEX 3"": 21910.0, ""GEX 4"": 21950.0, ""GEX 5"": 21890.0, ""GEX 6"": 22000.0, ""GEX 7"": 21500.0, ""GEX 8"": 21300.0, ""GEX 9"": 22100.0, ""GEX 10"": 22050.0}",positive,2265368.8647174663,0.5254237288135594,236.84999999999854,42005804,False,True,,outside_cash,below,Put Support,21780.0,0.25,0.0010555203715431772,Put Support 0DTE,21750.0,29.75,0.1256069242136381,False,all_19,0.09605235381042913,0.09605235381042913,False,False,evaluated,ny
540caf39-5c04-5fcf-bed4-83ac056547bf,,,2025-06-06T09:55:00+00:00,21684.5,0.25,2025-06-06,,aeb8bad860db92863af8c5db289eb426dcf765061783264e1a527cd39dac9553,"{""Call Resistance"": null, ""Put Support"": null, ""HVL"": null, ""1D Min"": null, ""1D Max"": null, ""Call Resistance 0DTE"": null, ""Put Support 0DTE"": null, ""HVL 0DTE"": null, ""Gamma Wall 0DTE"": null, ""GEX 1"": null, ""GEX 2"": null, ""GEX 3"": null, ""GEX 4"": null, ""GEX 5"": null, ""GEX 6"": null, ""GEX 7"": null, ""GEX 8"": null, ""GEX 9"": null, ""GEX 10"": null}",unknown,,,,42005804,False,False,before_0600,outside_cash,,,,,,,,,,,all_19,,,,,not_applicable_outside_hours,london
98ecf027-9060-5842-99b5-86af53f14fd0,,,2025-06-06T10:02:00+00:00,21673.75,0.25,2025-06-06,,aeb8bad860db92863af8c5db289eb426dcf765061783264e1a527cd39dac9553,"{""Call Resistance"": null, ""Put Support"": null, ""HVL"": null, ""1D Min"": null, ""1D Max"": null, ""Call Resistance 0DTE"": null, ""Put Support 0DTE"": null, ""HVL 0DTE"": null, ""Gamma Wall 0DTE"": null, ""GEX 1"": null, ""GEX 2"": null, ""GEX 3"": null, ""GEX 4"": null, ""GEX 5"": null, ""GEX 6"": null, ""GEX 7"": null, ""GEX 8"": null, ""GEX 9"": null, ""GEX 10"": null}",unknown,,,,42005804,False,False,before_0600,outside_cash,,,,,,,,,,,all_19,,,,,not_applicable_outside_hours,london
05bbf31d-f323-5f53-b7b7-b55b9f5bf879,,,2025-06-06T10:21:00+00:00,21688.0,0.25,2025-06-06,,aeb8bad860db92863af8c5db289eb426dcf765061783264e1a527cd39dac9553,"{""Call Resistance"": null, ""Put Support"": null, ""HVL"": null, ""1D Min"": null, ""1D Max"": null, ""Call Resistance 0DTE"": null, ""Put Support 0DTE"": null, ""HVL 0DTE"": null, ""Gamma Wall 0DTE"": null, ""GEX 1"": null, ""GEX 2"": null, ""GEX 3"": null, ""GEX 4"": null, ""GEX 5"": null, ""GEX 6"": null, ""GEX 7"": null, ""GEX 8"": null, ""GEX 9"": null, ""GEX 10"": null}",unknown,,,,42005804,False,False,before_0600,outside_cash,,,,,,,,,,,all_19,,,,,not_applicable_outside_hours,london
64f7d6e9-ea9e-52bb-bc97-bef159e706c6,,,2025-06-06T10:40:00+00:00,21676.0,0.25,2025-06-06,,aeb8bad860db92863af8c5db289eb426dcf765061783264e1a527cd39dac9553,"{""Call Resistance"": null, ""Put Support"": null, ""HVL"": null, ""1D Min"": null, ""1D Max"": null, ""Call Resistance 0DTE"": null, ""Put Support 0DTE"": null, ""HVL 0DTE"": null, ""Gamma Wall 0DTE"": null, ""GEX 1"": null, ""GEX 2"": null, ""GEX 3"": null, ""GEX 4"": null, ""GEX 5"": null, ""GEX 6"": null, ""GEX 7"": null, ""GEX 8"": null, ""GEX 9"": null, ""GEX 10"": null}",unknown,,,,42005804,False,False,before_0600,outside_cash,,,,,,,,,,,all_19,,,,,not_applicable_outside_hours,london
a702f43b-eca1-5b02-b258-fca24440a2a7,,,2025-06-10T03:54:00+00:00,21943.75,0.25,2025-06-09,,aeb8bad860db92863af8c5db289eb426dcf765061783264e1a527cd39dac9553,"{""Call Resistance"": null, ""Put Support"": null, ""HVL"": null, ""1D Min"": null, ""1D Max"": null, ""Call Resistance 0DTE"": null, ""Put Support 0DTE"": null, ""HVL 0DTE"": null, ""Gamma Wall 0DTE"": null, ""GEX 1"": null, ""GEX 2"": null, ""GEX 3"": null, ""GEX 4"": null, ""GEX 5"": null, ""GEX 6"": null, ""GEX 7"": null, ""GEX 8"": null, ""GEX 9"": null, ""GEX 10"": null}",unknown,,,,42005804,False,False,after_1700,outside_cash,,,,,,,,,,,all_19,,,,,not_applicable_outside_hours,asia
d3f35ee2-a299-5b7b-88ec-4622619880f3,,,2025-06-10T03:56:00+00:00,21942.0,0.25,2025-06-09,,aeb8bad860db92863af8c5db289eb426dcf765061783264e1a527cd39dac9553,"{""Call Resistance"": null, ""Put Support"": null, ""HVL"": null, ""1D Min"": null, ""1D Max"": null, ""Call Resistance 0DTE"": null, ""Put Support 0DTE"": null, ""HVL 0DTE"": null, ""Gamma Wall 0DTE"": null, ""GEX 1"": null, ""GEX 2"": null, ""GEX 3"": null, ""GEX 4"": null, ""GEX 5"": null, ""GEX 6"": null, ""GEX 7"": null, ""GEX 8"": null, ""GEX 9"": null, ""GEX 10"": null}",unknown,,,,42005804,False,False,after_1700,outside_cash,,,,,,,,,,,all_19,,,,,not_applicable_outside_hours,asia
31c5ff8e-2903-5532-9784-969cd9620b3c,,,2025-06-18T05:55:00+00:00,21987.75,0.25,2025-06-18,,aeb8bad860db92863af8c5db289eb426dcf765061783264e1a527cd39dac9553,"{""Call Resistance"": null, ""Put Support"": null, ""HVL"": null, ""1D Min"": null, ""1D Max"": null, ""Call Resistance 0DTE"": null, ""Put Support 0DTE"": null, ""HVL 0DTE"": null, ""Gamma Wall 0DTE"": null, ""GEX 1"": null, ""GEX 2"": null, ""GEX 3"": null, ""GEX 4"": null, ""GEX 5"": null, ""GEX 6"": null, ""GEX 7"": null, ""GEX 8"": null, ""GEX 9"": null, ""GEX 10"": null}",unknown,,,,42008487,False,False,before_0600,outside_cash,,,,,,,,,,,all_19,,,,,not_applicable_outside_hours,none
1da9e9ca-e040-5176-98d1-3abe6055e839,,,2025-06-18T05:56:00+00:00,21987.75,0.25,2025-06-18,,aeb8bad860db92863af8c5db289eb426dcf765061783264e1a527cd39dac9553,"{""Call Resistance"": null, ""Put Support"": null, ""HVL"": null, ""1D Min"": null, ""1D Max"": null, ""Call Resistance 0DTE"": null, ""Put Support 0DTE"": null, ""HVL 0DTE"": null, ""Gamma Wall 0DTE"": null, ""GEX 1"": null, ""GEX 2"": null, ""GEX 3"": null, ""GEX 4"": null, ""GEX 5"": null, ""GEX 6"": null, ""GEX 7"": null, ""GEX 8"": null, ""GEX 9"": null, ""GEX 10"": null}",unknown,,,,42008487,False,False,before_0600,outside_cash,,,,,,,,,,,all_19,,,,,not_applicable_outside_hours,none
7d840550-80c1-5014-b2b4-ee521dbfc66b,,,2025-06-18T06:02:00+00:00,21987.5,0.25,2025-06-18,,aeb8bad860db92863af8c5db289eb426dcf765061783264e1a527cd39dac9553,"{""Call Resistance"": null, ""Put Support"": null, ""HVL"": null, ""1D Min"": null, ""1D Max"": null, ""Call Resistance 0DTE"": null, ""Put Support 0DTE"": null, ""HVL 0DTE"": null, ""Gamma Wall 0DTE"": null, ""GEX 1"": null, ""GEX 2"": null, ""GEX 3"": null, ""GEX 4"": null, ""GEX 5"": null, ""GEX 6"": null, ""GEX 7"": null, ""GEX 8"": null, ""GEX 9"": null, ""GEX 10"": null}",unknown,,,,42008487,False,False,before_0600,outside_cash,,,,,,,,,,,all_19,,,,,not_applicable_outside_hours,london
570f5e86-78a3-560a-8d64-2465e26f85ca,,,2025-06-18T06:10:00+00:00,22000.75,0.25,2025-06-18,,aeb8bad860db92863af8c5db289eb426dcf765061783264e1a527cd39dac9553,"{""Call Resistance"": null, ""Put Support"": null, ""HVL"": null, ""1D Min"": null, ""1D Max"": null, ""Call Resistance 0DTE"": null, ""Put Support 0DTE"": null, ""HVL 0DTE"": null, ""Gamma Wall 0DTE"": null, ""GEX 1"": null, ""GEX 2"": null, ""GEX 3"": null, ""GEX 4"": null, ""GEX 5"": null, ""GEX 6"": null, ""GEX 7"": null, ""GEX 8"": null, ""GEX 9"": null, ""GEX 10"": null}",unknown,,,,42008487,False,False,before_0600,outside_cash,,,,,,,,,,,all_19,,,,,not_applicable_outside_hours,london
3f7f5623-0dcc-51f0-a69d-6e7686c4fbd0,,,2025-06-18T06:11:00+00:00,22000.75,0.25,2025-06-18,,aeb8bad860db92863af8c5db289eb426dcf765061783264e1a527cd39dac9553,"{""Call Resistance"": null, ""Put Support"": null, ""HVL"": null, ""1D Min"": null, ""1D Max"": null, ""Call Resistance 0DTE"": null, ""Put Support 0DTE"": null, ""HVL 0DTE"": null, ""Gamma Wall 0DTE"": null, ""GEX 1"": null, ""GEX 2"": null, ""GEX 3"": null, ""GEX 4"": null, ""GEX 5"": null, ""GEX 6"": null, ""GEX 7"": null, ""GEX 8"": null, ""GEX 9"": null, ""GEX 10"": null}",unknown,,,,42008487,False,False,before_0600,outside_cash,,,,,,,,,,,all_19,,,,,not_applicable_outside_hours,london
53b91238-f1b0-547f-a697-c9f62b589129,,,2025-06-18T06:13:00+00:00,22010.25,0.25,2025-06-18,,aeb8bad860db92863af8c5db289eb426dcf765061783264e1a527cd39dac9553,"{""Call Resistance"": null, ""Put Support"": null, ""HVL"": null, ""1D Min"": null, ""1D Max"": null, ""Call Resistance 0DTE"": null, ""Put Support 0DTE"": null, ""HVL 0DTE"": null, ""Gamma Wall 0DTE"": null, ""GEX 1"": null, ""GEX 2"": null, ""GEX 3"": null, ""GEX 4"": null, ""GEX 5"": null, ""GEX 6"": null, ""GEX 7"": null, ""GEX 8"": null, ""GEX 9"": null, ""GEX 10"": null}",unknown,,,,42008487,False,False,before_0600,outside_cash,,,,,,,,,,,all_19,,,,,not_applicable_outside_hours,london
b284c057-6a0f-546c-ae3b-ac7e6dc87288,,,2025-06-18T06:24:00+00:00,22009.0,0.25,2025-06-18,,aeb8bad860db92863af8c5db289eb426dcf765061783264e1a527cd39dac9553,"{""Call Resistance"": null, ""Put Support"": null, ""HVL"": null, ""1D Min"": null, ""1D Max"": null, ""Call Resistance 0DTE"": null, ""Put Support 0DTE"": null, ""HVL 0DTE"": null, ""Gamma Wall 0DTE"": null, ""GEX 1"": null, ""GEX 2"": null, ""GEX 3"": null, ""GEX 4"": null, ""GEX 5"": null, ""GEX 6"": null, ""GEX 7"": null, ""GEX 8"": null, ""GEX 9"": null, ""GEX 10"": null}",unknown,,,,42008487,False,False,before_0600,outside_cash,,,,,,,,,,,all_19,,,,,not_applicable_outside_hours,london
298df8e8-8224-580c-ab86-30c985ab29e9,,,2025-06-18T06:28:00+00:00,22015.0,0.25,2025-06-18,,aeb8bad860db92863af8c5db289eb426dcf765061783264e1a527cd39dac9553,"{""Call Resistance"": null, ""Put Support"": null, ""HVL"": null, ""1D Min"": null, ""1D Max"": null, ""Call Resistance 0DTE"": null, ""Put Support 0DTE"": null, ""HVL 0DTE"": null, ""Gamma Wall 0DTE"": null, ""GEX 1"": null, ""GEX 2"": null, ""GEX 3"": null, ""GEX 4"": null, ""GEX 5"": null, ""GEX 6"": null, ""GEX 7"": null, ""GEX 8"": null, ""GEX 9"": null, ""GEX 10"": null}",unknown,,,,42008487,False,False,before_0600,outside_cash,,,,,,,,,,,all_19,,,,,not_applicable_outside_hours,london
ade144a8-a24a-597d-a9c6-051297e350fd,,,2025-06-18T06:34:00+00:00,22027.0,0.25,2025-06-18,,aeb8bad860db92863af8c5db289eb426dcf765061783264e1a527cd39dac9553,"{""Call Resistance"": null, ""Put Support"": null, ""HVL"": null, ""1D Min"": null, ""1D Max"": null, ""Call Resistance 0DTE"": null, ""Put Support 0DTE"": null, ""HVL 0DTE"": null, ""Gamma Wall 0DTE"": null, ""GEX 1"": null, ""GEX 2"": null, ""GEX 3"": null, ""GEX 4"": null, ""GEX 5"": null, ""GEX 6"": null, ""GEX 7"": null, ""GEX 8"": null, ""GEX 9"": null, ""GEX 10"": null}",unknown,,,,42008487,False,False,before_0600,outside_cash,,,,,,,,,,,all_19,,,,,not_applicable_outside_hours,london
46f2cda0-a2c4-5f87-bca2-359d95ca03e9,,,2025-06-18T06:57:00+00:00,22005.0,0.25,2025-06-18,,aeb8bad860db92863af8c5db289eb426dcf765061783264e1a527cd39dac9553,"{""Call Resistance"": null, ""Put Support"": null, ""HVL"": null, ""1D Min"": null, ""1D Max"": null, ""Call Resistance 0DTE"": null, ""Put Support 0DTE"": null, ""HVL 0DTE"": null, ""Gamma Wall 0DTE"": null, ""GEX 1"": null, ""GEX 2"": null, ""GEX 3"": null, ""GEX 4"": null, ""GEX 5"": null, ""GEX 6"": null, ""GEX 7"": null, ""GEX 8"": null, ""GEX 9"": null, ""GEX 10"": null}",unknown,,,,42008487,False,False,before_0600,outside_cash,,,,,,,,,,,all_19,,,,,not_applicable_outside_hours,london
efeb5f6d-c917-5a07-888f-161c6607d323,,,2025-06-18T07:03:00+00:00,22011.0,0.25,2025-06-18,,aeb8bad860db92863af8c5db289eb426dcf765061783264e1a527cd39dac9553,"{""Call Resistance"": null, ""Put Support"": null, ""HVL"": null, ""1D Min"": null, ""1D Max"": null, ""Call Resistance 0DTE"": null, ""Put Support 0DTE"": null, ""HVL 0DTE"": null, ""Gamma Wall 0DTE"": null, ""GEX 1"": null, ""GEX 2"": null, ""GEX 3"": null, ""GEX 4"": null, ""GEX 5"": null, ""GEX 6"": null, ""GEX 7"": null, ""GEX 8"": null, ""GEX 9"": null, ""GEX 10"": null}",unknown,,,,42008487,False,False,before_0600,outside_cash,,,,,,,,,,,all_19,,,,,not_applicable_outside_hours,london
f52665cb-3350-571f-b2dd-90d53ca3efd0,,,2025-06-18T07:09:00+00:00,22011.0,0.25,2025-06-18,,aeb8bad860db92863af8c5db289eb426dcf765061783264e1a527cd39dac9553,"{""Call Resistance"": null, ""Put Support"": null, ""HVL"": null, ""1D Min"": null, ""1D Max"": null, ""Call Resistance 0DTE"": null, ""Put Support 0DTE"": null, ""HVL 0DTE"": null, ""Gamma Wall 0DTE"": null, ""GEX 1"": null, ""GEX 2"": null, ""GEX 3"": null, ""GEX 4"": null, ""GEX 5"": null, ""GEX 6"": null, ""GEX 7"": null, ""GEX 8"": null, ""GEX 9"": null, ""GEX 10"": null}",unknown,,,,42008487,False,False,before_0600,outside_cash,,,,,,,,,,,all_19,,,,,not_applicable_outside_hours,london
714fd709-da87-543e-9962-292f9df42a4b,c8203d45-fe14-54a9-98a1-43e42130c422,2db1140e-a526-5d5e-83df-386d22072cac,2025-06-20T16:21:00+00:00,21857.5,0.25,2025-06-20,2025-06-19,aeb8bad860db92863af8c5db289eb426dcf765061783264e1a527cd39dac9553,"{""Call Resistance"": 22500.0, ""Put Support"": 21300.0, ""HVL"": 21675.0, ""1D Min"": 21565.5, ""1D Max"": 21840.5, ""Call Resistance 0DTE"": 21700.0, ""Put Support 0DTE"": 21450.0, ""HVL 0DTE"": 21675.0, ""Gamma Wall 0DTE"": 21700.0, ""GEX 1"": 21750.0, ""GEX 2"": 21800.0, ""GEX 3"": 21600.0, ""GEX 4"": 21650.0, ""GEX 5"": 21575.0, ""GEX 6"": 21900.0, ""GEX 7"": 21500.0, ""GEX 8"": 21950.0, ""GEX 9"": 21940.0, ""GEX 10"": 21860.0}",unknown,,,137.5,42008487,False,True,,s2_1000_1200,above,GEX 10,21860.0,2.5,0.01818181818181818,1D Max,21840.5,17.0,0.12363636363636364,False,all_19,1.1636363636363636,1.1636363636363636,False,False,context_unavailable,ny
e611acb0-323e-54ce-b7d9-89379d482f59,,,2025-06-20T16:24:00+00:00,21848.75,0.25,2025-06-20,2025-06-19,aeb8bad860db92863af8c5db289eb426dcf765061783264e1a527cd39dac9553,"{""Call Resistance"": 22500.0, ""Put Support"": 21300.0, ""HVL"": 21675.0, ""1D Min"": 21565.5, ""1D Max"": 21840.5, ""Call Resistance 0DTE"": 21700.0, ""Put Support 0DTE"": 21450.0, ""HVL 0DTE"": 21675.0, ""Gamma Wall 0DTE"": 21700.0, ""GEX 1"": 21750.0, ""GEX 2"": 21800.0, ""GEX 3"": 21600.0, ""GEX 4"": 21650.0, ""GEX 5"": 21575.0, ""GEX 6"": 21900.0, ""GEX 7"": 21500.0, ""GEX 8"": 21950.0, ""GEX 9"": 21940.0, ""GEX 10"": 21860.0}",unknown,,,137.5,42008487,False,True,,s2_1000_1200,above,GEX 10,21860.0,11.25,0.08181818181818182,1D Max,21840.5,8.25,0.06,False,all_19,1.1509090909090909,1.1509090909090909,False,False,context_unavailable,ny
3be18bbc-e067-5d5a-a0a7-0c9b619c9791,,,2025-06-20T19:34:00+00:00,21822.0,0.25,2025-06-20,2025-06-19,aeb8bad860db92863af8c5db289eb426dcf765061783264e1a527cd39dac9553,"{""Call Resistance"": 22500.0, ""Put Support"": 21300.0, ""HVL"": 21675.0, ""1D Min"": 21565.5, ""1D Max"": 21840.5, ""Call Resistance 0DTE"": 21700.0, ""Put Support 0DTE"": 21450.0, ""HVL 0DTE"": 21675.0, ""Gamma Wall 0DTE"": 21700.0, ""GEX 1"": 21750.0, ""GEX 2"": 21800.0, ""GEX 3"": 21600.0, ""GEX 4"": 21650.0, ""GEX 5"": 21575.0, ""GEX 6"": 21900.0, ""GEX 7"": 21500.0, ""GEX 8"": 21950.0, ""GEX 9"": 21940.0, ""GEX 10"": 21860.0}",unknown,,,137.5,42008487,False,True,,s4_1330_1510,above,1D Max,21840.5,18.5,0.13454545454545455,GEX 2,21800.0,22.0,0.16,False,all_19,0.8472727272727273,0.8472727272727273,False,False,context_unavailable,none
91892950-c184-57ff-9d2a-ef557152f994,,,2025-06-20T19:57:00+00:00,21845.75,0.25,2025-06-20,2025-06-19,aeb8bad860db92863af8c5db289eb426dcf765061783264e1a527cd39dac9553,"{""Call Resistance"": 22500.0, ""Put Support"": 21300.0, ""HVL"": 21675.0, ""1D Min"": 21565.5, ""1D Max"": 21840.5, ""Call Resistance 0DTE"": 21700.0, ""Put Support 0DTE"": 21450.0, ""HVL 0DTE"": 21675.0, ""Gamma Wall 0DTE"": 21700.0, ""GEX 1"": 21750.0, ""GEX 2"": 21800.0, ""GEX 3"": 21600.0, ""GEX 4"": 21650.0, ""GEX 5"": 21575.0, ""GEX 6"": 21900.0, ""GEX 7"": 21500.0, ""GEX 8"": 21950.0, ""GEX 9"": 21940.0, ""GEX 10"": 21860.0}",unknown,,,137.5,42008487,False,True,,s4_1330_1510,above,GEX 10,21860.0,14.25,0.10363636363636364,1D Max,21840.5,5.25,0.038181818181818185,False,all_19,1.0436363636363637,1.0436363636363637,False,False,context_unavailable,none
cfa2a00a-bb3d-5c84-a89b-4b79bb7a33df,,,2025-06-20T20:02:00+00:00,21893.25,0.25,2025-06-20,2025-06-19,aeb8bad860db92863af8c5db289eb426dcf765061783264e1a527cd39dac9553,"{""Call Resistance"": 22500.0, ""Put Support"": 21300.0, ""HVL"": 21675.0, ""1D Min"": 21565.5, ""1D Max"": 21840.5, ""Call Resistance 0DTE"": 21700.0, ""Put Support 0DTE"": 21450.0, ""HVL 0DTE"": 21675.0, ""Gamma Wall 0DTE"": 21700.0, ""GEX 1"": 21750.0, ""GEX 2"": 21800.0, ""GEX 3"": 21600.0, ""GEX 4"": 21650.0, ""GEX 5"": 21575.0, ""GEX 6"": 21900.0, ""GEX 7"": 21500.0, ""GEX 8"": 21950.0, ""GEX 9"": 21940.0, ""GEX 10"": 21860.0}",unknown,,,137.5,42008487,False,True,,s4_1330_1510,above,GEX 6,21900.0,6.75,0.04909090909090909,GEX 10,21860.0,33.25,0.24181818181818182,False,all_19,1.3109090909090908,1.3109090909090908,False,False,context_unavailable,asia
ddc49fed-c7e5-5c88-91fd-33c764dd4147,,,2025-06-20T20:16:00+00:00,21864.25,0.25,2025-06-20,2025-06-19,aeb8bad860db92863af8c5db289eb426dcf765061783264e1a527cd39dac9553,"{""Call Resistance"": 22500.0, ""Put Support"": 21300.0, ""HVL"": 21675.0, ""1D Min"": 21565.5, ""1D Max"": 21840.5, ""Call Resistance 0DTE"": 21700.0, ""Put Support 0DTE"": 21450.0, ""HVL 0DTE"": 21675.0, ""Gamma Wall 0DTE"": 21700.0, ""GEX 1"": 21750.0, ""GEX 2"": 21800.0, ""GEX 3"": 21600.0, ""GEX 4"": 21650.0, ""GEX 5"": 21575.0, ""GEX 6"": 21900.0, ""GEX 7"": 21500.0, ""GEX 8"": 21950.0, ""GEX 9"": 21940.0, ""GEX 10"": 21860.0}",unknown,,,137.5,42008487,False,True,,outside_cash,above,GEX 6,21900.0,35.75,0.26,GEX 10,21860.0,4.25,0.03090909090909091,False,all_19,1.1436363636363636,1.1436363636363636,False,False,context_unavailable,asia
fd4b99da-742d-5ca1-b67a-8a34ab08810c,,,2025-06-20T20:34:00+00:00,21867.25,0.25,2025-06-20,2025-06-19,aeb8bad860db92863af8c5db289eb426dcf765061783264e1a527cd39dac9553,"{""Call Resistance"": 22500.0, ""Put Support"": 21300.0, ""HVL"": 21675.0, ""1D Min"": 21565.5, ""1D Max"": 21840.5, ""Call Resistance 0DTE"": 21700.0, ""Put Support 0DTE"": 21450.0, ""HVL 0DTE"": 21675.0, ""Gamma Wall 0DTE"": 21700.0, ""GEX 1"": 21750.0, ""GEX 2"": 21800.0, ""GEX 3"": 21600.0, ""GEX 4"": 21650.0, ""GEX 5"": 21575.0, ""GEX 6"": 21900.0, ""GEX 7"": 21500.0, ""GEX 8"": 21950.0, ""GEX 9"": 21940.0, ""GEX 10"": 21860.0}",unknown,,,137.5,42008487,False,True,,outside_cash,above,GEX 6,21900.0,32.75,0.2381818181818182,GEX 10,21860.0,7.25,0.05272727272727273,False,all_19,1.170909090909091,1.170909090909091,False,False,context_unavailable,asia
2a03d93c-0d55-53dc-91d8-66aebc7eb550,,,2025-06-20T20:47:00+00:00,21875.0,0.25,2025-06-20,2025-06-19,aeb8bad860db92863af8c5db289eb426dcf765061783264e1a527cd39dac9553,"{""Call Resistance"": 22500.0, ""Put Support"": 21300.0, ""HVL"": 21675.0, ""1D Min"": 21565.5, ""1D Max"": 21840.5, ""Call Resistance 0DTE"": 21700.0, ""Put Support 0DTE"": 21450.0, ""HVL 0DTE"": 21675.0, ""Gamma Wall 0DTE"": 21700.0, ""GEX 1"": 21750.0, ""GEX 2"": 21800.0, ""GEX 3"": 21600.0, ""GEX 4"": 21650.0, ""GEX 5"": 21575.0, ""GEX 6"": 21900.0, ""GEX 7"": 21500.0, ""GEX 8"": 21950.0, ""GEX 9"": 21940.0, ""GEX 10"": 21860.0}",unknown,,,137.5,42008487,False,True,,outside_cash,above,GEX 6,21900.0,25.0,0.18181818181818182,GEX 10,21860.0,15.0,0.10909090909090909,False,all_19,1.2472727272727273,1.2472727272727273,False,False,context_unavailable,asia
7e375aaa-bb89-5e66-aeee-508b3ff0e695,,,2025-06-23T12:16:00+00:00,21848.0,0.25,2025-06-23,2025-06-20,aeb8bad860db92863af8c5db289eb426dcf765061783264e1a527cd39dac9553,"{""Call Resistance"": 22500.0, ""Put Support"": 21500.0, ""HVL"": 21950.0, ""1D Min"": 21611.08, ""1D Max"": 22136.92, ""Call Resistance 0DTE"": 22200.0, ""Put Support 0DTE"": 21300.0, ""HVL 0DTE"": 22030.0, ""Gamma Wall 0DTE"": 22200.0, ""GEX 1"": 21800.0, ""GEX 2"": 21900.0, ""GEX 3"": 21850.0, ""GEX 4"": 22100.0, ""GEX 5"": 21700.0, ""GEX 6"": 22250.0, ""GEX 7"": 22300.0, ""GEX 8"": 21600.0, ""GEX 9"": 21400.0, ""GEX 10"": 21550.0}",positive,65359.33591154963,0.3024193548387097,262.91999999999825,42008487,False,True,,outside_cash,below,GEX 3,21850.0,2.0,0.007606876616461332,GEX 1,21800.0,48.0,0.18256503879507197,True,all_19,-0.07321618743344031,0.07321618743344031,False,False,evaluated,ny
e0042330-030f-5a52-89ee-00db4741668a,,,2025-06-23T12:21:00+00:00,21836.5,0.25,2025-06-23,2025-06-20,aeb8bad860db92863af8c5db289eb426dcf765061783264e1a527cd39dac9553,"{""Call Resistance"": 22500.0, ""Put Support"": 21500.0, ""HVL"": 21950.0, ""1D Min"": 21611.08, ""1D Max"": 22136.92, ""Call Resistance 0DTE"": 22200.0, ""Put Support 0DTE"": 21300.0, ""HVL 0DTE"": 22030.0, ""Gamma Wall 0DTE"": 22200.0, ""GEX 1"": 21800.0, ""GEX 2"": 21900.0, ""GEX 3"": 21850.0, ""GEX 4"": 22100.0, ""GEX 5"": 21700.0, ""GEX 6"": 22250.0, ""GEX 7"": 22300.0, ""GEX 8"": 21600.0, ""GEX 9"": 21400.0, ""GEX 10"": 21550.0}",positive,65359.33591154963,0.3024193548387097,262.91999999999825,42008487,False,True,,outside_cash,below,GEX 3,21850.0,13.5,0.05134641716111399,GEX 1,21800.0,36.5,0.1388254982504193,True,all_19,-0.09888939601399731,0.09888939601399731,False,False,evaluated,ny
e66a7596-9418-5a66-a3a9-bf9e82118d77,,,2025-06-23T12:27:00+00:00,21849.0,0.25,2025-06-23,2025-06-20,aeb8bad860db92863af8c5db289eb426dcf765061783264e1a527cd39dac9553,"{""Call Resistance"": 22500.0, ""Put Support"": 21500.0, ""HVL"": 21950.0, ""1D Min"": 21611.08, ""1D Max"": 22136.92, ""Call Resistance 0DTE"": 22200.0, ""Put Support 0DTE"": 21300.0, ""HVL 0DTE"": 22030.0, ""Gamma Wall 0DTE"": 22200.0, ""GEX 1"": 21800.0, ""GEX 2"": 21900.0, ""GEX 3"": 21850.0, ""GEX 4"": 22100.0, ""GEX 5"": 21700.0, ""GEX 6"": 22250.0, ""GEX 7"": 22300.0, ""GEX 8"": 21600.0, ""GEX 9"": 21400.0, ""GEX 10"": 21550.0}",positive,65359.33591154963,0.3024193548387097,262.91999999999825,42008487,False,True,,outside_cash,below,GEX 3,21850.0,1.0,0.003803438308230666,GEX 1,21800.0,49.0,0.18636847710330262,True,all_19,-0.060855012931690655,0.060855012931690655,False,False,evaluated,ny
5a4d8e54-b5d9-5c5a-979e-6df661c4dc69,,,2025-06-23T12:33:00+00:00,21848.0,0.25,2025-06-23,2025-06-20,aeb8bad860db92863af8c5db289eb426dcf765061783264e1a527cd39dac9553,"{""Call Resistance"": 22500.0, ""Put Support"": 21500.0, ""HVL"": 21950.0, ""1D Min"": 21611.08, ""1D Max"": 22136.92, ""Call Resistance 0DTE"": 22200.0, ""Put Support 0DTE"": 21300.0, ""HVL 0DTE"": 22030.0, ""Gamma Wall 0DTE"": 22200.0, ""GEX 1"": 21800.0, ""GEX 2"": 21900.0, ""GEX 3"": 21850.0, ""GEX 4"": 22100.0, ""GEX 5"": 21700.0, ""GEX 6"": 22250.0, ""GEX 7"": 22300.0, ""GEX 8"": 21600.0, ""GEX 9"": 21400.0, ""GEX 10"": 21550.0}",positive,65359.33591154963,0.3024193548387097,262.91999999999825,42008487,False,True,,outside_cash,below,GEX 3,21850.0,2.0,0.007606876616461332,GEX 1,21800.0,48.0,0.18256503879507197,True,all_19,-0.07606876616461332,0.07606876616461332,False,False,evaluated,ny
3c097466-9413-587d-8b9d-55df1ef29624,,,2025-06-23T12:34:00+00:00,21854.0,0.25,2025-06-23,2025-06-20,aeb8bad860db92863af8c5db289eb426dcf765061783264e1a527cd39dac9553,"{""Call Resistance"": 22500.0, ""Put Support"": 21500.0, ""HVL"": 21950.0, ""1D Min"": 21611.08, ""1D Max"": 22136.92, ""Call Resistance 0DTE"": 22200.0, ""Put Support 0DTE"": 21300.0, ""HVL 0DTE"": 22030.0, ""Gamma Wall 0DTE"": 22200.0, ""GEX 1"": 21800.0, ""GEX 2"": 21900.0, ""GEX 3"": 21850.0, ""GEX 4"": 22100.0, ""GEX 5"": 21700.0, ""GEX 6"": 22250.0, ""GEX 7"": 22300.0, ""GEX 8"": 21600.0, ""GEX 9"": 21400.0, ""GEX 10"": 21550.0}",positive,65359.33591154963,0.3024193548387097,262.91999999999825,42008487,False,True,,outside_cash,below,GEX 2,21900.0,46.0,0.17495816217861063,GEX 3,21850.0,4.0,0.015213753232922664,False,all_19,-0.059904153354632984,0.059904153354632984,False,False,evaluated,ny
10fb26fc-7083-5c93-9803-c50c3ff47c19,,,2025-06-23T12:35:00+00:00,21857.75,0.25,2025-06-23,2025-06-20,aeb8bad860db92863af8c5db289eb426dcf765061783264e1a527cd39dac9553,"{""Call Resistance"": 22500.0, ""Put Support"": 21500.0, ""HVL"": 21950.0, ""1D Min"": 21611.08, ""1D Max"": 22136.92, ""Call Resistance 0DTE"": 22200.0, ""Put Support 0DTE"": 21300.0, ""HVL 0DTE"": 22030.0, ""Gamma Wall 0DTE"": 22200.0, ""GEX 1"": 21800.0, ""GEX 2"": 21900.0, ""GEX 3"": 21850.0, ""GEX 4"": 22100.0, ""GEX 5"": 21700.0, ""GEX 6"": 22250.0, ""GEX 7"": 22300.0, ""GEX 8"": 21600.0, ""GEX 9"": 21400.0, ""GEX 10"": 21550.0}",positive,65359.33591154963,0.3024193548387097,262.91999999999825,42008487,False,True,,outside_cash,below,GEX 2,21900.0,42.25,0.16069526852274563,GEX 3,21850.0,7.75,0.02947664688878766,False,all_19,-0.036132663928191325,0.036132663928191325,False,False,evaluated,ny
03980971-cadc-5cad-9d96-a842707d3cf0,,,2025-06-23T12:36:00+00:00,21857.25,0.25,2025-06-23,2025-06-20,aeb8bad860db92863af8c5db289eb426dcf765061783264e1a527cd39dac9553,"{""Call Resistance"": 22500.0, ""Put Support"": 21500.0, ""HVL"": 21950.0, ""1D Min"": 21611.08, ""1D Max"": 22136.92, ""Call Resistance 0DTE"": 22200.0, ""Put Support 0DTE"": 21300.0, ""HVL 0DTE"": 22030.0, ""Gamma Wall 0DTE"": 22200.0, ""GEX 1"": 21800.0, ""GEX 2"": 21900.0, ""GEX 3"": 21850.0, ""GEX 4"": 22100.0, ""GEX 5"": 21700.0, ""GEX 6"": 22250.0, ""GEX 7"": 22300.0, ""GEX 8"": 21600.0, ""GEX 9"": 21400.0, ""GEX 10"": 21550.0}",positive,65359.33591154963,0.3024193548387097,262.91999999999825,42008487,False,True,,outside_cash,below,GEX 2,21900.0,42.75,0.16259698767686095,GEX 3,21850.0,7.25,0.027574927734672326,False,all_19,-0.02186977027232633,0.02186977027232633,False,False,evaluated,ny
a3d94096-1148-5cd1-bf5c-9cbaa3b16462,,,2025-06-23T12:52:00+00:00,21875.75,0.25,2025-06-23,2025-06-20,aeb8bad860db92863af8c5db289eb426dcf765061783264e1a527cd39dac9553,"{""Call Resistance"": 22500.0, ""Put Support"": 21500.0, ""HVL"": 21950.0, ""1D Min"": 21611.08, ""1D Max"": 22136.92, ""Call Resistance 0DTE"": 22200.0, ""Put Support 0DTE"": 21300.0, ""HVL 0DTE"": 22030.0, ""Gamma Wall 0DTE"": 22200.0, ""GEX 1"": 21800.0, ""GEX 2"": 21900.0, ""GEX 3"": 21850.0, ""GEX 4"": 22100.0, ""GEX 5"": 21700.0, ""GEX 6"": 22250.0, ""GEX 7"": 22300.0, ""GEX 8"": 21600.0, ""GEX 9"": 21400.0, ""GEX 10"": 21550.0}",positive,65359.33591154963,0.3024193548387097,262.91999999999825,42008487,False,True,,outside_cash,below,GEX 2,21900.0,24.25,0.09223337897459365,GEX 3,21850.0,25.75,0.09793853643693964,False,all_19,0.04088696181347966,0.04088696181347966,False,False,evaluated,ny
d48ea70e-d197-53a7-93b3-0dce7c9cbe7d,,,2025-06-23T12:58:00+00:00,21880.0,0.25,2025-06-23,2025-06-20,aeb8bad860db92863af8c5db289eb426dcf765061783264e1a527cd39dac9553,"{""Call Resistance"": 22500.0, ""Put Support"": 21500.0, ""HVL"": 21950.0, ""1D Min"": 21611.08, ""1D Max"": 22136.92, ""Call Resistance 0DTE"": 22200.0, ""Put Support 0DTE"": 21300.0, ""HVL 0DTE"": 22030.0, ""Gamma Wall 0DTE"": 22200.0, ""GEX 1"": 21800.0, ""GEX 2"": 21900.0, ""GEX 3"": 21850.0, ""GEX 4"": 22100.0, ""GEX 5"": 21700.0, ""GEX 6"": 22250.0, ""GEX 7"": 22300.0, ""GEX 8"": 21600.0, ""GEX 9"": 21400.0, ""GEX 10"": 21550.0}",positive,65359.33591154963,0.3024193548387097,262.91999999999825,42008487,False,True,,outside_cash,below,GEX 2,21900.0,20.0,0.07606876616461332,GEX 3,21850.0,30.0,0.11410314924691997,False,all_19,0.07131446827932499,0.07131446827932499,False,False,evaluated,ny
e12a4a3c-3d1b-50fa-91c7-5edfac1fdb42,,,2025-06-23T13:08:00+00:00,21888.5,0.25,2025-06-23,2025-06-20,aeb8bad860db92863af8c5db289eb426dcf765061783264e1a527cd39dac9553,"{""Call Resistance"": 22500.0, ""Put Support"": 21500.0, ""HVL"": 21950.0, ""1D Min"": 21611.08, ""1D Max"": 22136.92, ""Call Resistance 0DTE"": 22200.0, ""Put Support 0DTE"": 21300.0, ""HVL 0DTE"": 22030.0, ""Gamma Wall 0DTE"": 22200.0, ""GEX 1"": 21800.0, ""GEX 2"": 21900.0, ""GEX 3"": 21850.0, ""GEX 4"": 22100.0, ""GEX 5"": 21700.0, ""GEX 6"": 22250.0, ""GEX 7"": 22300.0, ""GEX 8"": 21600.0, ""GEX 9"": 21400.0, ""GEX 10"": 21550.0}",positive,65359.33591154963,0.3024193548387097,262.91999999999825,42008487,False,True,,outside_cash,below,GEX 2,21900.0,11.5,0.04373954054465266,GEX 3,21850.0,38.5,0.14643237486688063,False,all_19,0.08842994066636298,0.08842994066636298,False,False,evaluated,ny
5ddf2821-a110-546a-a015-49f4d0fcb300,,,2025-06-23T13:19:00+00:00,21883.75,0.25,2025-06-23,2025-06-20,aeb8bad860db92863af8c5db289eb426dcf765061783264e1a527cd39dac9553,"{""Call Resistance"": 22500.0, ""Put Support"": 21500.0, ""HVL"": 21950.0, ""1D Min"": 21611.08, ""1D Max"": 22136.92, ""Call Resistance 0DTE"": 22200.0, ""Put Support 0DTE"": 21300.0, ""HVL 0DTE"": 22030.0, ""Gamma Wall 0DTE"": 22200.0, ""GEX 1"": 21800.0, ""GEX 2"": 21900.0, ""GEX 3"": 21850.0, ""GEX 4"": 22100.0, ""GEX 5"": 21700.0, ""GEX 6"": 22250.0, ""GEX 7"": 22300.0, ""GEX 8"": 21600.0, ""GEX 9"": 21400.0, ""GEX 10"": 21550.0}",positive,65359.33591154963,0.3024193548387097,262.91999999999825,42008487,False,True,,outside_cash,below,GEX 2,21900.0,16.25,0.06180587250874832,GEX 3,21850.0,33.75,0.12836604290278497,False,all_19,0.07797048531872865,0.07797048531872865,False,False,evaluated,ny
2e31a7db-e266-5c91-a929-7417f6f80696,30990477-d185-5f0f-bab0-eb531603af0b,8dac5512-2c96-5dad-b90a-2b8ead35b312,2025-07-01T16:33:00+00:00,22687.75,0.25,2025-07-01,2025-06-30,aeb8bad860db92863af8c5db289eb426dcf765061783264e1a527cd39dac9553,"{""Call Resistance"": 23000.0, ""Put Support"": 22875.0, ""HVL"": 22790.0, ""1D Min"": 22610.07, ""1D Max"": 23123.43, ""Call Resistance 0DTE"": 22950.0, ""Put Support 0DTE"": 22700.0, ""HVL 0DTE"": 22875.0, ""Gamma Wall 0DTE"": 22950.0, ""GEX 1"": 22900.0, ""GEX 2"": 23100.0, ""GEX 3"": 22800.0, ""GEX 4"": 22850.0, ""GEX 5"": 22890.0, ""GEX 6"": 22500.0, ""GEX 7"": 22600.0, ""GEX 8"": 23200.0, ""GEX 9"": 23300.0, ""GEX 10"": 23250.0}",positive,3981343.558812388,0.7559055118110236,256.6800000000003,42008487,False,True,,s2_1000_1200,below,Put Support 0DTE,22700.0,12.25,0.04772479351721983,1D Min,22610.07,77.68000000000029,0.302633629421849,False,all_19,-0.7363253856942488,0.7363253856942488,False,False,evaluated,ny
e1ef42fa-ebb1-555e-a81e-349f99443f35,,,2025-07-01T16:34:00+00:00,22692.0,0.25,2025-07-01,2025-06-30,aeb8bad860db92863af8c5db289eb426dcf765061783264e1a527cd39dac9553,"{""Call Resistance"": 23000.0, ""Put Support"": 22875.0, ""HVL"": 22790.0, ""1D Min"": 22610.07, ""1D Max"": 23123.43, ""Call Resistance 0DTE"": 22950.0, ""Put Support 0DTE"": 22700.0, ""HVL 0DTE"": 22875.0, ""Gamma Wall 0DTE"": 22950.0, ""GEX 1"": 22900.0, ""GEX 2"": 23100.0, ""GEX 3"": 22800.0, ""GEX 4"": 22850.0, ""GEX 5"": 22890.0, ""GEX 6"": 22500.0, ""GEX 7"": 22600.0, ""GEX 8"": 23200.0, ""GEX 9"": 23300.0, ""GEX 10"": 23250.0}",positive,3981343.558812388,0.7559055118110236,256.6800000000003,42008487,False,True,,s2_1000_1200,below,Put Support 0DTE,22700.0,8.0,0.031167212092878257,1D Min,22610.07,81.93000000000029,0.31919121084619057,False,all_19,-0.725611656537322,0.725611656537322,False,False,evaluated,ny
e3b138eb-47e4-5b0b-a715-3944ea5f2fea,,,2025-07-01T16:39:00+00:00,22708.0,0.25,2025-07-01,2025-06-30,aeb8bad860db92863af8c5db289eb426dcf765061783264e1a527cd39dac9553,"{""Call Resistance"": 23000.0, ""Put Support"": 22875.0, ""HVL"": 22790.0, ""1D Min"": 22610.07, ""1D Max"": 23123.43, ""Call Resistance 0DTE"": 22950.0, ""Put Support 0DTE"": 22700.0, ""HVL 0DTE"": 22875.0, ""Gamma Wall 0DTE"": 22950.0, ""GEX 1"": 22900.0, ""GEX 2"": 23100.0, ""GEX 3"": 22800.0, ""GEX 4"": 22850.0, ""GEX 5"": 22890.0, ""GEX 6"": 22500.0, ""GEX 7"": 22600.0, ""GEX 8"": 23200.0, ""GEX 9"": 23300.0, ""GEX 10"": 23250.0}",positive,3981343.558812388,0.7559055118110236,256.6800000000003,42008487,False,True,,s2_1000_1200,below,HVL,22790.0,82.0,0.3194639239520021,Put Support 0DTE,22700.0,8.0,0.031167212092878257,False,all_19,-0.6642512077294679,0.6642512077294679,False,False,evaluated,ny
d1992634-de9f-54b0-af38-a378c714cc7d,,,2025-07-07T19:46:00+00:00,22857.25,0.25,2025-07-07,2025-07-04,aeb8bad860db92863af8c5db289eb426dcf765061783264e1a527cd39dac9553,"{""Call Resistance"": 23000.0, ""Put Support"": 22850.0, ""HVL"": 22450.0, ""1D Min"": 22864.06, ""1D Max"": 22949.44, ""Call Resistance 0DTE"": 23000.0, ""Put Support 0DTE"": 22900.0, ""HVL 0DTE"": 22600.0, ""Gamma Wall 0DTE"": 23000.0, ""GEX 1"": 22875.0, ""GEX 2"": 22920.0, ""GEX 3"": 22930.0, ""GEX 4"": 22925.0, ""GEX 5"": 22870.0, ""GEX 6"": 22825.0, ""GEX 7"": 22975.0, ""GEX 8"": 22950.0, ""GEX 9"": 22840.0, ""GEX 10"": 22830.0}",unknown,,,42.68999999999869,42008487,False,True,,s4_1330_1510,above,1D Min,22864.06,6.81000000000131,0.15952213633172918,Put Support,22850.0,7.25,0.16982899976575833,False,all_19,-1.194659170766024,1.194659170766024,False,False,context_unavailable,none
6bd8bef9-a6c0-530b-8b35-29344f6524d5,,,2025-07-07T19:47:00+00:00,22847.5,0.25,2025-07-07,2025-07-04,aeb8bad860db92863af8c5db289eb426dcf765061783264e1a527cd39dac9553,"{""Call Resistance"": 23000.0, ""Put Support"": 22850.0, ""HVL"": 22450.0, ""1D Min"": 22864.06, ""1D Max"": 22949.44, ""Call Resistance 0DTE"": 23000.0, ""Put Support 0DTE"": 22900.0, ""HVL 0DTE"": 22600.0, ""Gamma Wall 0DTE"": 23000.0, ""GEX 1"": 22875.0, ""GEX 2"": 22920.0, ""GEX 3"": 22930.0, ""GEX 4"": 22925.0, ""GEX 5"": 22870.0, ""GEX 6"": 22825.0, ""GEX 7"": 22975.0, ""GEX 8"": 22950.0, ""GEX 9"": 22840.0, ""GEX 10"": 22830.0}",unknown,,,42.68999999999869,42008487,False,True,,s4_1330_1510,above,Put Support,22850.0,2.5,0.05856172405715804,GEX 9,22840.0,7.5,0.1756851721714741,False,all_19,-1.0833918950574237,1.0833918950574237,False,False,context_unavailable,none
4f145022-9150-59f1-bbc9-f9852fdc0545,,,2025-07-07T19:52:00+00:00,22869.0,0.25,2025-07-07,2025-07-04,aeb8bad860db92863af8c5db289eb426dcf765061783264e1a527cd39dac9553,"{""Call Resistance"": 23000.0, ""Put Support"": 22850.0, ""HVL"": 22450.0, ""1D Min"": 22864.06, ""1D Max"": 22949.44, ""Call Resistance 0DTE"": 23000.0, ""Put Support 0DTE"": 22900.0, ""HVL 0DTE"": 22600.0, ""Gamma Wall 0DTE"": 23000.0, ""GEX 1"": 22875.0, ""GEX 2"": 22920.0, ""GEX 3"": 22930.0, ""GEX 4"": 22925.0, ""GEX 5"": 22870.0, ""GEX 6"": 22825.0, ""GEX 7"": 22975.0, ""GEX 8"": 22950.0, ""GEX 9"": 22840.0, ""GEX 10"": 22830.0}",unknown,,,42.68999999999869,42008487,False,True,,s4_1330_1510,above,GEX 5,22870.0,1.0,0.023424689622863214,1D Min,22864.06,4.93999999999869,0.1157179667369136,False,all_19,-0.808151791988781,0.808151791988781,False,False,context_unavailable,none
9b2adde2-cb69-5dc3-b922-44f09806233a,,,2025-07-07T19:57:00+00:00,22885.0,0.25,2025-07-07,2025-07-04,aeb8bad860db92863af8c5db289eb426dcf765061783264e1a527cd39dac9553,"{""Call Resistance"": 23000.0, ""Put Support"": 22850.0, ""HVL"": 22450.0, ""1D Min"": 22864.06, ""1D Max"": 22949.44, ""Call Resistance 0DTE"": 23000.0, ""Put Support 0DTE"": 22900.0, ""HVL 0DTE"": 22600.0, ""Gamma Wall 0DTE"": 23000.0, ""GEX 1"": 22875.0, ""GEX 2"": 22920.0, ""GEX 3"": 22930.0, ""GEX 4"": 22925.0, ""GEX 5"": 22870.0, ""GEX 6"": 22825.0, ""GEX 7"": 22975.0, ""GEX 8"": 22950.0, ""GEX 9"": 22840.0, ""GEX 10"": 22830.0}",unknown,,,42.68999999999869,42008487,False,True,,s4_1330_1510,above,Put Support 0DTE,22900.0,15.0,0.3513703443429482,GEX 1,22875.0,10.0,0.23424689622863215,True,all_19,-0.5153431717029907,0.5153431717029907,False,False,context_unavailable,none
830c23f4-feb8-5e0b-908e-f8c74c028ade,,,2025-07-07T20:16:00+00:00,22858.75,0.25,2025-07-07,2025-07-04,aeb8bad860db92863af8c5db289eb426dcf765061783264e1a527cd39dac9553,"{""Call Resistance"": 23000.0, ""Put Support"": 22850.0, ""HVL"": 22450.0, ""1D Min"": 22864.06, ""1D Max"": 22949.44, ""Call Resistance 0DTE"": 23000.0, ""Put Support 0DTE"": 22900.0, ""HVL 0DTE"": 22600.0, ""Gamma Wall 0DTE"": 23000.0, ""GEX 1"": 22875.0, ""GEX 2"": 22920.0, ""GEX 3"": 22930.0, ""GEX 4"": 22925.0, ""GEX 5"": 22870.0, ""GEX 6"": 22825.0, ""GEX 7"": 22975.0, ""GEX 8"": 22950.0, ""GEX 9"": 22840.0, ""GEX 10"": 22830.0}",unknown,,,42.68999999999869,42008487,False,True,,outside_cash,above,1D Min,22864.06,5.31000000000131,0.12438510189743436,Put Support,22850.0,8.75,0.20496603420005313,False,all_19,-1.0599672054345606,1.0599672054345606,False,False,context_unavailable,asia
10db06e1-0c21-5f2c-9a89-fb4af2b9216a,,,2025-07-07T20:21:00+00:00,22864.25,0.25,2025-07-07,2025-07-04,aeb8bad860db92863af8c5db289eb426dcf765061783264e1a527cd39dac9553,"{""Call Resistance"": 23000.0, ""Put Support"": 22850.0, ""HVL"": 22450.0, ""1D Min"": 22864.06, ""1D Max"": 22949.44, ""Call Resistance 0DTE"": 23000.0, ""Put Support 0DTE"": 22900.0, ""HVL 0DTE"": 22600.0, ""Gamma Wall 0DTE"": 23000.0, ""GEX 1"": 22875.0, ""GEX 2"": 22920.0, ""GEX 3"": 22930.0, ""GEX 4"": 22925.0, ""GEX 5"": 22870.0, ""GEX 6"": 22825.0, ""GEX 7"": 22975.0, ""GEX 8"": 22950.0, ""GEX 9"": 22840.0, ""GEX 10"": 22830.0}",unknown,,,42.68999999999869,42008487,False,True,,outside_cash,above,GEX 5,22870.0,5.75,0.1346919653314635,1D Min,22864.06,0.18999999999869033,0.004450691028313332,False,all_19,-0.9428437573202444,0.9428437573202444,False,False,context_unavailable,asia
57145dc5-b11c-57fe-9fc8-8c0f7bbbc2e5,,,2025-07-14T01:19:00+00:00,22857.25,0.25,2025-07-13,,aeb8bad860db92863af8c5db289eb426dcf765061783264e1a527cd39dac9553,"{""Call Resistance"": null, ""Put Support"": null, ""HVL"": null, ""1D Min"": null, ""1D Max"": null, ""Call Resistance 0DTE"": null, ""Put Support 0DTE"": null, ""HVL 0DTE"": null, ""Gamma Wall 0DTE"": null, ""GEX 1"": null, ""GEX 2"": null, ""GEX 3"": null, ""GEX 4"": null, ""GEX 5"": null, ""GEX 6"": null, ""GEX 7"": null, ""GEX 8"": null, ""GEX 9"": null, ""GEX 10"": null}",unknown,,,,42008487,False,False,after_1700,outside_cash,,,,,,,,,,,all_19,,,,,not_applicable_outside_hours,asia
2d975ec5-c71f-58e6-a3d4-1e9da8218fb8,,,2025-07-14T01:19:00+00:00,22857.25,0.25,2025-07-13,,aeb8bad860db92863af8c5db289eb426dcf765061783264e1a527cd39dac9553,"{""Call Resistance"": null, ""Put Support"": null, ""HVL"": null, ""1D Min"": null, ""1D Max"": null, ""Call Resistance 0DTE"": null, ""Put Support 0DTE"": null, ""HVL 0DTE"": null, ""Gamma Wall 0DTE"": null, ""GEX 1"": null, ""GEX 2"": null, ""GEX 3"": null, ""GEX 4"": null, ""GEX 5"": null, ""GEX 6"": null, ""GEX 7"": null, ""GEX 8"": null, ""GEX 9"": null, ""GEX 10"": null}",unknown,,,,42008487,False,False,after_1700,outside_cash,,,,,,,,,,,all_19,,,,,not_applicable_outside_hours,asia
d234f94d-9cfb-514e-a470-d564541bf0ff,,,2025-07-14T01:30:00+00:00,22847.5,0.25,2025-07-13,,aeb8bad860db92863af8c5db289eb426dcf765061783264e1a527cd39dac9553,"{""Call Resistance"": null, ""Put Support"": null, ""HVL"": null, ""1D Min"": null, ""1D Max"": null, ""Call Resistance 0DTE"": null, ""Put Support 0DTE"": null, ""HVL 0DTE"": null, ""Gamma Wall 0DTE"": null, ""GEX 1"": null, ""GEX 2"": null, ""GEX 3"": null, ""GEX 4"": null, ""GEX 5"": null, ""GEX 6"": null, ""GEX 7"": null, ""GEX 8"": null, ""GEX 9"": null, ""GEX 10"": null}",unknown,,,,42008487,False,False,after_1700,outside_cash,,,,,,,,,,,all_19,,,,,not_applicable_outside_hours,asia
38a56e6f-7300-5ad0-805d-54d6bc46abe0,,,2025-07-14T01:32:00+00:00,22851.75,0.25,2025-07-13,,aeb8bad860db92863af8c5db289eb426dcf765061783264e1a527cd39dac9553,"{""Call Resistance"": null, ""Put Support"": null, ""HVL"": null, ""1D Min"": null, ""1D Max"": null, ""Call Resistance 0DTE"": null, ""Put Support 0DTE"": null, ""HVL 0DTE"": null, ""Gamma Wall 0DTE"": null, ""GEX 1"": null, ""GEX 2"": null, ""GEX 3"": null, ""GEX 4"": null, ""GEX 5"": null, ""GEX 6"": null, ""GEX 7"": null, ""GEX 8"": null, ""GEX 9"": null, ""GEX 10"": null}",unknown,,,,42008487,False,False,after_1700,outside_cash,,,,,,,,,,,all_19,,,,,not_applicable_outside_hours,asia
a2bdeec5-5065-5593-98e0-47504c2d49bc,,,2025-07-14T01:42:00+00:00,22856.75,0.25,2025-07-13,,aeb8bad860db92863af8c5db289eb426dcf765061783264e1a527cd39dac9553,"{""Call Resistance"": null, ""Put Support"": null, ""HVL"": null, ""1D Min"": null, ""1D Max"": null, ""Call Resistance 0DTE"": null, ""Put Support 0DTE"": null, ""HVL 0DTE"": null, ""Gamma Wall 0DTE"": null, ""GEX 1"": null, ""GEX 2"": null, ""GEX 3"": null, ""GEX 4"": null, ""GEX 5"": null, ""GEX 6"": null, ""GEX 7"": null, ""GEX 8"": null, ""GEX 9"": null, ""GEX 10"": null}",unknown,,,,42008487,False,False,after_1700,outside_cash,,,,,,,,,,,all_19,,,,,not_applicable_outside_hours,asia
605b773e-0410-5eba-b010-9ad4cea8dfc0,,,2025-07-14T02:02:00+00:00,22860.25,0.25,2025-07-13,,aeb8bad860db92863af8c5db289eb426dcf765061783264e1a527cd39dac9553,"{""Call Resistance"": null, ""Put Support"": null, ""HVL"": null, ""1D Min"": null, ""1D Max"": null, ""Call Resistance 0DTE"": null, ""Put Support 0DTE"": null, ""HVL 0DTE"": null, ""Gamma Wall 0DTE"": null, ""GEX 1"": null, ""GEX 2"": null, ""GEX 3"": null, ""GEX 4"": null, ""GEX 5"": null, ""GEX 6"": null, ""GEX 7"": null, ""GEX 8"": null, ""GEX 9"": null, ""GEX 10"": null}",unknown,,,,42008487,False,False,after_1700,outside_cash,,,,,,,,,,,all_19,,,,,not_applicable_outside_hours,asia
7576b795-f85c-5924-ae9f-c7f38ff59ce9,,,2025-07-14T02:14:00+00:00,22864.25,0.25,2025-07-13,,aeb8bad860db92863af8c5db289eb426dcf765061783264e1a527cd39dac9553,"{""Call Resistance"": null, ""Put Support"": null, ""HVL"": null, ""1D Min"": null, ""1D Max"": null, ""Call Resistance 0DTE"": null, ""Put Support 0DTE"": null, ""HVL 0DTE"": null, ""Gamma Wall 0DTE"": null, ""GEX 1"": null, ""GEX 2"": null, ""GEX 3"": null, ""GEX 4"": null, ""GEX 5"": null, ""GEX 6"": null, ""GEX 7"": null, ""GEX 8"": null, ""GEX 9"": null, ""GEX 10"": null}",unknown,,,,42008487,False,False,after_1700,outside_cash,,,,,,,,,,,all_19,,,,,not_applicable_outside_hours,asia
64da70b2-f7b5-5e87-bcb3-2a383fd009b1,,,2025-07-15T02:43:00+00:00,23065.25,0.25,2025-07-14,,aeb8bad860db92863af8c5db289eb426dcf765061783264e1a527cd39dac9553,"{""Call Resistance"": null, ""Put Support"": null, ""HVL"": null, ""1D Min"": null, ""1D Max"": null, ""Call Resistance 0DTE"": null, ""Put Support 0DTE"": null, ""HVL 0DTE"": null, ""Gamma Wall 0DTE"": null, ""GEX 1"": null, ""GEX 2"": null, ""GEX 3"": null, ""GEX 4"": null, ""GEX 5"": null, ""GEX 6"": null, ""GEX 7"": null, ""GEX 8"": null, ""GEX 9"": null, ""GEX 10"": null}",unknown,,,,42008487,False,False,after_1700,outside_cash,,,,,,,,,,,all_19,,,,,not_applicable_outside_hours,asia
4dc35bca-7f1f-52e7-96ee-9ecc35b1c072,,,2025-07-15T02:44:00+00:00,23067.25,0.25,2025-07-14,,aeb8bad860db92863af8c5db289eb426dcf765061783264e1a527cd39dac9553,"{""Call Resistance"": null, ""Put Support"": null, ""HVL"": null, ""1D Min"": null, ""1D Max"": null, ""Call Resistance 0DTE"": null, ""Put Support 0DTE"": null, ""HVL 0DTE"": null, ""Gamma Wall 0DTE"": null, ""GEX 1"": null, ""GEX 2"": null, ""GEX 3"": null, ""GEX 4"": null, ""GEX 5"": null, ""GEX 6"": null, ""GEX 7"": null, ""GEX 8"": null, ""GEX 9"": null, ""GEX 10"": null}",unknown,,,,42008487,False,False,after_1700,outside_cash,,,,,,,,,,,all_19,,,,,not_applicable_outside_hours,asia
466ad14e-d55a-52e8-9d27-498a8d2cae97,,,2025-07-15T02:46:00+00:00,23055.5,0.25,2025-07-14,,aeb8bad860db92863af8c5db289eb426dcf765061783264e1a527cd39dac9553,"{""Call Resistance"": null, ""Put Support"": null, ""HVL"": null, ""1D Min"": null, ""1D Max"": null, ""Call Resistance 0DTE"": null, ""Put Support 0DTE"": null, ""HVL 0DTE"": null, ""Gamma Wall 0DTE"": null, ""GEX 1"": null, ""GEX 2"": null, ""GEX 3"": null, ""GEX 4"": null, ""GEX 5"": null, ""GEX 6"": null, ""GEX 7"": null, ""GEX 8"": null, ""GEX 9"": null, ""GEX 10"": null}",unknown,,,,42008487,False,False,after_1700,outside_cash,,,,,,,,,,,all_19,,,,,not_applicable_outside_hours,asia
0e3b23b9-e443-50e5-b91c-e31e0a691649,,,2025-07-15T03:01:00+00:00,23053.25,0.25,2025-07-14,,aeb8bad860db92863af8c5db289eb426dcf765061783264e1a527cd39dac9553,"{""Call Resistance"": null, ""Put Support"": null, ""HVL"": null, ""1D Min"": null, ""1D Max"": null, ""Call Resistance 0DTE"": null, ""Put Support 0DTE"": null, ""HVL 0DTE"": null, ""Gamma Wall 0DTE"": null, ""GEX 1"": null, ""GEX 2"": null, ""GEX 3"": null, ""GEX 4"": null, ""GEX 5"": null, ""GEX 6"": null, ""GEX 7"": null, ""GEX 8"": null, ""GEX 9"": null, ""GEX 10"": null}",unknown,,,,42008487,False,False,after_1700,outside_cash,,,,,,,,,,,all_19,,,,,not_applicable_outside_hours,asia
3e9794b4-92e6-5ab5-8bb2-9c6366ec3956,,,2025-07-15T03:18:00+00:00,23060.0,0.25,2025-07-14,,aeb8bad860db92863af8c5db289eb426dcf765061783264e1a527cd39dac9553,"{""Call Resistance"": null, ""Put Support"": null, ""HVL"": null, ""1D Min"": null, ""1D Max"": null, ""Call Resistance 0DTE"": null, ""Put Support 0DTE"": null, ""HVL 0DTE"": null, ""Gamma Wall 0DTE"": null, ""GEX 1"": null, ""GEX 2"": null, ""GEX 3"": null, ""GEX 4"": null, ""GEX 5"": null, ""GEX 6"": null, ""GEX 7"": null, ""GEX 8"": null, ""GEX 9"": null, ""GEX 10"": null}",unknown,,,,42008487,False,False,after_1700,outside_cash,,,,,,,,,,,all_19,,,,,not_applicable_outside_hours,asia
1b2a7ed9-b878-582a-b10a-65efd0479809,,,2025-07-15T03:19:00+00:00,23064.5,0.25,2025-07-14,,aeb8bad860db92863af8c5db289eb426dcf765061783264e1a527cd39dac9553,"{""Call Resistance"": null, ""Put Support"": null, ""HVL"": null, ""1D Min"": null, ""1D Max"": null, ""Call Resistance 0DTE"": null, ""Put Support 0DTE"": null, ""HVL 0DTE"": null, ""Gamma Wall 0DTE"": null, ""GEX 1"": null, ""GEX 2"": null, ""GEX 3"": null, ""GEX 4"": null, ""GEX 5"": null, ""GEX 6"": null, ""GEX 7"": null, ""GEX 8"": null, ""GEX 9"": null, ""GEX 10"": null}",unknown,,,,42008487,False,False,after_1700,outside_cash,,,,,,,,,,,all_19,,,,,not_applicable_outside_hours,asia
bb16a6c6-4f99-5d4c-8c4b-cf2247e1ad80,,,2025-07-15T03:24:00+00:00,23072.25,0.25,2025-07-14,,aeb8bad860db92863af8c5db289eb426dcf765061783264e1a527cd39dac9553,"{""Call Resistance"": null, ""Put Support"": null, ""HVL"": null, ""1D Min"": null, ""1D Max"": null, ""Call Resistance 0DTE"": null, ""Put Support 0DTE"": null, ""HVL 0DTE"": null, ""Gamma Wall 0DTE"": null, ""GEX 1"": null, ""GEX 2"": null, ""GEX 3"": null, ""GEX 4"": null, ""GEX 5"": null, ""GEX 6"": null, ""GEX 7"": null, ""GEX 8"": null, ""GEX 9"": null, ""GEX 10"": null}",unknown,,,,42008487,False,False,after_1700,outside_cash,,,,,,,,,,,all_19,,,,,not_applicable_outside_hours,asia
efa3a0c4-658e-5001-a60d-62a4bc6cb3cc,,,2025-07-15T03:27:00+00:00,23080.5,0.25,2025-07-14,,aeb8bad860db92863af8c5db289eb426dcf765061783264e1a527cd39dac9553,"{""Call Resistance"": null, ""Put Support"": null, ""HVL"": null, ""1D Min"": null, ""1D Max"": null, ""Call Resistance 0DTE"": null, ""Put Support 0DTE"": null, ""HVL 0DTE"": null, ""Gamma Wall 0DTE"": null, ""GEX 1"": null, ""GEX 2"": null, ""GEX 3"": null, ""GEX 4"": null, ""GEX 5"": null, ""GEX 6"": null, ""GEX 7"": null, ""GEX 8"": null, ""GEX 9"": null, ""GEX 10"": null}",unknown,,,,42008487,False,False,after_1700,outside_cash,,,,,,,,,,,all_19,,,,,not_applicable_outside_hours,asia
1c0805c7-b334-50b8-bfae-11d7e059d262,,,2025-07-15T03:45:00+00:00,23097.75,0.25,2025-07-14,,aeb8bad860db92863af8c5db289eb426dcf765061783264e1a527cd39dac9553,"{""Call Resistance"": null, ""Put Support"": null, ""HVL"": null, ""1D Min"": null, ""1D Max"": null, ""Call Resistance 0DTE"": null, ""Put Support 0DTE"": null, ""HVL 0DTE"": null, ""Gamma Wall 0DTE"": null, ""GEX 1"": null, ""GEX 2"": null, ""GEX 3"": null, ""GEX 4"": null, ""GEX 5"": null, ""GEX 6"": null, ""GEX 7"": null, ""GEX 8"": null, ""GEX 9"": null, ""GEX 10"": null}",unknown,,,,42008487,False,False,after_1700,outside_cash,,,,,,,,,,,all_19,,,,,not_applicable_outside_hours,asia
cc4b9b5a-1cce-58ec-9938-e0c99dab999d,,,2025-08-05T16:35:00+00:00,23208.75,0.25,2025-08-05,2025-08-04,aeb8bad860db92863af8c5db289eb426dcf765061783264e1a527cd39dac9553,"{""Call Resistance"": 23500.0, ""Put Support"": 23000.0, ""HVL"": 23230.0, ""1D Min"": 23108.94, ""1D Max"": 23592.56, ""Call Resistance 0DTE"": 23450.0, ""Put Support 0DTE"": 23200.0, ""HVL 0DTE"": 23230.0, ""Gamma Wall 0DTE"": 23450.0, ""GEX 1"": 23300.0, ""GEX 2"": 23400.0, ""GEX 3"": 23275.0, ""GEX 4"": 23250.0, ""GEX 5"": 23240.0, ""GEX 6"": 23100.0, ""GEX 7"": 23800.0, ""GEX 8"": 23750.0, ""GEX 9"": 23025.0, ""GEX 10"": 23700.0}",positive,1319043.5085819839,0.3861003861003861,241.8100000000013,42008487,False,True,,s2_1000_1200,below,HVL|HVL 0DTE,23230.0,21.25,0.08787891319631068,Put Support 0DTE,23200.0,8.75,0.03618543484553969,False,all_19,-0.5231380009098023,0.5231380009098023,False,False,evaluated,ny
ddee00fd-919d-584f-ab3a-3f7c7f61a73b,,,2025-08-07T18:39:00+00:00,23381.75,0.25,2025-08-07,2025-08-06,aeb8bad860db92863af8c5db289eb426dcf765061783264e1a527cd39dac9553,"{""Call Resistance"": 23500.0, ""Put Support"": 23120.0, ""HVL"": 23225.0, ""1D Min"": 23173.64, ""1D Max"": 23652.86, ""Call Resistance 0DTE"": 23400.0, ""Put Support 0DTE"": 23120.0, ""HVL 0DTE"": 23250.0, ""Gamma Wall 0DTE"": 23400.0, ""GEX 1"": 23300.0, ""GEX 2"": 23550.0, ""GEX 3"": 23600.0, ""GEX 4"": 23450.0, ""GEX 5"": 23200.0, ""GEX 6"": 23100.0, ""GEX 7"": 23800.0, ""GEX 8"": 23000.0, ""GEX 9"": 23750.0, ""GEX 10"": 23110.0}",positive,947322.5221641208,0.3590733590733591,239.61000000000058,42008487,False,True,,s4_1330_1510,above,Call Resistance 0DTE|Gamma Wall 0DTE,23400.0,18.25,0.07616543549935292,GEX 1,23300.0,81.75,0.341179416551896,True,all_19,-0.16589457869037144,0.16589457869037144,False,False,evaluated,none
a8f21c73-cce5-5d3f-9ac1-40e031b235dd,,,2025-08-07T18:41:00+00:00,23363.0,0.25,2025-08-07,2025-08-06,aeb8bad860db92863af8c5db289eb426dcf765061783264e1a527cd39dac9553,"{""Call Resistance"": 23500.0, ""Put Support"": 23120.0, ""HVL"": 23225.0, ""1D Min"": 23173.64, ""1D Max"": 23652.86, ""Call Resistance 0DTE"": 23400.0, ""Put Support 0DTE"": 23120.0, ""HVL 0DTE"": 23250.0, ""Gamma Wall 0DTE"": 23400.0, ""GEX 1"": 23300.0, ""GEX 2"": 23550.0, ""GEX 3"": 23600.0, ""GEX 4"": 23450.0, ""GEX 5"": 23200.0, ""GEX 6"": 23100.0, ""GEX 7"": 23800.0, ""GEX 8"": 23000.0, ""GEX 9"": 23750.0, ""GEX 10"": 23110.0}",positive,947322.5221641208,0.3590733590733591,239.61000000000058,42008487,False,True,,s4_1330_1510,above,Call Resistance 0DTE|Gamma Wall 0DTE,23400.0,37.0,0.1544175952589621,GEX 1,23300.0,63.0,0.26292725679228685,True,all_19,-0.1690246650807558,0.1690246650807558,False,False,evaluated,none
3192a066-381f-5f5d-9026-dbb4ac84e122,,,2025-08-07T18:48:00+00:00,23377.25,0.25,2025-08-07,2025-08-06,aeb8bad860db92863af8c5db289eb426dcf765061783264e1a527cd39dac9553,"{""Call Resistance"": 23500.0, ""Put Support"": 23120.0, ""HVL"": 23225.0, ""1D Min"": 23173.64, ""1D Max"": 23652.86, ""Call Resistance 0DTE"": 23400.0, ""Put Support 0DTE"": 23120.0, ""HVL 0DTE"": 23250.0, ""Gamma Wall 0DTE"": 23400.0, ""GEX 1"": 23300.0, ""GEX 2"": 23550.0, ""GEX 3"": 23600.0, ""GEX 4"": 23450.0, ""GEX 5"": 23200.0, ""GEX 6"": 23100.0, ""GEX 7"": 23800.0, ""GEX 8"": 23000.0, ""GEX 9"": 23750.0, ""GEX 10"": 23110.0}",positive,947322.5221641208,0.3590733590733591,239.61000000000058,42008487,False,True,,s4_1330_1510,above,Call Resistance 0DTE|Gamma Wall 0DTE,23400.0,22.75,0.09494595384165913,GEX 1,23300.0,77.25,0.3223988982095898,True,all_19,-0.22119277158716194,0.22119277158716194,False,False,evaluated,none
76cd167f-30cf-5037-8c23-9220c3ca5410,,,2025-08-07T18:49:00+00:00,23374.25,0.25,2025-08-07,2025-08-06,aeb8bad860db92863af8c5db289eb426dcf765061783264e1a527cd39dac9553,"{""Call Resistance"": 23500.0, ""Put Support"": 23120.0, ""HVL"": 23225.0, ""1D Min"": 23173.64, ""1D Max"": 23652.86, ""Call Resistance 0DTE"": 23400.0, ""Put Support 0DTE"": 23120.0, ""HVL 0DTE"": 23250.0, ""Gamma Wall 0DTE"": 23400.0, ""GEX 1"": 23300.0, ""GEX 2"": 23550.0, ""GEX 3"": 23600.0, ""GEX 4"": 23450.0, ""GEX 5"": 23200.0, ""GEX 6"": 23100.0, ""GEX 7"": 23800.0, ""GEX 8"": 23000.0, ""GEX 9"": 23750.0, ""GEX 10"": 23110.0}",positive,947322.5221641208,0.3590733590733591,239.61000000000058,42008487,False,True,,s4_1330_1510,above,Call Resistance 0DTE|Gamma Wall 0DTE,23400.0,25.75,0.1074662994031966,GEX 1,23300.0,74.25,0.3098785526480523,True,all_19,-0.1492007846083215,0.1492007846083215,False,False,evaluated,none
dc92eb0f-8578-52d6-8dbe-b7465497a300,,,2025-08-07T18:54:00+00:00,23396.75,0.25,2025-08-07,2025-08-06,aeb8bad860db92863af8c5db289eb426dcf765061783264e1a527cd39dac9553,"{""Call Resistance"": 23500.0, ""Put Support"": 23120.0, ""HVL"": 23225.0, ""1D Min"": 23173.64, ""1D Max"": 23652.86, ""Call Resistance 0DTE"": 23400.0, ""Put Support 0DTE"": 23120.0, ""HVL 0DTE"": 23250.0, ""Gamma Wall 0DTE"": 23400.0, ""GEX 1"": 23300.0, ""GEX 2"": 23550.0, ""GEX 3"": 23600.0, ""GEX 4"": 23450.0, ""GEX 5"": 23200.0, ""GEX 6"": 23100.0, ""GEX 7"": 23800.0, ""GEX 8"": 23000.0, ""GEX 9"": 23750.0, ""GEX 10"": 23110.0}",positive,947322.5221641208,0.3590733590733591,239.61000000000058,42008487,False,True,,s4_1330_1510,above,Call Resistance 0DTE|Gamma Wall 0DTE,23400.0,3.25,0.01356370769166559,GEX 1,23300.0,96.75,0.40378114435958334,True,all_19,-0.13146362839614342,0.13146362839614342,False,False,evaluated,none
95b0ec29-0a78-54a1-a49c-e78efe283567,,,2025-08-07T18:55:00+00:00,23399.0,0.25,2025-08-07,2025-08-06,aeb8bad860db92863af8c5db289eb426dcf765061783264e1a527cd39dac9553,"{""Call Resistance"": 23500.0, ""Put Support"": 23120.0, ""HVL"": 23225.0, ""1D Min"": 23173.64, ""1D Max"": 23652.86, ""Call Resistance 0DTE"": 23400.0, ""Put Support 0DTE"": 23120.0, ""HVL 0DTE"": 23250.0, ""Gamma Wall 0DTE"": 23400.0, ""GEX 1"": 23300.0, ""GEX 2"": 23550.0, ""GEX 3"": 23600.0, ""GEX 4"": 23450.0, ""GEX 5"": 23200.0, ""GEX 6"": 23100.0, ""GEX 7"": 23800.0, ""GEX 8"": 23000.0, ""GEX 9"": 23750.0, ""GEX 10"": 23110.0}",positive,947322.5221641208,0.3590733590733591,239.61000000000058,42008487,False,True,,s4_1330_1510,above,Call Resistance 0DTE|Gamma Wall 0DTE,23400.0,1.0,0.00417344852051249,GEX 1,23300.0,99.0,0.41317140353073645,True,all_19,-0.06677517632819983,0.06677517632819983,False,False,evaluated,none
219fc5ea-d7ee-5cac-9529-5db3f36a5921,,,2025-08-07T18:57:00+00:00,23419.75,0.25,2025-08-07,2025-08-06,aeb8bad860db92863af8c5db289eb426dcf765061783264e1a527cd39dac9553,"{""Call Resistance"": 23500.0, ""Put Support"": 23120.0, ""HVL"": 23225.0, ""1D Min"": 23173.64, ""1D Max"": 23652.86, ""Call Resistance 0DTE"": 23400.0, ""Put Support 0DTE"": 23120.0, ""HVL 0DTE"": 23250.0, ""Gamma Wall 0DTE"": 23400.0, ""GEX 1"": 23300.0, ""GEX 2"": 23550.0, ""GEX 3"": 23600.0, ""GEX 4"": 23450.0, ""GEX 5"": 23200.0, ""GEX 6"": 23100.0, ""GEX 7"": 23800.0, ""GEX 8"": 23000.0, ""GEX 9"": 23750.0, ""GEX 10"": 23110.0}",positive,947322.5221641208,0.3590733590733591,239.61000000000058,42008487,False,True,,s4_1330_1510,above,GEX 4,23450.0,30.25,0.1262468177455028,Call Resistance 0DTE|Gamma Wall 0DTE,23400.0,19.75,0.08242560828012166,False,all_19,-0.020867242602562446,0.020867242602562446,False,False,evaluated,none
b7cd0d75-16bf-53eb-8b5c-ecbf6cd13a19,,,2025-08-07T18:58:00+00:00,23415.5,0.25,2025-08-07,2025-08-06,aeb8bad860db92863af8c5db289eb426dcf765061783264e1a527cd39dac9553,"{""Call Resistance"": 23500.0, ""Put Support"": 23120.0, ""HVL"": 23225.0, ""1D Min"": 23173.64, ""1D Max"": 23652.86, ""Call Resistance 0DTE"": 23400.0, ""Put Support 0DTE"": 23120.0, ""HVL 0DTE"": 23250.0, ""Gamma Wall 0DTE"": 23400.0, ""GEX 1"": 23300.0, ""GEX 2"": 23550.0, ""GEX 3"": 23600.0, ""GEX 4"": 23450.0, ""GEX 5"": 23200.0, ""GEX 6"": 23100.0, ""GEX 7"": 23800.0, ""GEX 8"": 23000.0, ""GEX 9"": 23750.0, ""GEX 10"": 23110.0}",positive,947322.5221641208,0.3590733590733591,239.61000000000058,42008487,False,True,,s4_1330_1510,above,GEX 4,23450.0,34.5,0.1439839739576809,Call Resistance 0DTE|Gamma Wall 0DTE,23400.0,15.5,0.06468845206794359,False,all_19,0.029214139643587426,0.029214139643587426,False,False,evaluated,none
8c320cab-2cbb-5c83-ab8a-4ba71f7af0e9,,,2025-08-07T19:32:00+00:00,23417.0,0.25,2025-08-07,2025-08-06,aeb8bad860db92863af8c5db289eb426dcf765061783264e1a527cd39dac9553,"{""Call Resistance"": 23500.0, ""Put Support"": 23120.0, ""HVL"": 23225.0, ""1D Min"": 23173.64, ""1D Max"": 23652.86, ""Call Resistance 0DTE"": 23400.0, ""Put Support 0DTE"": 23120.0, ""HVL 0DTE"": 23250.0, ""Gamma Wall 0DTE"": 23400.0, ""GEX 1"": 23300.0, ""GEX 2"": 23550.0, ""GEX 3"": 23600.0, ""GEX 4"": 23450.0, ""GEX 5"": 23200.0, ""GEX 6"": 23100.0, ""GEX 7"": 23800.0, ""GEX 8"": 23000.0, ""GEX 9"": 23750.0, ""GEX 10"": 23110.0}",positive,947322.5221641208,0.3590733590733591,239.61000000000058,42008487,False,True,,s4_1330_1510,above,GEX 4,23450.0,33.0,0.13772380117691216,Call Resistance 0DTE|Gamma Wall 0DTE,23400.0,17.0,0.07094862484871232,False,all_19,-0.015650431951921836,0.015650431951921836,False,False,evaluated,none
8e280eec-7119-5b75-957e-6f1c51c2254a,,,2025-08-07T19:37:00+00:00,23425.5,0.25,2025-08-07,2025-08-06,aeb8bad860db92863af8c5db289eb426dcf765061783264e1a527cd39dac9553,"{""Call Resistance"": 23500.0, ""Put Support"": 23120.0, ""HVL"": 23225.0, ""1D Min"": 23173.64, ""1D Max"": 23652.86, ""Call Resistance 0DTE"": 23400.0, ""Put Support 0DTE"": 23120.0, ""HVL 0DTE"": 23250.0, ""Gamma Wall 0DTE"": 23400.0, ""GEX 1"": 23300.0, ""GEX 2"": 23550.0, ""GEX 3"": 23600.0, ""GEX 4"": 23450.0, ""GEX 5"": 23200.0, ""GEX 6"": 23100.0, ""GEX 7"": 23800.0, ""GEX 8"": 23000.0, ""GEX 9"": 23750.0, ""GEX 10"": 23110.0}",positive,947322.5221641208,0.3590733590733591,239.61000000000058,42008487,False,True,,s4_1330_1510,above,GEX 4,23450.0,24.5,0.10224948875255599,Call Resistance 0DTE|Gamma Wall 0DTE,23400.0,25.5,0.10642293727306848,False,all_19,0.03338758816409992,0.03338758816409992,False,False,evaluated,none
d79bc4be-88fb-58c5-901a-c80094d78561,,,2025-08-07T19:42:00+00:00,23435.5,0.25,2025-08-07,2025-08-06,aeb8bad860db92863af8c5db289eb426dcf765061783264e1a527cd39dac9553,"{""Call Resistance"": 23500.0, ""Put Support"": 23120.0, ""HVL"": 23225.0, ""1D Min"": 23173.64, ""1D Max"": 23652.86, ""Call Resistance 0DTE"": 23400.0, ""Put Support 0DTE"": 23120.0, ""HVL 0DTE"": 23250.0, ""Gamma Wall 0DTE"": 23400.0, ""GEX 1"": 23300.0, ""GEX 2"": 23550.0, ""GEX 3"": 23600.0, ""GEX 4"": 23450.0, ""GEX 5"": 23200.0, ""GEX 6"": 23100.0, ""GEX 7"": 23800.0, ""GEX 8"": 23000.0, ""GEX 9"": 23750.0, ""GEX 10"": 23110.0}",positive,947322.5221641208,0.3590733590733591,239.61000000000058,42008487,False,True,,s4_1330_1510,above,GEX 4,23450.0,14.5,0.0605150035474311,Call Resistance 0DTE|Gamma Wall 0DTE,23400.0,35.5,0.14815742247819338,False,all_19,0.0605150035474311,0.0605150035474311,False,False,evaluated,none
7f7d173b-0128-5511-b860-b7985a531098,,,2025-08-07T19:43:00+00:00,23437.5,0.25,2025-08-07,2025-08-06,aeb8bad860db92863af8c5db289eb426dcf765061783264e1a527cd39dac9553,"{""Call Resistance"": 23500.0, ""Put Support"": 23120.0, ""HVL"": 23225.0, ""1D Min"": 23173.64, ""1D Max"": 23652.86, ""Call Resistance 0DTE"": 23400.0, ""Put Support 0DTE"": 23120.0, ""HVL 0DTE"": 23250.0, ""Gamma Wall 0DTE"": 23400.0, ""GEX 1"": 23300.0, ""GEX 2"": 23550.0, ""GEX 3"": 23600.0, ""GEX 4"": 23450.0, ""GEX 5"": 23200.0, ""GEX 6"": 23100.0, ""GEX 7"": 23800.0, ""GEX 8"": 23000.0, ""GEX 9"": 23750.0, ""GEX 10"": 23110.0}",positive,947322.5221641208,0.3590733590733591,239.61000000000058,42008487,False,True,,s4_1330_1510,above,GEX 4,23450.0,12.5,0.05216810650640612,Call Resistance 0DTE|Gamma Wall 0DTE,23400.0,37.5,0.15650431951921834,False,all_19,0.09181586745127476,0.09181586745127476,False,False,evaluated,none
93acfda9-8176-5b1c-93c5-372aabd61691,,,2025-08-11T20:45:00+00:00,23628.75,0.25,2025-08-11,2025-08-08,aeb8bad860db92863af8c5db289eb426dcf765061783264e1a527cd39dac9553,"{""Call Resistance"": 24000.0, ""Put Support"": 22700.0, ""HVL"": 23240.0, ""1D Min"": 23547.56, ""1D Max"": 23983.44, ""Call Resistance 0DTE"": 23800.0, ""Put Support 0DTE"": 23410.0, ""HVL 0DTE"": 23520.0, ""Gamma Wall 0DTE"": 23800.0, ""GEX 1"": 23750.0, ""GEX 2"": 23600.0, ""GEX 3"": 23700.0, ""GEX 4"": 23900.0, ""GEX 5"": 23550.0, ""GEX 6"": 23500.0, ""GEX 7"": 23400.0, ""GEX 8"": 24100.0, ""GEX 9"": 24200.0, ""GEX 10"": 23525.0}",positive,3319369.6949205766,0.6833976833976834,217.9399999999987,42008487,False,True,,outside_cash,above,GEX 3,23700.0,71.25,0.3269248416995523,GEX 2,23600.0,28.75,0.13191704138753865,False,all_19,-0.509314490226671,0.509314490226671,False,False,evaluated,asia
fa663463-769d-5b5f-880a-45005e0a30b1,,,2025-08-11T22:02:00+00:00,23647.75,0.25,2025-08-11,,aeb8bad860db92863af8c5db289eb426dcf765061783264e1a527cd39dac9553,"{""Call Resistance"": null, ""Put Support"": null, ""HVL"": null, ""1D Min"": null, ""1D Max"": null, ""Call Resistance 0DTE"": null, ""Put Support 0DTE"": null, ""HVL 0DTE"": null, ""Gamma Wall 0DTE"": null, ""GEX 1"": null, ""GEX 2"": null, ""GEX 3"": null, ""GEX 4"": null, ""GEX 5"": null, ""GEX 6"": null, ""GEX 7"": null, ""GEX 8"": null, ""GEX 9"": null, ""GEX 10"": null}",unknown,,,,42008487,False,False,after_1700,outside_cash,,,,,,,,,,,all_19,,,,,not_applicable_outside_hours,asia
4aae7713-c2f9-5a17-9aec-c8af840bd26e,,,2025-08-11T22:12:00+00:00,23638.25,0.25,2025-08-11,,aeb8bad860db92863af8c5db289eb426dcf765061783264e1a527cd39dac9553,"{""Call Resistance"": null, ""Put Support"": null, ""HVL"": null, ""1D Min"": null, ""1D Max"": null, ""Call Resistance 0DTE"": null, ""Put Support 0DTE"": null, ""HVL 0DTE"": null, ""Gamma Wall 0DTE"": null, ""GEX 1"": null, ""GEX 2"": null, ""GEX 3"": null, ""GEX 4"": null, ""GEX 5"": null, ""GEX 6"": null, ""GEX 7"": null, ""GEX 8"": null, ""GEX 9"": null, ""GEX 10"": null}",unknown,,,,42008487,False,False,after_1700,outside_cash,,,,,,,,,,,all_19,,,,,not_applicable_outside_hours,asia
9ce319ae-ca76-5e4e-a542-8fda0613392e,,,2025-08-11T22:43:00+00:00,23624.0,0.25,2025-08-11,,aeb8bad860db92863af8c5db289eb426dcf765061783264e1a527cd39dac9553,"{""Call Resistance"": null, ""Put Support"": null, ""HVL"": null, ""1D Min"": null, ""1D Max"": null, ""Call Resistance 0DTE"": null, ""Put Support 0DTE"": null, ""HVL 0DTE"": null, ""Gamma Wall 0DTE"": null, ""GEX 1"": null, ""GEX 2"": null, ""GEX 3"": null, ""GEX 4"": null, ""GEX 5"": null, ""GEX 6"": null, ""GEX 7"": null, ""GEX 8"": null, ""GEX 9"": null, ""GEX 10"": null}",unknown,,,,42008487,False,False,after_1700,outside_cash,,,,,,,,,,,all_19,,,,,not_applicable_outside_hours,asia
24ccafc5-a5df-59a7-9bb5-638f89f4f407,,,2025-08-11T22:51:00+00:00,23629.0,0.25,2025-08-11,,aeb8bad860db92863af8c5db289eb426dcf765061783264e1a527cd39dac9553,"{""Call Resistance"": null, ""Put Support"": null, ""HVL"": null, ""1D Min"": null, ""1D Max"": null, ""Call Resistance 0DTE"": null, ""Put Support 0DTE"": null, ""HVL 0DTE"": null, ""Gamma Wall 0DTE"": null, ""GEX 1"": null, ""GEX 2"": null, ""GEX 3"": null, ""GEX 4"": null, ""GEX 5"": null, ""GEX 6"": null, ""GEX 7"": null, ""GEX 8"": null, ""GEX 9"": null, ""GEX 10"": null}",unknown,,,,42008487,False,False,after_1700,outside_cash,,,,,,,,,,,all_19,,,,,not_applicable_outside_hours,asia
8a1521d7-a6e5-5380-959b-3862a519419d,,,2025-08-11T22:52:00+00:00,23632.25,0.25,2025-08-11,,aeb8bad860db92863af8c5db289eb426dcf765061783264e1a527cd39dac9553,"{""Call Resistance"": null, ""Put Support"": null, ""HVL"": null, ""1D Min"": null, ""1D Max"": null, ""Call Resistance 0DTE"": null, ""Put Support 0DTE"": null, ""HVL 0DTE"": null, ""Gamma Wall 0DTE"": null, ""GEX 1"": null, ""GEX 2"": null, ""GEX 3"": null, ""GEX 4"": null, ""GEX 5"": null, ""GEX 6"": null, ""GEX 7"": null, ""GEX 8"": null, ""GEX 9"": null, ""GEX 10"": null}",unknown,,,,42008487,False,False,after_1700,outside_cash,,,,,,,,,,,all_19,,,,,not_applicable_outside_hours,asia
8e1542e3-38fd-5934-b405-50cdefc0ee0e,,,2025-08-11T22:55:00+00:00,23638.75,0.25,2025-08-11,,aeb8bad860db92863af8c5db289eb426dcf765061783264e1a527cd39dac9553,"{""Call Resistance"": null, ""Put Support"": null, ""HVL"": null, ""1D Min"": null, ""1D Max"": null, ""Call Resistance 0DTE"": null, ""Put Support 0DTE"": null, ""HVL 0DTE"": null, ""Gamma Wall 0DTE"": null, ""GEX 1"": null, ""GEX 2"": null, ""GEX 3"": null, ""GEX 4"": null, ""GEX 5"": null, ""GEX 6"": null, ""GEX 7"": null, ""GEX 8"": null, ""GEX 9"": null, ""GEX 10"": null}",unknown,,,,42008487,False,False,after_1700,outside_cash,,,,,,,,,,,all_19,,,,,not_applicable_outside_hours,asia
32d858b7-0c2a-5d38-af85-02d4c72217be,6fc6b1b1-4146-5a18-952c-033e76709605,8f61fe65-cf2b-55e5-a79a-bda49f91865b,2025-08-13T15:42:00+00:00,23946.75,0.25,2025-08-13,2025-08-12,aeb8bad860db92863af8c5db289eb426dcf765061783264e1a527cd39dac9553,"{""Call Resistance"": 24000.0, ""Put Support"": 23000.0, ""HVL"": 23390.0, ""1D Min"": 23730.43, ""1D Max"": 24168.57, ""Call Resistance 0DTE"": 23950.0, ""Put Support 0DTE"": 23890.0, ""HVL 0DTE"": 23890.0, ""Gamma Wall 0DTE"": 23950.0, ""GEX 1"": 23750.0, ""GEX 2"": 23900.0, ""GEX 3"": 23800.0, ""GEX 4"": 24100.0, ""GEX 5"": 23850.0, ""GEX 6"": 24300.0, ""GEX 7"": 24200.0, ""GEX 8"": 23600.0, ""GEX 9"": 23700.0, ""GEX 10"": 24250.0}",positive,3606872.8745253123,0.7181467181467182,219.0699999999997,42008487,False,True,,s2_1000_1200,above,Call Resistance 0DTE|Gamma Wall 0DTE,23950.0,3.25,0.014835440726708378,GEX 2,23900.0,46.75,0.21340210891495898,False,all_19,0.022823754964166734,0.022823754964166734,False,False,evaluated,ny
f1effa5c-df77-55cc-85c1-c4f0a75d5ebc,,,2025-08-13T15:42:00+00:00,23946.75,0.25,2025-08-13,2025-08-12,aeb8bad860db92863af8c5db289eb426dcf765061783264e1a527cd39dac9553,"{""Call Resistance"": 24000.0, ""Put Support"": 23000.0, ""HVL"": 23390.0, ""1D Min"": 23730.43, ""1D Max"": 24168.57, ""Call Resistance 0DTE"": 23950.0, ""Put Support 0DTE"": 23890.0, ""HVL 0DTE"": 23890.0, ""Gamma Wall 0DTE"": 23950.0, ""GEX 1"": 23750.0, ""GEX 2"": 23900.0, ""GEX 3"": 23800.0, ""GEX 4"": 24100.0, ""GEX 5"": 23850.0, ""GEX 6"": 24300.0, ""GEX 7"": 24200.0, ""GEX 8"": 23600.0, ""GEX 9"": 23700.0, ""GEX 10"": 24250.0}",positive,3606872.8745253123,0.7181467181467182,219.0699999999997,42008487,False,True,,s2_1000_1200,above,Call Resistance 0DTE|Gamma Wall 0DTE,23950.0,3.25,0.014835440726708378,GEX 2,23900.0,46.75,0.21340210891495898,False,all_19,0.022823754964166734,0.022823754964166734,False,False,evaluated,ny
611314bc-6cb1-5087-bf4f-e02bb3a2a210,,,2025-08-13T15:43:00+00:00,23950.0,0.25,2025-08-13,2025-08-12,aeb8bad860db92863af8c5db289eb426dcf765061783264e1a527cd39dac9553,"{""Call Resistance"": 24000.0, ""Put Support"": 23000.0, ""HVL"": 23390.0, ""1D Min"": 23730.43, ""1D Max"": 24168.57, ""Call Resistance 0DTE"": 23950.0, ""Put Support 0DTE"": 23890.0, ""HVL 0DTE"": 23890.0, ""Gamma Wall 0DTE"": 23950.0, ""GEX 1"": 23750.0, ""GEX 2"": 23900.0, ""GEX 3"": 23800.0, ""GEX 4"": 24100.0, ""GEX 5"": 23850.0, ""GEX 6"": 24300.0, ""GEX 7"": 24200.0, ""GEX 8"": 23600.0, ""GEX 9"": 23700.0, ""GEX 10"": 24250.0}",positive,3606872.8745253123,0.7181467181467182,219.0699999999997,42008487,False,True,,s2_1000_1200,above,Call Resistance,24000.0,50.0,0.22823754964166734,GEX 2,23900.0,50.0,0.22823754964166734,False,all_19,0.05249463641758349,0.05249463641758349,False,False,evaluated,ny
63be5c13-773e-5459-a2fc-f7c72f4ef5e1,,,2025-08-13T19:06:00+00:00,23932.0,0.25,2025-08-13,2025-08-12,aeb8bad860db92863af8c5db289eb426dcf765061783264e1a527cd39dac9553,"{""Call Resistance"": 24000.0, ""Put Support"": 23000.0, ""HVL"": 23390.0, ""1D Min"": 23730.43, ""1D Max"": 24168.57, ""Call Resistance 0DTE"": 23950.0, ""Put Support 0DTE"": 23890.0, ""HVL 0DTE"": 23890.0, ""Gamma Wall 0DTE"": 23950.0, ""GEX 1"": 23750.0, ""GEX 2"": 23900.0, ""GEX 3"": 23800.0, ""GEX 4"": 24100.0, ""GEX 5"": 23850.0, ""GEX 6"": 24300.0, ""GEX 7"": 24200.0, ""GEX 8"": 23600.0, ""GEX 9"": 23700.0, ""GEX 10"": 24250.0}",positive,3606872.8745253123,0.7181467181467182,219.0699999999997,42008487,False,True,,s4_1330_1510,above,Call Resistance 0DTE|Gamma Wall 0DTE,23950.0,18.0,0.08216551787100025,GEX 2,23900.0,32.0,0.1460720317706671,False,all_19,-0.010270689733875031,0.010270689733875031,False,False,evaluated,none
c29bb442-8f2f-5756-9111-7271b1b19442,,,2025-08-13T19:22:00+00:00,23949.25,0.25,2025-08-13,2025-08-12,aeb8bad860db92863af8c5db289eb426dcf765061783264e1a527cd39dac9553,"{""Call Resistance"": 24000.0, ""Put Support"": 23000.0, ""HVL"": 23390.0, ""1D Min"": 23730.43, ""1D Max"": 24168.57, ""Call Resistance 0DTE"": 23950.0, ""Put Support 0DTE"": 23890.0, ""HVL 0DTE"": 23890.0, ""Gamma Wall 0DTE"": 23950.0, ""GEX 1"": 23750.0, ""GEX 2"": 23900.0, ""GEX 3"": 23800.0, ""GEX 4"": 24100.0, ""GEX 5"": 23850.0, ""GEX 6"": 24300.0, ""GEX 7"": 24200.0, ""GEX 8"": 23600.0, ""GEX 9"": 23700.0, ""GEX 10"": 24250.0}",positive,3606872.8745253123,0.7181467181467182,219.0699999999997,42008487,False,True,,s4_1330_1510,above,Call Resistance 0DTE|Gamma Wall 0DTE,23950.0,0.75,0.00342356324462501,GEX 2,23900.0,49.25,0.22481398639704234,False,all_19,0.043365134431916794,0.043365134431916794,False,False,evaluated,none
19c6e746-38cd-5a54-aae2-6b2f678d8de5,,,2025-08-13T19:23:00+00:00,23953.0,0.25,2025-08-13,2025-08-12,aeb8bad860db92863af8c5db289eb426dcf765061783264e1a527cd39dac9553,"{""Call Resistance"": 24000.0, ""Put Support"": 23000.0, ""HVL"": 23390.0, ""1D Min"": 23730.43, ""1D Max"": 24168.57, ""Call Resistance 0DTE"": 23950.0, ""Put Support 0DTE"": 23890.0, ""HVL 0DTE"": 23890.0, ""Gamma Wall 0DTE"": 23950.0, ""GEX 1"": 23750.0, ""GEX 2"": 23900.0, ""GEX 3"": 23800.0, ""GEX 4"": 24100.0, ""GEX 5"": 23850.0, ""GEX 6"": 24300.0, ""GEX 7"": 24200.0, ""GEX 8"": 23600.0, ""GEX 9"": 23700.0, ""GEX 10"": 24250.0}",positive,3606872.8745253123,0.7181467181467182,219.0699999999997,42008487,False,True,,s4_1330_1510,above,Call Resistance,24000.0,47.0,0.21454329666316732,Call Resistance 0DTE|Gamma Wall 0DTE,23950.0,3.0,0.01369425297850004,False,all_19,0.06618888939608353,0.06618888939608353,False,False,evaluated,none
f88a4305-a25a-5635-890b-dccb32db7c66,,,2025-08-20T10:45:00+00:00,23414.0,0.25,2025-08-20,,aeb8bad860db92863af8c5db289eb426dcf765061783264e1a527cd39dac9553,"{""Call Resistance"": null, ""Put Support"": null, ""HVL"": null, ""1D Min"": null, ""1D Max"": null, ""Call Resistance 0DTE"": null, ""Put Support 0DTE"": null, ""HVL 0DTE"": null, ""Gamma Wall 0DTE"": null, ""GEX 1"": null, ""GEX 2"": null, ""GEX 3"": null, ""GEX 4"": null, ""GEX 5"": null, ""GEX 6"": null, ""GEX 7"": null, ""GEX 8"": null, ""GEX 9"": null, ""GEX 10"": null}",unknown,,,,42008487,False,False,before_0600,outside_cash,,,,,,,,,,,all_19,,,,,not_applicable_outside_hours,london
07a730f5-5771-53a2-b00b-fea19ed6e6b5,,,2025-08-20T11:03:00+00:00,23445.0,0.25,2025-08-20,2025-08-19,aeb8bad860db92863af8c5db289eb426dcf765061783264e1a527cd39dac9553,"{""Call Resistance"": 23500.0, ""Put Support"": 23000.0, ""HVL"": 23475.0, ""1D Min"": 23238.01, ""1D Max"": 23708.99, ""Call Resistance 0DTE"": 23600.0, ""Put Support 0DTE"": 23400.0, ""HVL 0DTE"": 23460.0, ""Gamma Wall 0DTE"": 23600.0, ""GEX 1"": 23700.0, ""GEX 2"": 23300.0, ""GEX 3"": 23450.0, ""GEX 4"": 23250.0, ""GEX 5"": 23350.0, ""GEX 6"": 23900.0, ""GEX 7"": 23750.0, ""GEX 8"": 23100.0, ""GEX 9"": 23850.0, ""GEX 10"": 23200.0}",negative,-1171526.8916403514,0.13127413127413126,235.4900000000016,42008487,False,True,,outside_cash,below,GEX 3,23450.0,5.0,0.02123232409019477,Put Support 0DTE,23400.0,45.0,0.19109091681175291,False,all_19,-0.20276869506136003,0.20276869506136003,False,False,evaluated,none
2d793113-a893-5085-86e9-623ae50bdd2d,,,2025-08-20T11:04:00+00:00,23446.75,0.25,2025-08-20,2025-08-19,aeb8bad860db92863af8c5db289eb426dcf765061783264e1a527cd39dac9553,"{""Call Resistance"": 23500.0, ""Put Support"": 23000.0, ""HVL"": 23475.0, ""1D Min"": 23238.01, ""1D Max"": 23708.99, ""Call Resistance 0DTE"": 23600.0, ""Put Support 0DTE"": 23400.0, ""HVL 0DTE"": 23460.0, ""Gamma Wall 0DTE"": 23600.0, ""GEX 1"": 23700.0, ""GEX 2"": 23300.0, ""GEX 3"": 23450.0, ""GEX 4"": 23250.0, ""GEX 5"": 23350.0, ""GEX 6"": 23900.0, ""GEX 7"": 23750.0, ""GEX 8"": 23100.0, ""GEX 9"": 23850.0, ""GEX 10"": 23200.0}",negative,-1171526.8916403514,0.13127413127413126,235.4900000000016,42008487,False,True,,outside_cash,below,GEX 3,23450.0,3.25,0.0138010106586266,Put Support 0DTE,23400.0,46.75,0.19852223024332108,False,all_19,-0.15499596585842182,0.15499596585842182,False,False,evaluated,none
1576b623-08c9-52d5-a00c-8266febc3f80,,,2025-08-20T12:00:00+00:00,23414.25,0.25,2025-08-20,2025-08-19,aeb8bad860db92863af8c5db289eb426dcf765061783264e1a527cd39dac9553,"{""Call Resistance"": 23500.0, ""Put Support"": 23000.0, ""HVL"": 23475.0, ""1D Min"": 23238.01, ""1D Max"": 23708.99, ""Call Resistance 0DTE"": 23600.0, ""Put Support 0DTE"": 23400.0, ""HVL 0DTE"": 23460.0, ""Gamma Wall 0DTE"": 23600.0, ""GEX 1"": 23700.0, ""GEX 2"": 23300.0, ""GEX 3"": 23450.0, ""GEX 4"": 23250.0, ""GEX 5"": 23350.0, ""GEX 6"": 23900.0, ""GEX 7"": 23750.0, ""GEX 8"": 23100.0, ""GEX 9"": 23850.0, ""GEX 10"": 23200.0}",negative,-1171526.8916403514,0.13127413127413126,235.4900000000016,42008487,False,True,,outside_cash,below,GEX 3,23450.0,35.75,0.1518111172448926,Put Support 0DTE,23400.0,14.25,0.06051212365705509,False,all_19,-0.2792050617860612,0.2792050617860612,False,False,evaluated,ny
d0bb3745-4c2e-5b54-aec1-2e46a0ad4c6c,,,2025-08-20T12:02:00+00:00,23424.5,0.25,2025-08-20,2025-08-19,aeb8bad860db92863af8c5db289eb426dcf765061783264e1a527cd39dac9553,"{""Call Resistance"": 23500.0, ""Put Support"": 23000.0, ""HVL"": 23475.0, ""1D Min"": 23238.01, ""1D Max"": 23708.99, ""Call Resistance 0DTE"": 23600.0, ""Put Support 0DTE"": 23400.0, ""HVL 0DTE"": 23460.0, ""Gamma Wall 0DTE"": 23600.0, ""GEX 1"": 23700.0, ""GEX 2"": 23300.0, ""GEX 3"": 23450.0, ""GEX 4"": 23250.0, ""GEX 5"": 23350.0, ""GEX 6"": 23900.0, ""GEX 7"": 23750.0, ""GEX 8"": 23100.0, ""GEX 9"": 23850.0, ""GEX 10"": 23200.0}",negative,-1171526.8916403514,0.13127413127413126,235.4900000000016,42008487,False,True,,outside_cash,below,GEX 3,23450.0,25.5,0.10828485285999331,Put Support 0DTE,23400.0,24.5,0.10403838804195437,False,all_19,-0.2622192025139054,0.2622192025139054,False,False,evaluated,ny
4478d2c8-1452-59b3-bd91-db1c8a66c33e,,,2025-08-20T12:18:00+00:00,23421.25,0.25,2025-08-20,2025-08-19,aeb8bad860db92863af8c5db289eb426dcf765061783264e1a527cd39dac9553,"{""Call Resistance"": 23500.0, ""Put Support"": 23000.0, ""HVL"": 23475.0, ""1D Min"": 23238.01, ""1D Max"": 23708.99, ""Call Resistance 0DTE"": 23600.0, ""Put Support 0DTE"": 23400.0, ""HVL 0DTE"": 23460.0, ""Gamma Wall 0DTE"": 23600.0, ""GEX 1"": 23700.0, ""GEX 2"": 23300.0, ""GEX 3"": 23450.0, ""GEX 4"": 23250.0, ""GEX 5"": 23350.0, ""GEX 6"": 23900.0, ""GEX 7"": 23750.0, ""GEX 8"": 23100.0, ""GEX 9"": 23850.0, ""GEX 10"": 23200.0}",negative,-1171526.8916403514,0.13127413127413126,235.4900000000016,42008487,False,True,,outside_cash,below,GEX 3,23450.0,28.75,0.12208586351861991,Put Support 0DTE,23400.0,21.25,0.09023737738332777,False,all_19,-0.25584950528684697,0.25584950528684697,False,False,evaluated,ny
ddd92fce-d156-5b86-9b47-7367008b1940,,,2025-08-25T11:47:00+00:00,23495.5,0.25,2025-08-25,2025-08-22,aeb8bad860db92863af8c5db289eb426dcf765061783264e1a527cd39dac9553,"{""Call Resistance"": 23500.0, ""Put Support"": 23000.0, ""HVL"": 23300.0, ""1D Min"": 23358.99, ""1D Max"": 23806.51, ""Call Resistance 0DTE"": 23750.0, ""Put Support 0DTE"": 23625.0, ""HVL 0DTE"": 23250.0, ""Gamma Wall 0DTE"": 23750.0, ""GEX 1"": 23800.0, ""GEX 2"": 23600.0, ""GEX 3"": 23450.0, ""GEX 4"": 23425.0, ""GEX 5"": 23475.0, ""GEX 6"": 24000.0, ""GEX 7"": 23900.0, ""GEX 8"": 23200.0, ""GEX 9"": 23325.0, ""GEX 10"": 23350.0}",positive,1528003.2349350327,0.4015444015444015,223.7599999999984,42008487,False,True,,outside_cash,above,Call Resistance,23500.0,4.5,0.02011083303539521,GEX 5,23475.0,20.5,0.09161601716124484,False,all_19,-0.3564086521272818,0.3564086521272818,False,False,evaluated,none
9731509a-270c-5326-a64d-6d91a2cb2fb7,,,2025-08-25T11:47:00+00:00,23495.5,0.25,2025-08-25,2025-08-22,aeb8bad860db92863af8c5db289eb426dcf765061783264e1a527cd39dac9553,"{""Call Resistance"": 23500.0, ""Put Support"": 23000.0, ""HVL"": 23300.0, ""1D Min"": 23358.99, ""1D Max"": 23806.51, ""Call Resistance 0DTE"": 23750.0, ""Put Support 0DTE"": 23625.0, ""HVL 0DTE"": 23250.0, ""Gamma Wall 0DTE"": 23750.0, ""GEX 1"": 23800.0, ""GEX 2"": 23600.0, ""GEX 3"": 23450.0, ""GEX 4"": 23425.0, ""GEX 5"": 23475.0, ""GEX 6"": 24000.0, ""GEX 7"": 23900.0, ""GEX 8"": 23200.0, ""GEX 9"": 23325.0, ""GEX 10"": 23350.0}",positive,1528003.2349350327,0.4015444015444015,223.7599999999984,42008487,False,True,,outside_cash,above,Call Resistance,23500.0,4.5,0.02011083303539521,GEX 5,23475.0,20.5,0.09161601716124484,False,all_19,-0.3564086521272818,0.3564086521272818,False,False,evaluated,none
39839467-dbd1-5160-97d6-aa339ba7a322,,,2025-08-25T11:55:00+00:00,23499.25,0.25,2025-08-25,2025-08-22,aeb8bad860db92863af8c5db289eb426dcf765061783264e1a527cd39dac9553,"{""Call Resistance"": 23500.0, ""Put Support"": 23000.0, ""HVL"": 23300.0, ""1D Min"": 23358.99, ""1D Max"": 23806.51, ""Call Resistance 0DTE"": 23750.0, ""Put Support 0DTE"": 23625.0, ""HVL 0DTE"": 23250.0, ""Gamma Wall 0DTE"": 23750.0, ""GEX 1"": 23800.0, ""GEX 2"": 23600.0, ""GEX 3"": 23450.0, ""GEX 4"": 23425.0, ""GEX 5"": 23475.0, ""GEX 6"": 24000.0, ""GEX 7"": 23900.0, ""GEX 8"": 23200.0, ""GEX 9"": 23325.0, ""GEX 10"": 23350.0}",positive,1528003.2349350327,0.4015444015444015,223.7599999999984,42008487,False,True,,outside_cash,above,Call Resistance,23500.0,0.75,0.0033518055058992017,GEX 5,23475.0,24.25,0.10837504469074086,False,all_19,-0.3351805505899202,0.3351805505899202,False,False,evaluated,none
3a1750d6-5651-5d64-89d3-dc2ab27dd2e9,,,2025-08-25T23:02:00+00:00,23513.5,0.25,2025-08-25,,aeb8bad860db92863af8c5db289eb426dcf765061783264e1a527cd39dac9553,"{""Call Resistance"": null, ""Put Support"": null, ""HVL"": null, ""1D Min"": null, ""1D Max"": null, ""Call Resistance 0DTE"": null, ""Put Support 0DTE"": null, ""HVL 0DTE"": null, ""Gamma Wall 0DTE"": null, ""GEX 1"": null, ""GEX 2"": null, ""GEX 3"": null, ""GEX 4"": null, ""GEX 5"": null, ""GEX 6"": null, ""GEX 7"": null, ""GEX 8"": null, ""GEX 9"": null, ""GEX 10"": null}",unknown,,,,42008487,False,False,after_1700,outside_cash,,,,,,,,,,,all_19,,,,,not_applicable_outside_hours,asia
91fef89a-2814-5725-adb6-131eaab4347a,,,2025-08-25T23:04:00+00:00,23516.25,0.25,2025-08-25,,aeb8bad860db92863af8c5db289eb426dcf765061783264e1a527cd39dac9553,"{""Call Resistance"": null, ""Put Support"": null, ""HVL"": null, ""1D Min"": null, ""1D Max"": null, ""Call Resistance 0DTE"": null, ""Put Support 0DTE"": null, ""HVL 0DTE"": null, ""Gamma Wall 0DTE"": null, ""GEX 1"": null, ""GEX 2"": null, ""GEX 3"": null, ""GEX 4"": null, ""GEX 5"": null, ""GEX 6"": null, ""GEX 7"": null, ""GEX 8"": null, ""GEX 9"": null, ""GEX 10"": null}",unknown,,,,42008487,False,False,after_1700,outside_cash,,,,,,,,,,,all_19,,,,,not_applicable_outside_hours,asia
04929e9f-f91d-51ef-99bf-52f646a5a1df,,,2025-08-25T23:08:00+00:00,23510.0,0.25,2025-08-25,,aeb8bad860db92863af8c5db289eb426dcf765061783264e1a527cd39dac9553,"{""Call Resistance"": null, ""Put Support"": null, ""HVL"": null, ""1D Min"": null, ""1D Max"": null, ""Call Resistance 0DTE"": null, ""Put Support 0DTE"": null, ""HVL 0DTE"": null, ""Gamma Wall 0DTE"": null, ""GEX 1"": null, ""GEX 2"": null, ""GEX 3"": null, ""GEX 4"": null, ""GEX 5"": null, ""GEX 6"": null, ""GEX 7"": null, ""GEX 8"": null, ""GEX 9"": null, ""GEX 10"": null}",unknown,,,,42008487,False,False,after_1700,outside_cash,,,,,,,,,,,all_19,,,,,not_applicable_outside_hours,asia
b3acb04f-d5e1-582e-8b05-3f1876c068a2,,,2025-08-25T23:19:00+00:00,23512.0,0.25,2025-08-25,,aeb8bad860db92863af8c5db289eb426dcf765061783264e1a527cd39dac9553,"{""Call Resistance"": null, ""Put Support"": null, ""HVL"": null, ""1D Min"": null, ""1D Max"": null, ""Call Resistance 0DTE"": null, ""Put Support 0DTE"": null, ""HVL 0DTE"": null, ""Gamma Wall 0DTE"": null, ""GEX 1"": null, ""GEX 2"": null, ""GEX 3"": null, ""GEX 4"": null, ""GEX 5"": null, ""GEX 6"": null, ""GEX 7"": null, ""GEX 8"": null, ""GEX 9"": null, ""GEX 10"": null}",unknown,,,,42008487,False,False,after_1700,outside_cash,,,,,,,,,,,all_19,,,,,not_applicable_outside_hours,asia
17f82a87-564a-5924-b69a-259d2addecae,,,2025-08-26T10:50:00+00:00,23495.75,0.25,2025-08-26,,aeb8bad860db92863af8c5db289eb426dcf765061783264e1a527cd39dac9553,"{""Call Resistance"": null, ""Put Support"": null, ""HVL"": null, ""1D Min"": null, ""1D Max"": null, ""Call Resistance 0DTE"": null, ""Put Support 0DTE"": null, ""HVL 0DTE"": null, ""Gamma Wall 0DTE"": null, ""GEX 1"": null, ""GEX 2"": null, ""GEX 3"": null, ""GEX 4"": null, ""GEX 5"": null, ""GEX 6"": null, ""GEX 7"": null, ""GEX 8"": null, ""GEX 9"": null, ""GEX 10"": null}",unknown,,,,42008487,False,False,before_0600,outside_cash,,,,,,,,,,,all_19,,,,,not_applicable_outside_hours,london
c9119505-c16f-5e16-8855-9b62bb9e1a4d,,,2025-08-26T10:51:00+00:00,23496.25,0.25,2025-08-26,,aeb8bad860db92863af8c5db289eb426dcf765061783264e1a527cd39dac9553,"{""Call Resistance"": null, ""Put Support"": null, ""HVL"": null, ""1D Min"": null, ""1D Max"": null, ""Call Resistance 0DTE"": null, ""Put Support 0DTE"": null, ""HVL 0DTE"": null, ""Gamma Wall 0DTE"": null, ""GEX 1"": null, ""GEX 2"": null, ""GEX 3"": null, ""GEX 4"": null, ""GEX 5"": null, ""GEX 6"": null, ""GEX 7"": null, ""GEX 8"": null, ""GEX 9"": null, ""GEX 10"": null}",unknown,,,,42008487,False,False,before_0600,outside_cash,,,,,,,,,,,all_19,,,,,not_applicable_outside_hours,london
adc2b1cc-a632-5cc7-a961-1cf2fbbea07c,39aed9a7-67ef-5fb8-bb46-60cfee4bcddc,05494812-297b-5040-9265-6ac23d0c60b1,2025-08-26T17:58:00+00:00,23501.0,0.25,2025-08-26,2025-08-25,aeb8bad860db92863af8c5db289eb426dcf765061783264e1a527cd39dac9553,"{""Call Resistance"": 23500.0, ""Put Support"": 23000.0, ""HVL"": 23490.0, ""1D Min"": 23271.42, ""1D Max"": 23733.08, ""Call Resistance 0DTE"": 23650.0, ""Put Support 0DTE"": 23450.0, ""HVL 0DTE"": 23490.0, ""Gamma Wall 0DTE"": 23650.0, ""GEX 1"": 23400.0, ""GEX 2"": 23300.0, ""GEX 3"": 23700.0, ""GEX 4"": 23625.0, ""GEX 5"": 23600.0, ""GEX 6"": 23800.0, ""GEX 7"": 23750.0, ""GEX 8"": 23100.0, ""GEX 9"": 23900.0, ""GEX 10"": 23950.0}",positive,852028.4634433782,0.33976833976833976,230.83000000000175,42008487,False,True,,s3_1200_1330,above,GEX 5,23600.0,99.0,0.42888705974093166,Call Resistance,23500.0,1.0,0.004332192522635673,False,all_19,-0.061733743447558345,0.061733743447558345,False,False,evaluated,ny
118fd3f1-d1be-5859-a0ca-eb6ffeb0a1c7,,,2025-08-26T17:58:00+00:00,23501.0,0.25,2025-08-26,2025-08-25,aeb8bad860db92863af8c5db289eb426dcf765061783264e1a527cd39dac9553,"{""Call Resistance"": 23500.0, ""Put Support"": 23000.0, ""HVL"": 23490.0, ""1D Min"": 23271.42, ""1D Max"": 23733.08, ""Call Resistance 0DTE"": 23650.0, ""Put Support 0DTE"": 23450.0, ""HVL 0DTE"": 23490.0, ""Gamma Wall 0DTE"": 23650.0, ""GEX 1"": 23400.0, ""GEX 2"": 23300.0, ""GEX 3"": 23700.0, ""GEX 4"": 23625.0, ""GEX 5"": 23600.0, ""GEX 6"": 23800.0, ""GEX 7"": 23750.0, ""GEX 8"": 23100.0, ""GEX 9"": 23900.0, ""GEX 10"": 23950.0}",positive,852028.4634433782,0.33976833976833976,230.83000000000175,42008487,False,True,,s3_1200_1330,above,GEX 5,23600.0,99.0,0.42888705974093166,Call Resistance,23500.0,1.0,0.004332192522635673,False,all_19,-0.061733743447558345,0.061733743447558345,False,False,evaluated,ny
df401bad-3e62-55f0-b4ba-3b1b362a2796,,,2025-08-26T19:50:00+00:00,23553.5,0.25,2025-08-26,2025-08-25,aeb8bad860db92863af8c5db289eb426dcf765061783264e1a527cd39dac9553,"{""Call Resistance"": 23500.0, ""Put Support"": 23000.0, ""HVL"": 23490.0, ""1D Min"": 23271.42, ""1D Max"": 23733.08, ""Call Resistance 0DTE"": 23650.0, ""Put Support 0DTE"": 23450.0, ""HVL 0DTE"": 23490.0, ""Gamma Wall 0DTE"": 23650.0, ""GEX 1"": 23400.0, ""GEX 2"": 23300.0, ""GEX 3"": 23700.0, ""GEX 4"": 23625.0, ""GEX 5"": 23600.0, ""GEX 6"": 23800.0, ""GEX 7"": 23750.0, ""GEX 8"": 23100.0, ""GEX 9"": 23900.0, ""GEX 10"": 23950.0}",positive,852028.4634433782,0.33976833976833976,230.83000000000175,42008487,False,True,,s4_1330_1510,above,GEX 5,23600.0,46.5,0.2014469523025588,Call Resistance,23500.0,53.5,0.2317722999610085,False,all_19,0.16245721959883774,0.16245721959883774,False,False,evaluated,none
6d4794f3-7147-5340-9d9a-dc1a2c09c8c5,,,2025-08-26T19:52:00+00:00,23584.5,0.25,2025-08-26,2025-08-25,aeb8bad860db92863af8c5db289eb426dcf765061783264e1a527cd39dac9553,"{""Call Resistance"": 23500.0, ""Put Support"": 23000.0, ""HVL"": 23490.0, ""1D Min"": 23271.42, ""1D Max"": 23733.08, ""Call Resistance 0DTE"": 23650.0, ""Put Support 0DTE"": 23450.0, ""HVL 0DTE"": 23490.0, ""Gamma Wall 0DTE"": 23650.0, ""GEX 1"": 23400.0, ""GEX 2"": 23300.0, ""GEX 3"": 23700.0, ""GEX 4"": 23625.0, ""GEX 5"": 23600.0, ""GEX 6"": 23800.0, ""GEX 7"": 23750.0, ""GEX 8"": 23100.0, ""GEX 9"": 23900.0, ""GEX 10"": 23950.0}",positive,852028.4634433782,0.33976833976833976,230.83000000000175,42008487,False,True,,s4_1330_1510,above,GEX 5,23600.0,15.5,0.06714898410085293,Call Resistance,23500.0,84.5,0.3660702681627144,False,all_19,0.3335788242429468,0.3335788242429468,False,False,evaluated,none
279a84a4-0e0f-53e1-b1f4-9ddaf77f05e1,,,2025-08-26T20:08:00+00:00,23600.25,0.25,2025-08-26,2025-08-25,aeb8bad860db92863af8c5db289eb426dcf765061783264e1a527cd39dac9553,"{""Call Resistance"": 23500.0, ""Put Support"": 23000.0, ""HVL"": 23490.0, ""1D Min"": 23271.42, ""1D Max"": 23733.08, ""Call Resistance 0DTE"": 23650.0, ""Put Support 0DTE"": 23450.0, ""HVL 0DTE"": 23490.0, ""Gamma Wall 0DTE"": 23650.0, ""GEX 1"": 23400.0, ""GEX 2"": 23300.0, ""GEX 3"": 23700.0, ""GEX 4"": 23625.0, ""GEX 5"": 23600.0, ""GEX 6"": 23800.0, ""GEX 7"": 23750.0, ""GEX 8"": 23100.0, ""GEX 9"": 23900.0, ""GEX 10"": 23950.0}",positive,852028.4634433782,0.33976833976833976,230.83000000000175,42008487,False,True,,s4_1330_1510,above,GEX 4,23625.0,24.75,0.10722176493523292,GEX 5,23600.0,0.25,0.0010830481306589182,False,all_19,0.38231599012259815,0.38231599012259815,False,False,evaluated,asia
ef6d5e64-815d-5c63-89aa-252e68b8d762,,,2025-08-26T20:09:00+00:00,23606.25,0.25,2025-08-26,2025-08-25,aeb8bad860db92863af8c5db289eb426dcf765061783264e1a527cd39dac9553,"{""Call Resistance"": 23500.0, ""Put Support"": 23000.0, ""HVL"": 23490.0, ""1D Min"": 23271.42, ""1D Max"": 23733.08, ""Call Resistance 0DTE"": 23650.0, ""Put Support 0DTE"": 23450.0, ""HVL 0DTE"": 23490.0, ""Gamma Wall 0DTE"": 23650.0, ""GEX 1"": 23400.0, ""GEX 2"": 23300.0, ""GEX 3"": 23700.0, ""GEX 4"": 23625.0, ""GEX 5"": 23600.0, ""GEX 6"": 23800.0, ""GEX 7"": 23750.0, ""GEX 8"": 23100.0, ""GEX 9"": 23900.0, ""GEX 10"": 23950.0}",positive,852028.4634433782,0.33976833976833976,230.83000000000175,42008487,False,True,,s4_1330_1510,above,GEX 4,23625.0,18.75,0.08122860979941887,GEX 5,23600.0,6.25,0.02707620326647296,False,all_19,0.3888142789065517,0.3888142789065517,False,False,evaluated,asia
b52a9783-46d6-5c47-ad4e-7be9de529365,,,2025-08-26T22:02:00+00:00,23615.0,0.25,2025-08-26,,aeb8bad860db92863af8c5db289eb426dcf765061783264e1a527cd39dac9553,"{""Call Resistance"": null, ""Put Support"": null, ""HVL"": null, ""1D Min"": null, ""1D Max"": null, ""Call Resistance 0DTE"": null, ""Put Support 0DTE"": null, ""HVL 0DTE"": null, ""Gamma Wall 0DTE"": null, ""GEX 1"": null, ""GEX 2"": null, ""GEX 3"": null, ""GEX 4"": null, ""GEX 5"": null, ""GEX 6"": null, ""GEX 7"": null, ""GEX 8"": null, ""GEX 9"": null, ""GEX 10"": null}",unknown,,,,42008487,False,False,after_1700,outside_cash,,,,,,,,,,,all_19,,,,,not_applicable_outside_hours,asia
5892ecc1-376a-5f1a-becd-212d7d679fd4,,,2025-08-27T09:59:00+00:00,23597.25,0.25,2025-08-27,,aeb8bad860db92863af8c5db289eb426dcf765061783264e1a527cd39dac9553,"{""Call Resistance"": null, ""Put Support"": null, ""HVL"": null, ""1D Min"": null, ""1D Max"": null, ""Call Resistance 0DTE"": null, ""Put Support 0DTE"": null, ""HVL 0DTE"": null, ""Gamma Wall 0DTE"": null, ""GEX 1"": null, ""GEX 2"": null, ""GEX 3"": null, ""GEX 4"": null, ""GEX 5"": null, ""GEX 6"": null, ""GEX 7"": null, ""GEX 8"": null, ""GEX 9"": null, ""GEX 10"": null}",unknown,,,,42008487,False,False,before_0600,outside_cash,,,,,,,,,,,all_19,,,,,not_applicable_outside_hours,london
30918a60-935a-539b-89ef-af3eb46aa32e,,,2025-08-27T10:15:00+00:00,23596.0,0.25,2025-08-27,,aeb8bad860db92863af8c5db289eb426dcf765061783264e1a527cd39dac9553,"{""Call Resistance"": null, ""Put Support"": null, ""HVL"": null, ""1D Min"": null, ""1D Max"": null, ""Call Resistance 0DTE"": null, ""Put Support 0DTE"": null, ""HVL 0DTE"": null, ""Gamma Wall 0DTE"": null, ""GEX 1"": null, ""GEX 2"": null, ""GEX 3"": null, ""GEX 4"": null, ""GEX 5"": null, ""GEX 6"": null, ""GEX 7"": null, ""GEX 8"": null, ""GEX 9"": null, ""GEX 10"": null}",unknown,,,,42008487,False,False,before_0600,outside_cash,,,,,,,,,,,all_19,,,,,not_applicable_outside_hours,london
f39fdc21-af0a-579a-9ab9-5d6db977e800,,,2025-08-27T10:24:00+00:00,23596.75,0.25,2025-08-27,,aeb8bad860db92863af8c5db289eb426dcf765061783264e1a527cd39dac9553,"{""Call Resistance"": null, ""Put Support"": null, ""HVL"": null, ""1D Min"": null, ""1D Max"": null, ""Call Resistance 0DTE"": null, ""Put Support 0DTE"": null, ""HVL 0DTE"": null, ""Gamma Wall 0DTE"": null, ""GEX 1"": null, ""GEX 2"": null, ""GEX 3"": null, ""GEX 4"": null, ""GEX 5"": null, ""GEX 6"": null, ""GEX 7"": null, ""GEX 8"": null, ""GEX 9"": null, ""GEX 10"": null}",unknown,,,,42008487,False,False,before_0600,outside_cash,,,,,,,,,,,all_19,,,,,not_applicable_outside_hours,london
be97760b-3d7a-55b1-9a2c-fd9caf45715b,,,2025-08-27T10:28:00+00:00,23602.0,0.25,2025-08-27,,aeb8bad860db92863af8c5db289eb426dcf765061783264e1a527cd39dac9553,"{""Call Resistance"": null, ""Put Support"": null, ""HVL"": null, ""1D Min"": null, ""1D Max"": null, ""Call Resistance 0DTE"": null, ""Put Support 0DTE"": null, ""HVL 0DTE"": null, ""Gamma Wall 0DTE"": null, ""GEX 1"": null, ""GEX 2"": null, ""GEX 3"": null, ""GEX 4"": null, ""GEX 5"": null, ""GEX 6"": null, ""GEX 7"": null, ""GEX 8"": null, ""GEX 9"": null, ""GEX 10"": null}",unknown,,,,42008487,False,False,before_0600,outside_cash,,,,,,,,,,,all_19,,,,,not_applicable_outside_hours,london
3e25f423-f3ea-57c8-abc2-ff8ec8819180,,,2025-08-27T10:42:00+00:00,23602.5,0.25,2025-08-27,,aeb8bad860db92863af8c5db289eb426dcf765061783264e1a527cd39dac9553,"{""Call Resistance"": null, ""Put Support"": null, ""HVL"": null, ""1D Min"": null, ""1D Max"": null, ""Call Resistance 0DTE"": null, ""Put Support 0DTE"": null, ""HVL 0DTE"": null, ""Gamma Wall 0DTE"": null, ""GEX 1"": null, ""GEX 2"": null, ""GEX 3"": null, ""GEX 4"": null, ""GEX 5"": null, ""GEX 6"": null, ""GEX 7"": null, ""GEX 8"": null, ""GEX 9"": null, ""GEX 10"": null}",unknown,,,,42008487,False,False,before_0600,outside_cash,,,,,,,,,,,all_19,,,,,not_applicable_outside_hours,london
46146100-00fa-5847-a3c5-1af87b34d048,,,2025-08-27T10:57:00+00:00,23603.0,0.25,2025-08-27,,aeb8bad860db92863af8c5db289eb426dcf765061783264e1a527cd39dac9553,"{""Call Resistance"": null, ""Put Support"": null, ""HVL"": null, ""1D Min"": null, ""1D Max"": null, ""Call Resistance 0DTE"": null, ""Put Support 0DTE"": null, ""HVL 0DTE"": null, ""Gamma Wall 0DTE"": null, ""GEX 1"": null, ""GEX 2"": null, ""GEX 3"": null, ""GEX 4"": null, ""GEX 5"": null, ""GEX 6"": null, ""GEX 7"": null, ""GEX 8"": null, ""GEX 9"": null, ""GEX 10"": null}",unknown,,,,42008487,False,False,before_0600,outside_cash,,,,,,,,,,,all_19,,,,,not_applicable_outside_hours,london
ff9c9ab3-ec99-5928-aa45-48f8eff28f5e,,,2025-08-27T10:58:00+00:00,23604.75,0.25,2025-08-27,,aeb8bad860db92863af8c5db289eb426dcf765061783264e1a527cd39dac9553,"{""Call Resistance"": null, ""Put Support"": null, ""HVL"": null, ""1D Min"": null, ""1D Max"": null, ""Call Resistance 0DTE"": null, ""Put Support 0DTE"": null, ""HVL 0DTE"": null, ""Gamma Wall 0DTE"": null, ""GEX 1"": null, ""GEX 2"": null, ""GEX 3"": null, ""GEX 4"": null, ""GEX 5"": null, ""GEX 6"": null, ""GEX 7"": null, ""GEX 8"": null, ""GEX 9"": null, ""GEX 10"": null}",unknown,,,,42008487,False,False,before_0600,outside_cash,,,,,,,,,,,all_19,,,,,not_applicable_outside_hours,london
d55b3737-3eee-5768-a579-34d77b7143aa,,,2025-08-27T11:10:00+00:00,23605.0,0.25,2025-08-27,2025-08-26,aeb8bad860db92863af8c5db289eb426dcf765061783264e1a527cd39dac9553,"{""Call Resistance"": 24000.0, ""Put Support"": 23000.0, ""HVL"": 23490.0, ""1D Min"": 23378.39, ""1D Max"": 23836.61, ""Call Resistance 0DTE"": 23600.0, ""Put Support 0DTE"": 23460.0, ""HVL 0DTE"": 23530.0, ""Gamma Wall 0DTE"": 23600.0, ""GEX 1"": 23500.0, ""GEX 2"": 23800.0, ""GEX 3"": 23750.0, ""GEX 4"": 23400.0, ""GEX 5"": 23650.0, ""GEX 6"": 23300.0, ""GEX 7"": 23850.0, ""GEX 8"": 23200.0, ""GEX 9"": 23350.0, ""GEX 10"": 23950.0}",positive,2428220.643301086,0.5637065637065637,229.11000000000058,42008487,False,True,,outside_cash,above,GEX 5,23650.0,45.0,0.19641220374492552,Call Resistance 0DTE|Gamma Wall 0DTE,23600.0,5.0,0.021823578193880613,False,all_19,-0.01636768364541046,0.01636768364541046,False,False,evaluated,none
a27676d6-dad7-579e-9e42-959e95908d95,,,2025-08-27T14:49:00+00:00,23599.25,0.25,2025-08-27,2025-08-26,aeb8bad860db92863af8c5db289eb426dcf765061783264e1a527cd39dac9553,"{""Call Resistance"": 24000.0, ""Put Support"": 23000.0, ""HVL"": 23490.0, ""1D Min"": 23378.39, ""1D Max"": 23836.61, ""Call Resistance 0DTE"": 23600.0, ""Put Support 0DTE"": 23460.0, ""HVL 0DTE"": 23530.0, ""Gamma Wall 0DTE"": 23600.0, ""GEX 1"": 23500.0, ""GEX 2"": 23800.0, ""GEX 3"": 23750.0, ""GEX 4"": 23400.0, ""GEX 5"": 23650.0, ""GEX 6"": 23300.0, ""GEX 7"": 23850.0, ""GEX 8"": 23200.0, ""GEX 9"": 23350.0, ""GEX 10"": 23950.0}",positive,2428220.643301086,0.5637065637065637,229.11000000000058,42008487,False,True,,s1_0830_1000,above,Call Resistance 0DTE|Gamma Wall 0DTE,23600.0,0.75,0.003273536729082092,HVL 0DTE,23530.0,69.25,0.3022565579852465,False,all_19,-0.030553009471432857,0.030553009471432857,False,False,evaluated,ny
c1edeecf-3114-56c9-862a-57454ab32486,,,2025-08-27T14:49:00+00:00,23599.25,0.25,2025-08-27,2025-08-26,aeb8bad860db92863af8c5db289eb426dcf765061783264e1a527cd39dac9553,"{""Call Resistance"": 24000.0, ""Put Support"": 23000.0, ""HVL"": 23490.0, ""1D Min"": 23378.39, ""1D Max"": 23836.61, ""Call Resistance 0DTE"": 23600.0, ""Put Support 0DTE"": 23460.0, ""HVL 0DTE"": 23530.0, ""Gamma Wall 0DTE"": 23600.0, ""GEX 1"": 23500.0, ""GEX 2"": 23800.0, ""GEX 3"": 23750.0, ""GEX 4"": 23400.0, ""GEX 5"": 23650.0, ""GEX 6"": 23300.0, ""GEX 7"": 23850.0, ""GEX 8"": 23200.0, ""GEX 9"": 23350.0, ""GEX 10"": 23950.0}",positive,2428220.643301086,0.5637065637065637,229.11000000000058,42008487,False,True,,s1_0830_1000,above,Call Resistance 0DTE|Gamma Wall 0DTE,23600.0,0.75,0.003273536729082092,HVL 0DTE,23530.0,69.25,0.3022565579852465,False,all_19,-0.030553009471432857,0.030553009471432857,False,False,evaluated,ny
21929c9b-f353-59fc-94a3-835b51d105d2,,,2025-08-27T14:55:00+00:00,23601.25,0.25,2025-08-27,2025-08-26,aeb8bad860db92863af8c5db289eb426dcf765061783264e1a527cd39dac9553,"{""Call Resistance"": 24000.0, ""Put Support"": 23000.0, ""HVL"": 23490.0, ""1D Min"": 23378.39, ""1D Max"": 23836.61, ""Call Resistance 0DTE"": 23600.0, ""Put Support 0DTE"": 23460.0, ""HVL 0DTE"": 23530.0, ""Gamma Wall 0DTE"": 23600.0, ""GEX 1"": 23500.0, ""GEX 2"": 23800.0, ""GEX 3"": 23750.0, ""GEX 4"": 23400.0, ""GEX 5"": 23650.0, ""GEX 6"": 23300.0, ""GEX 7"": 23850.0, ""GEX 8"": 23200.0, ""GEX 9"": 23350.0, ""GEX 10"": 23950.0}",positive,2428220.643301086,0.5637065637065637,229.11000000000058,42008487,False,True,,s1_0830_1000,above,GEX 5,23650.0,48.75,0.212779887390336,Call Resistance 0DTE|Gamma Wall 0DTE,23600.0,1.25,0.005455894548470153,False,all_19,-0.019641220374492552,0.019641220374492552,False,False,evaluated,ny
b4c2d923-4ae7-548a-a420-f7d4af667111,e816eb7a-88af-56c9-8df3-e26d3b88bd7e,56f3d07b-1ddc-5c13-a0cd-0604e32682dc,2025-08-27T15:24:00+00:00,23605.0,0.25,2025-08-27,2025-08-26,aeb8bad860db92863af8c5db289eb426dcf765061783264e1a527cd39dac9553,"{""Call Resistance"": 24000.0, ""Put Support"": 23000.0, ""HVL"": 23490.0, ""1D Min"": 23378.39, ""1D Max"": 23836.61, ""Call Resistance 0DTE"": 23600.0, ""Put Support 0DTE"": 23460.0, ""HVL 0DTE"": 23530.0, ""Gamma Wall 0DTE"": 23600.0, ""GEX 1"": 23500.0, ""GEX 2"": 23800.0, ""GEX 3"": 23750.0, ""GEX 4"": 23400.0, ""GEX 5"": 23650.0, ""GEX 6"": 23300.0, ""GEX 7"": 23850.0, ""GEX 8"": 23200.0, ""GEX 9"": 23350.0, ""GEX 10"": 23950.0}",positive,2428220.643301086,0.5637065637065637,229.11000000000058,42008487,False,True,,s2_1000_1200,above,GEX 5,23650.0,45.0,0.19641220374492552,Call Resistance 0DTE|Gamma Wall 0DTE,23600.0,5.0,0.021823578193880613,False,all_19,0.003273536729082092,0.003273536729082092,False,False,evaluated,ny
02dce19a-d20c-56bc-8b61-f1b8a7196b8c,,,2025-08-27T17:30:00+00:00,23602.0,0.25,2025-08-27,2025-08-26,aeb8bad860db92863af8c5db289eb426dcf765061783264e1a527cd39dac9553,"{""Call Resistance"": 24000.0, ""Put Support"": 23000.0, ""HVL"": 23490.0, ""1D Min"": 23378.39, ""1D Max"": 23836.61, ""Call Resistance 0DTE"": 23600.0, ""Put Support 0DTE"": 23460.0, ""HVL 0DTE"": 23530.0, ""Gamma Wall 0DTE"": 23600.0, ""GEX 1"": 23500.0, ""GEX 2"": 23800.0, ""GEX 3"": 23750.0, ""GEX 4"": 23400.0, ""GEX 5"": 23650.0, ""GEX 6"": 23300.0, ""GEX 7"": 23850.0, ""GEX 8"": 23200.0, ""GEX 9"": 23350.0, ""GEX 10"": 23950.0}",positive,2428220.643301086,0.5637065637065637,229.11000000000058,42008487,False,True,,s3_1200_1330,above,GEX 5,23650.0,48.0,0.2095063506612539,Call Resistance 0DTE|Gamma Wall 0DTE,23600.0,2.0,0.008729431277552246,False,all_19,-0.014185325826022398,0.014185325826022398,False,False,evaluated,ny
4af9495a-d0d0-5f9b-a040-0b9470b1df88,c781ccf5-06eb-50d1-b959-dbffa6adb0b5,254e7197-963f-5352-b497-d09e68e4d4e0,2025-08-27T17:41:00+00:00,23614.75,0.25,2025-08-27,2025-08-26,aeb8bad860db92863af8c5db289eb426dcf765061783264e1a527cd39dac9553,"{""Call Resistance"": 24000.0, ""Put Support"": 23000.0, ""HVL"": 23490.0, ""1D Min"": 23378.39, ""1D Max"": 23836.61, ""Call Resistance 0DTE"": 23600.0, ""Put Support 0DTE"": 23460.0, ""HVL 0DTE"": 23530.0, ""Gamma Wall 0DTE"": 23600.0, ""GEX 1"": 23500.0, ""GEX 2"": 23800.0, ""GEX 3"": 23750.0, ""GEX 4"": 23400.0, ""GEX 5"": 23650.0, ""GEX 6"": 23300.0, ""GEX 7"": 23850.0, ""GEX 8"": 23200.0, ""GEX 9"": 23350.0, ""GEX 10"": 23950.0}",positive,2428220.643301086,0.5637065637065637,229.11000000000058,42008487,False,True,,s3_1200_1330,above,GEX 5,23650.0,35.25,0.15385622626685833,Call Resistance 0DTE|Gamma Wall 0DTE,23600.0,14.75,0.06437955567194781,False,all_19,0.03273536729082092,0.03273536729082092,False,False,evaluated,ny
446e6ee1-45e9-581d-91aa-31965317789d,,,2025-08-27T17:53:00+00:00,23619.75,0.25,2025-08-27,2025-08-26,aeb8bad860db92863af8c5db289eb426dcf765061783264e1a527cd39dac9553,"{""Call Resistance"": 24000.0, ""Put Support"": 23000.0, ""HVL"": 23490.0, ""1D Min"": 23378.39, ""1D Max"": 23836.61, ""Call Resistance 0DTE"": 23600.0, ""Put Support 0DTE"": 23460.0, ""HVL 0DTE"": 23530.0, ""Gamma Wall 0DTE"": 23600.0, ""GEX 1"": 23500.0, ""GEX 2"": 23800.0, ""GEX 3"": 23750.0, ""GEX 4"": 23400.0, ""GEX 5"": 23650.0, ""GEX 6"": 23300.0, ""GEX 7"": 23850.0, ""GEX 8"": 23200.0, ""GEX 9"": 23350.0, ""GEX 10"": 23950.0}",positive,2428220.643301086,0.5637065637065637,229.11000000000058,42008487,False,True,,s3_1200_1330,above,GEX 5,23650.0,30.25,0.1320326480729777,Call Resistance 0DTE|Gamma Wall 0DTE,23600.0,19.75,0.08620313386582842,False,all_19,0.06001484003317169,0.06001484003317169,False,False,evaluated,ny
dfe9b79c-f734-5af0-9bce-7634553cf01e,,,2025-08-27T17:59:00+00:00,23624.25,0.25,2025-08-27,2025-08-26,aeb8bad860db92863af8c5db289eb426dcf765061783264e1a527cd39dac9553,"{""Call Resistance"": 24000.0, ""Put Support"": 23000.0, ""HVL"": 23490.0, ""1D Min"": 23378.39, ""1D Max"": 23836.61, ""Call Resistance 0DTE"": 23600.0, ""Put Support 0DTE"": 23460.0, ""HVL 0DTE"": 23530.0, ""Gamma Wall 0DTE"": 23600.0, ""GEX 1"": 23500.0, ""GEX 2"": 23800.0, ""GEX 3"": 23750.0, ""GEX 4"": 23400.0, ""GEX 5"": 23650.0, ""GEX 6"": 23300.0, ""GEX 7"": 23850.0, ""GEX 8"": 23200.0, ""GEX 9"": 23350.0, ""GEX 10"": 23950.0}",positive,2428220.643301086,0.5637065637065637,229.11000000000058,42008487,False,True,,s3_1200_1330,above,GEX 5,23650.0,25.75,0.11239142769848516,Call Resistance 0DTE|Gamma Wall 0DTE,23600.0,24.25,0.10584435424032097,False,all_19,0.06874427131072393,0.06874427131072393,False,False,evaluated,ny
fb8e8d25-9e0f-5b6f-83db-d9282e75e215,,,2025-08-27T18:09:00+00:00,23625.0,0.25,2025-08-27,2025-08-26,aeb8bad860db92863af8c5db289eb426dcf765061783264e1a527cd39dac9553,"{""Call Resistance"": 24000.0, ""Put Support"": 23000.0, ""HVL"": 23490.0, ""1D Min"": 23378.39, ""1D Max"": 23836.61, ""Call Resistance 0DTE"": 23600.0, ""Put Support 0DTE"": 23460.0, ""HVL 0DTE"": 23530.0, ""Gamma Wall 0DTE"": 23600.0, ""GEX 1"": 23500.0, ""GEX 2"": 23800.0, ""GEX 3"": 23750.0, ""GEX 4"": 23400.0, ""GEX 5"": 23650.0, ""GEX 6"": 23300.0, ""GEX 7"": 23850.0, ""GEX 8"": 23200.0, ""GEX 9"": 23350.0, ""GEX 10"": 23950.0}",positive,2428220.643301086,0.5637065637065637,229.11000000000058,42008487,False,True,,s3_1200_1330,above,GEX 5,23650.0,25.0,0.10911789096940307,Call Resistance 0DTE|Gamma Wall 0DTE,23600.0,25.0,0.10911789096940307,False,all_19,0.0818384182270523,0.0818384182270523,False,False,evaluated,none
2817535a-104b-52e5-8d17-dffb735baa7f,,,2025-08-27T18:14:00+00:00,23641.25,0.25,2025-08-27,2025-08-26,aeb8bad860db92863af8c5db289eb426dcf765061783264e1a527cd39dac9553,"{""Call Resistance"": 24000.0, ""Put Support"": 23000.0, ""HVL"": 23490.0, ""1D Min"": 23378.39, ""1D Max"": 23836.61, ""Call Resistance 0DTE"": 23600.0, ""Put Support 0DTE"": 23460.0, ""HVL 0DTE"": 23530.0, ""Gamma Wall 0DTE"": 23600.0, ""GEX 1"": 23500.0, ""GEX 2"": 23800.0, ""GEX 3"": 23750.0, ""GEX 4"": 23400.0, ""GEX 5"": 23650.0, ""GEX 6"": 23300.0, ""GEX 7"": 23850.0, ""GEX 8"": 23200.0, ""GEX 9"": 23350.0, ""GEX 10"": 23950.0}",positive,2428220.643301086,0.5637065637065637,229.11000000000058,42008487,False,True,,s3_1200_1330,above,GEX 5,23650.0,8.75,0.03819126183929107,Call Resistance 0DTE|Gamma Wall 0DTE,23600.0,41.25,0.18004452009951505,False,all_19,0.11893850115664935,0.11893850115664935,False,False,evaluated,none
dae106c5-455d-5449-b97c-ce8210628bea,,,2025-08-27T22:52:00+00:00,23531.0,0.25,2025-08-27,,aeb8bad860db92863af8c5db289eb426dcf765061783264e1a527cd39dac9553,"{""Call Resistance"": null, ""Put Support"": null, ""HVL"": null, ""1D Min"": null, ""1D Max"": null, ""Call Resistance 0DTE"": null, ""Put Support 0DTE"": null, ""HVL 0DTE"": null, ""Gamma Wall 0DTE"": null, ""GEX 1"": null, ""GEX 2"": null, ""GEX 3"": null, ""GEX 4"": null, ""GEX 5"": null, ""GEX 6"": null, ""GEX 7"": null, ""GEX 8"": null, ""GEX 9"": null, ""GEX 10"": null}",unknown,,,,42008487,False,False,after_1700,outside_cash,,,,,,,,,,,all_19,,,,,not_applicable_outside_hours,asia
25ceed9f-7b91-5840-a85e-75905bdaaf4a,,,2025-08-27T22:53:00+00:00,23531.75,0.25,2025-08-27,,aeb8bad860db92863af8c5db289eb426dcf765061783264e1a527cd39dac9553,"{""Call Resistance"": null, ""Put Support"": null, ""HVL"": null, ""1D Min"": null, ""1D Max"": null, ""Call Resistance 0DTE"": null, ""Put Support 0DTE"": null, ""HVL 0DTE"": null, ""Gamma Wall 0DTE"": null, ""GEX 1"": null, ""GEX 2"": null, ""GEX 3"": null, ""GEX 4"": null, ""GEX 5"": null, ""GEX 6"": null, ""GEX 7"": null, ""GEX 8"": null, ""GEX 9"": null, ""GEX 10"": null}",unknown,,,,42008487,False,False,after_1700,outside_cash,,,,,,,,,,,all_19,,,,,not_applicable_outside_hours,asia
bc7eb5ec-3d61-5d68-977e-cabc61c37687,,,2025-08-27T22:55:00+00:00,23524.75,0.25,2025-08-27,,aeb8bad860db92863af8c5db289eb426dcf765061783264e1a527cd39dac9553,"{""Call Resistance"": null, ""Put Support"": null, ""HVL"": null, ""1D Min"": null, ""1D Max"": null, ""Call Resistance 0DTE"": null, ""Put Support 0DTE"": null, ""HVL 0DTE"": null, ""Gamma Wall 0DTE"": null, ""GEX 1"": null, ""GEX 2"": null, ""GEX 3"": null, ""GEX 4"": null, ""GEX 5"": null, ""GEX 6"": null, ""GEX 7"": null, ""GEX 8"": null, ""GEX 9"": null, ""GEX 10"": null}",unknown,,,,42008487,False,False,after_1700,outside_cash,,,,,,,,,,,all_19,,,,,not_applicable_outside_hours,asia
94ec9858-d202-574f-a4a6-0c27d075ac59,,,2025-08-28T01:28:00+00:00,23529.25,0.25,2025-08-27,,aeb8bad860db92863af8c5db289eb426dcf765061783264e1a527cd39dac9553,"{""Call Resistance"": null, ""Put Support"": null, ""HVL"": null, ""1D Min"": null, ""1D Max"": null, ""Call Resistance 0DTE"": null, ""Put Support 0DTE"": null, ""HVL 0DTE"": null, ""Gamma Wall 0DTE"": null, ""GEX 1"": null, ""GEX 2"": null, ""GEX 3"": null, ""GEX 4"": null, ""GEX 5"": null, ""GEX 6"": null, ""GEX 7"": null, ""GEX 8"": null, ""GEX 9"": null, ""GEX 10"": null}",unknown,,,,42008487,False,False,after_1700,outside_cash,,,,,,,,,,,all_19,,,,,not_applicable_outside_hours,asia
e7f750d6-5083-5786-b61b-3cf5214efea1,,,2025-08-28T01:28:00+00:00,23529.25,0.25,2025-08-27,,aeb8bad860db92863af8c5db289eb426dcf765061783264e1a527cd39dac9553,"{""Call Resistance"": null, ""Put Support"": null, ""HVL"": null, ""1D Min"": null, ""1D Max"": null, ""Call Resistance 0DTE"": null, ""Put Support 0DTE"": null, ""HVL 0DTE"": null, ""Gamma Wall 0DTE"": null, ""GEX 1"": null, ""GEX 2"": null, ""GEX 3"": null, ""GEX 4"": null, ""GEX 5"": null, ""GEX 6"": null, ""GEX 7"": null, ""GEX 8"": null, ""GEX 9"": null, ""GEX 10"": null}",unknown,,,,42008487,False,False,after_1700,outside_cash,,,,,,,,,,,all_19,,,,,not_applicable_outside_hours,asia
deacc2e7-2053-52e6-8f1f-763cd425e718,,,2025-08-28T01:39:00+00:00,23533.5,0.25,2025-08-27,,aeb8bad860db92863af8c5db289eb426dcf765061783264e1a527cd39dac9553,"{""Call Resistance"": null, ""Put Support"": null, ""HVL"": null, ""1D Min"": null, ""1D Max"": null, ""Call Resistance 0DTE"": null, ""Put Support 0DTE"": null, ""HVL 0DTE"": null, ""Gamma Wall 0DTE"": null, ""GEX 1"": null, ""GEX 2"": null, ""GEX 3"": null, ""GEX 4"": null, ""GEX 5"": null, ""GEX 6"": null, ""GEX 7"": null, ""GEX 8"": null, ""GEX 9"": null, ""GEX 10"": null}",unknown,,,,42008487,False,False,after_1700,outside_cash,,,,,,,,,,,all_19,,,,,not_applicable_outside_hours,asia
9534493c-b4ae-5761-8eac-a3ee924e38c3,,,2025-08-28T01:55:00+00:00,23548.25,0.25,2025-08-27,,aeb8bad860db92863af8c5db289eb426dcf765061783264e1a527cd39dac9553,"{""Call Resistance"": null, ""Put Support"": null, ""HVL"": null, ""1D Min"": null, ""1D Max"": null, ""Call Resistance 0DTE"": null, ""Put Support 0DTE"": null, ""HVL 0DTE"": null, ""Gamma Wall 0DTE"": null, ""GEX 1"": null, ""GEX 2"": null, ""GEX 3"": null, ""GEX 4"": null, ""GEX 5"": null, ""GEX 6"": null, ""GEX 7"": null, ""GEX 8"": null, ""GEX 9"": null, ""GEX 10"": null}",unknown,,,,42008487,False,False,after_1700,outside_cash,,,,,,,,,,,all_19,,,,,not_applicable_outside_hours,asia
98d254d6-e775-5e34-9bc0-83148dc59baa,,,2025-08-28T02:05:00+00:00,23550.0,0.25,2025-08-27,,aeb8bad860db92863af8c5db289eb426dcf765061783264e1a527cd39dac9553,"{""Call Resistance"": null, ""Put Support"": null, ""HVL"": null, ""1D Min"": null, ""1D Max"": null, ""Call Resistance 0DTE"": null, ""Put Support 0DTE"": null, ""HVL 0DTE"": null, ""Gamma Wall 0DTE"": null, ""GEX 1"": null, ""GEX 2"": null, ""GEX 3"": null, ""GEX 4"": null, ""GEX 5"": null, ""GEX 6"": null, ""GEX 7"": null, ""GEX 8"": null, ""GEX 9"": null, ""GEX 10"": null}",unknown,,,,42008487,False,False,after_1700,outside_cash,,,,,,,,,,,all_19,,,,,not_applicable_outside_hours,asia
e8b97cb4-75a8-51dd-9365-44a95adfad38,,,2025-08-28T02:19:00+00:00,23556.5,0.25,2025-08-27,,aeb8bad860db92863af8c5db289eb426dcf765061783264e1a527cd39dac9553,"{""Call Resistance"": null, ""Put Support"": null, ""HVL"": null, ""1D Min"": null, ""1D Max"": null, ""Call Resistance 0DTE"": null, ""Put Support 0DTE"": null, ""HVL 0DTE"": null, ""Gamma Wall 0DTE"": null, ""GEX 1"": null, ""GEX 2"": null, ""GEX 3"": null, ""GEX 4"": null, ""GEX 5"": null, ""GEX 6"": null, ""GEX 7"": null, ""GEX 8"": null, ""GEX 9"": null, ""GEX 10"": null}",unknown,,,,42008487,False,False,after_1700,outside_cash,,,,,,,,,,,all_19,,,,,not_applicable_outside_hours,asia
724d9b03-1564-56ad-aa4d-4cafe2a85245,,,2025-08-28T02:20:00+00:00,23557.0,0.25,2025-08-27,,aeb8bad860db92863af8c5db289eb426dcf765061783264e1a527cd39dac9553,"{""Call Resistance"": null, ""Put Support"": null, ""HVL"": null, ""1D Min"": null, ""1D Max"": null, ""Call Resistance 0DTE"": null, ""Put Support 0DTE"": null, ""HVL 0DTE"": null, ""Gamma Wall 0DTE"": null, ""GEX 1"": null, ""GEX 2"": null, ""GEX 3"": null, ""GEX 4"": null, ""GEX 5"": null, ""GEX 6"": null, ""GEX 7"": null, ""GEX 8"": null, ""GEX 9"": null, ""GEX 10"": null}",unknown,,,,42008487,False,False,after_1700,outside_cash,,,,,,,,,,,all_19,,,,,not_applicable_outside_hours,asia
7f2c6a8e-d82c-5dc1-9135-23c02079cc4f,,,2025-08-28T02:42:00+00:00,23556.25,0.25,2025-08-27,,aeb8bad860db92863af8c5db289eb426dcf765061783264e1a527cd39dac9553,"{""Call Resistance"": null, ""Put Support"": null, ""HVL"": null, ""1D Min"": null, ""1D Max"": null, ""Call Resistance 0DTE"": null, ""Put Support 0DTE"": null, ""HVL 0DTE"": null, ""Gamma Wall 0DTE"": null, ""GEX 1"": null, ""GEX 2"": null, ""GEX 3"": null, ""GEX 4"": null, ""GEX 5"": null, ""GEX 6"": null, ""GEX 7"": null, ""GEX 8"": null, ""GEX 9"": null, ""GEX 10"": null}",unknown,,,,42008487,False,False,after_1700,outside_cash,,,,,,,,,,,all_19,,,,,not_applicable_outside_hours,asia
e9c04eae-e985-5b54-9e08-b45fc28a7c14,,,2025-08-28T02:43:00+00:00,23555.5,0.25,2025-08-27,,aeb8bad860db92863af8c5db289eb426dcf765061783264e1a527cd39dac9553,"{""Call Resistance"": null, ""Put Support"": null, ""HVL"": null, ""1D Min"": null, ""1D Max"": null, ""Call Resistance 0DTE"": null, ""Put Support 0DTE"": null, ""HVL 0DTE"": null, ""Gamma Wall 0DTE"": null, ""GEX 1"": null, ""GEX 2"": null, ""GEX 3"": null, ""GEX 4"": null, ""GEX 5"": null, ""GEX 6"": null, ""GEX 7"": null, ""GEX 8"": null, ""GEX 9"": null, ""GEX 10"": null}",unknown,,,,42008487,False,False,after_1700,outside_cash,,,,,,,,,,,all_19,,,,,not_applicable_outside_hours,asia
55d40716-f100-57b5-aae1-2f3f6e1606de,,,2025-08-28T03:26:00+00:00,23576.5,0.25,2025-08-27,,aeb8bad860db92863af8c5db289eb426dcf765061783264e1a527cd39dac9553,"{""Call Resistance"": null, ""Put Support"": null, ""HVL"": null, ""1D Min"": null, ""1D Max"": null, ""Call Resistance 0DTE"": null, ""Put Support 0DTE"": null, ""HVL 0DTE"": null, ""Gamma Wall 0DTE"": null, ""GEX 1"": null, ""GEX 2"": null, ""GEX 3"": null, ""GEX 4"": null, ""GEX 5"": null, ""GEX 6"": null, ""GEX 7"": null, ""GEX 8"": null, ""GEX 9"": null, ""GEX 10"": null}",unknown,,,,42008487,False,False,after_1700,outside_cash,,,,,,,,,,,all_19,,,,,not_applicable_outside_hours,asia
caf8e203-1953-5494-ab80-e2839d674ffb,,,2025-08-28T03:44:00+00:00,23573.25,0.25,2025-08-27,,aeb8bad860db92863af8c5db289eb426dcf765061783264e1a527cd39dac9553,"{""Call Resistance"": null, ""Put Support"": null, ""HVL"": null, ""1D Min"": null, ""1D Max"": null, ""Call Resistance 0DTE"": null, ""Put Support 0DTE"": null, ""HVL 0DTE"": null, ""Gamma Wall 0DTE"": null, ""GEX 1"": null, ""GEX 2"": null, ""GEX 3"": null, ""GEX 4"": null, ""GEX 5"": null, ""GEX 6"": null, ""GEX 7"": null, ""GEX 8"": null, ""GEX 9"": null, ""GEX 10"": null}",unknown,,,,42008487,False,False,after_1700,outside_cash,,,,,,,,,,,all_19,,,,,not_applicable_outside_hours,asia
d487aba1-9f7d-5837-abc6-4d5779af2f56,,,2025-09-03T03:16:00+00:00,23326.5,0.25,2025-09-02,,aeb8bad860db92863af8c5db289eb426dcf765061783264e1a527cd39dac9553,"{""Call Resistance"": null, ""Put Support"": null, ""HVL"": null, ""1D Min"": null, ""1D Max"": null, ""Call Resistance 0DTE"": null, ""Put Support 0DTE"": null, ""HVL 0DTE"": null, ""Gamma Wall 0DTE"": null, ""GEX 1"": null, ""GEX 2"": null, ""GEX 3"": null, ""GEX 4"": null, ""GEX 5"": null, ""GEX 6"": null, ""GEX 7"": null, ""GEX 8"": null, ""GEX 9"": null, ""GEX 10"": null}",unknown,,,,42008487,False,False,after_1700,outside_cash,,,,,,,,,,,all_19,,,,,not_applicable_outside_hours,asia
1cf35bcd-62ec-5963-88b6-ed5b170d0881,,,2025-09-03T07:04:00+00:00,23357.5,0.25,2025-09-03,,aeb8bad860db92863af8c5db289eb426dcf765061783264e1a527cd39dac9553,"{""Call Resistance"": null, ""Put Support"": null, ""HVL"": null, ""1D Min"": null, ""1D Max"": null, ""Call Resistance 0DTE"": null, ""Put Support 0DTE"": null, ""HVL 0DTE"": null, ""Gamma Wall 0DTE"": null, ""GEX 1"": null, ""GEX 2"": null, ""GEX 3"": null, ""GEX 4"": null, ""GEX 5"": null, ""GEX 6"": null, ""GEX 7"": null, ""GEX 8"": null, ""GEX 9"": null, ""GEX 10"": null}",unknown,,,,42008487,False,False,before_0600,outside_cash,,,,,,,,,,,all_19,,,,,not_applicable_outside_hours,london
73e517cc-564a-54dc-9f4c-07dbdaa1fb6b,,,2025-09-03T07:05:00+00:00,23361.0,0.25,2025-09-03,,aeb8bad860db92863af8c5db289eb426dcf765061783264e1a527cd39dac9553,"{""Call Resistance"": null, ""Put Support"": null, ""HVL"": null, ""1D Min"": null, ""1D Max"": null, ""Call Resistance 0DTE"": null, ""Put Support 0DTE"": null, ""HVL 0DTE"": null, ""Gamma Wall 0DTE"": null, ""GEX 1"": null, ""GEX 2"": null, ""GEX 3"": null, ""GEX 4"": null, ""GEX 5"": null, ""GEX 6"": null, ""GEX 7"": null, ""GEX 8"": null, ""GEX 9"": null, ""GEX 10"": null}",unknown,,,,42008487,False,False,before_0600,outside_cash,,,,,,,,,,,all_19,,,,,not_applicable_outside_hours,london
f52266f3-6ee9-5fe6-a692-bb8e5604eb10,,,2025-09-03T07:08:00+00:00,23350.25,0.25,2025-09-03,,aeb8bad860db92863af8c5db289eb426dcf765061783264e1a527cd39dac9553,"{""Call Resistance"": null, ""Put Support"": null, ""HVL"": null, ""1D Min"": null, ""1D Max"": null, ""Call Resistance 0DTE"": null, ""Put Support 0DTE"": null, ""HVL 0DTE"": null, ""Gamma Wall 0DTE"": null, ""GEX 1"": null, ""GEX 2"": null, ""GEX 3"": null, ""GEX 4"": null, ""GEX 5"": null, ""GEX 6"": null, ""GEX 7"": null, ""GEX 8"": null, ""GEX 9"": null, ""GEX 10"": null}",unknown,,,,42008487,False,False,before_0600,outside_cash,,,,,,,,,,,all_19,,,,,not_applicable_outside_hours,london
dacbeba1-4cb4-54c1-a4a2-72ee009942fa,,,2025-09-03T07:25:00+00:00,23346.75,0.25,2025-09-03,,aeb8bad860db92863af8c5db289eb426dcf765061783264e1a527cd39dac9553,"{""Call Resistance"": null, ""Put Support"": null, ""HVL"": null, ""1D Min"": null, ""1D Max"": null, ""Call Resistance 0DTE"": null, ""Put Support 0DTE"": null, ""HVL 0DTE"": null, ""Gamma Wall 0DTE"": null, ""GEX 1"": null, ""GEX 2"": null, ""GEX 3"": null, ""GEX 4"": null, ""GEX 5"": null, ""GEX 6"": null, ""GEX 7"": null, ""GEX 8"": null, ""GEX 9"": null, ""GEX 10"": null}",unknown,,,,42008487,False,False,before_0600,outside_cash,,,,,,,,,,,all_19,,,,,not_applicable_outside_hours,london
f368c41c-e0ab-5aac-8520-c02e996c4e31,,,2025-09-03T07:26:00+00:00,23344.0,0.25,2025-09-03,,aeb8bad860db92863af8c5db289eb426dcf765061783264e1a527cd39dac9553,"{""Call Resistance"": null, ""Put Support"": null, ""HVL"": null, ""1D Min"": null, ""1D Max"": null, ""Call Resistance 0DTE"": null, ""Put Support 0DTE"": null, ""HVL 0DTE"": null, ""Gamma Wall 0DTE"": null, ""GEX 1"": null, ""GEX 2"": null, ""GEX 3"": null, ""GEX 4"": null, ""GEX 5"": null, ""GEX 6"": null, ""GEX 7"": null, ""GEX 8"": null, ""GEX 9"": null, ""GEX 10"": null}",unknown,,,,42008487,False,False,before_0600,outside_cash,,,,,,,,,,,all_19,,,,,not_applicable_outside_hours,london
fd1ae18c-619b-59df-8584-6fc7e643f0dc,,,2025-09-03T07:29:00+00:00,23359.25,0.25,2025-09-03,,aeb8bad860db92863af8c5db289eb426dcf765061783264e1a527cd39dac9553,"{""Call Resistance"": null, ""Put Support"": null, ""HVL"": null, ""1D Min"": null, ""1D Max"": null, ""Call Resistance 0DTE"": null, ""Put Support 0DTE"": null, ""HVL 0DTE"": null, ""Gamma Wall 0DTE"": null, ""GEX 1"": null, ""GEX 2"": null, ""GEX 3"": null, ""GEX 4"": null, ""GEX 5"": null, ""GEX 6"": null, ""GEX 7"": null, ""GEX 8"": null, ""GEX 9"": null, ""GEX 10"": null}",unknown,,,,42008487,False,False,before_0600,outside_cash,,,,,,,,,,,all_19,,,,,not_applicable_outside_hours,london
fe1d1166-d2fb-51c4-a3f4-8f7847f37acf,,,2025-09-03T07:30:00+00:00,23356.0,0.25,2025-09-03,,aeb8bad860db92863af8c5db289eb426dcf765061783264e1a527cd39dac9553,"{""Call Resistance"": null, ""Put Support"": null, ""HVL"": null, ""1D Min"": null, ""1D Max"": null, ""Call Resistance 0DTE"": null, ""Put Support 0DTE"": null, ""HVL 0DTE"": null, ""Gamma Wall 0DTE"": null, ""GEX 1"": null, ""GEX 2"": null, ""GEX 3"": null, ""GEX 4"": null, ""GEX 5"": null, ""GEX 6"": null, ""GEX 7"": null, ""GEX 8"": null, ""GEX 9"": null, ""GEX 10"": null}",unknown,,,,42008487,False,False,before_0600,outside_cash,,,,,,,,,,,all_19,,,,,not_applicable_outside_hours,london
24ca1ef7-fe93-5ab1-aac6-2d2f604030d5,,,2025-09-03T07:38:00+00:00,23361.75,0.25,2025-09-03,,aeb8bad860db92863af8c5db289eb426dcf765061783264e1a527cd39dac9553,"{""Call Resistance"": null, ""Put Support"": null, ""HVL"": null, ""1D Min"": null, ""1D Max"": null, ""Call Resistance 0DTE"": null, ""Put Support 0DTE"": null, ""HVL 0DTE"": null, ""Gamma Wall 0DTE"": null, ""GEX 1"": null, ""GEX 2"": null, ""GEX 3"": null, ""GEX 4"": null, ""GEX 5"": null, ""GEX 6"": null, ""GEX 7"": null, ""GEX 8"": null, ""GEX 9"": null, ""GEX 10"": null}",unknown,,,,42008487,False,False,before_0600,outside_cash,,,,,,,,,,,all_19,,,,,not_applicable_outside_hours,london
9bcc3b9e-2bcd-56f0-8b23-6cca574e7348,,,2025-09-03T07:39:00+00:00,23361.0,0.25,2025-09-03,,aeb8bad860db92863af8c5db289eb426dcf765061783264e1a527cd39dac9553,"{""Call Resistance"": null, ""Put Support"": null, ""HVL"": null, ""1D Min"": null, ""1D Max"": null, ""Call Resistance 0DTE"": null, ""Put Support 0DTE"": null, ""HVL 0DTE"": null, ""Gamma Wall 0DTE"": null, ""GEX 1"": null, ""GEX 2"": null, ""GEX 3"": null, ""GEX 4"": null, ""GEX 5"": null, ""GEX 6"": null, ""GEX 7"": null, ""GEX 8"": null, ""GEX 9"": null, ""GEX 10"": null}",unknown,,,,42008487,False,False,before_0600,outside_cash,,,,,,,,,,,all_19,,,,,not_applicable_outside_hours,london
15f07d10-4f8b-59cd-8361-72dcf44cc074,,,2025-09-03T07:48:00+00:00,23366.25,0.25,2025-09-03,,aeb8bad860db92863af8c5db289eb426dcf765061783264e1a527cd39dac9553,"{""Call Resistance"": null, ""Put Support"": null, ""HVL"": null, ""1D Min"": null, ""1D Max"": null, ""Call Resistance 0DTE"": null, ""Put Support 0DTE"": null, ""HVL 0DTE"": null, ""Gamma Wall 0DTE"": null, ""GEX 1"": null, ""GEX 2"": null, ""GEX 3"": null, ""GEX 4"": null, ""GEX 5"": null, ""GEX 6"": null, ""GEX 7"": null, ""GEX 8"": null, ""GEX 9"": null, ""GEX 10"": null}",unknown,,,,42008487,False,False,before_0600,outside_cash,,,,,,,,,,,all_19,,,,,not_applicable_outside_hours,london
634fd502-a94f-5e5a-8b2e-e20642612d44,,,2025-09-03T07:53:00+00:00,23373.25,0.25,2025-09-03,,aeb8bad860db92863af8c5db289eb426dcf765061783264e1a527cd39dac9553,"{""Call Resistance"": null, ""Put Support"": null, ""HVL"": null, ""1D Min"": null, ""1D Max"": null, ""Call Resistance 0DTE"": null, ""Put Support 0DTE"": null, ""HVL 0DTE"": null, ""Gamma Wall 0DTE"": null, ""GEX 1"": null, ""GEX 2"": null, ""GEX 3"": null, ""GEX 4"": null, ""GEX 5"": null, ""GEX 6"": null, ""GEX 7"": null, ""GEX 8"": null, ""GEX 9"": null, ""GEX 10"": null}",unknown,,,,42008487,False,False,before_0600,outside_cash,,,,,,,,,,,all_19,,,,,not_applicable_outside_hours,london
711c619a-0b2c-5eab-9fde-edd1c8ac4511,,,2025-09-03T08:05:00+00:00,23389.5,0.25,2025-09-03,,aeb8bad860db92863af8c5db289eb426dcf765061783264e1a527cd39dac9553,"{""Call Resistance"": null, ""Put Support"": null, ""HVL"": null, ""1D Min"": null, ""1D Max"": null, ""Call Resistance 0DTE"": null, ""Put Support 0DTE"": null, ""HVL 0DTE"": null, ""Gamma Wall 0DTE"": null, ""GEX 1"": null, ""GEX 2"": null, ""GEX 3"": null, ""GEX 4"": null, ""GEX 5"": null, ""GEX 6"": null, ""GEX 7"": null, ""GEX 8"": null, ""GEX 9"": null, ""GEX 10"": null}",unknown,,,,42008487,False,False,before_0600,outside_cash,,,,,,,,,,,all_19,,,,,not_applicable_outside_hours,london
0298fe83-dfcb-5af1-a4f6-d13302bef965,,,2025-09-03T08:06:00+00:00,23388.5,0.25,2025-09-03,,aeb8bad860db92863af8c5db289eb426dcf765061783264e1a527cd39dac9553,"{""Call Resistance"": null, ""Put Support"": null, ""HVL"": null, ""1D Min"": null, ""1D Max"": null, ""Call Resistance 0DTE"": null, ""Put Support 0DTE"": null, ""HVL 0DTE"": null, ""Gamma Wall 0DTE"": null, ""GEX 1"": null, ""GEX 2"": null, ""GEX 3"": null, ""GEX 4"": null, ""GEX 5"": null, ""GEX 6"": null, ""GEX 7"": null, ""GEX 8"": null, ""GEX 9"": null, ""GEX 10"": null}",unknown,,,,42008487,False,False,before_0600,outside_cash,,,,,,,,,,,all_19,,,,,not_applicable_outside_hours,london
b368986f-cbc6-55c6-9976-039fd39919a5,,,2025-09-03T08:09:00+00:00,23399.5,0.25,2025-09-03,,aeb8bad860db92863af8c5db289eb426dcf765061783264e1a527cd39dac9553,"{""Call Resistance"": null, ""Put Support"": null, ""HVL"": null, ""1D Min"": null, ""1D Max"": null, ""Call Resistance 0DTE"": null, ""Put Support 0DTE"": null, ""HVL 0DTE"": null, ""Gamma Wall 0DTE"": null, ""GEX 1"": null, ""GEX 2"": null, ""GEX 3"": null, ""GEX 4"": null, ""GEX 5"": null, ""GEX 6"": null, ""GEX 7"": null, ""GEX 8"": null, ""GEX 9"": null, ""GEX 10"": null}",unknown,,,,42008487,False,False,before_0600,outside_cash,,,,,,,,,,,all_19,,,,,not_applicable_outside_hours,london
3af57a33-cce9-5734-bba9-902382a34c7e,,,2025-09-03T08:10:00+00:00,23403.0,0.25,2025-09-03,,aeb8bad860db92863af8c5db289eb426dcf765061783264e1a527cd39dac9553,"{""Call Resistance"": null, ""Put Support"": null, ""HVL"": null, ""1D Min"": null, ""1D Max"": null, ""Call Resistance 0DTE"": null, ""Put Support 0DTE"": null, ""HVL 0DTE"": null, ""Gamma Wall 0DTE"": null, ""GEX 1"": null, ""GEX 2"": null, ""GEX 3"": null, ""GEX 4"": null, ""GEX 5"": null, ""GEX 6"": null, ""GEX 7"": null, ""GEX 8"": null, ""GEX 9"": null, ""GEX 10"": null}",unknown,,,,42008487,False,False,before_0600,outside_cash,,,,,,,,,,,all_19,,,,,not_applicable_outside_hours,london
46c27491-5ed4-5c55-923e-9bf4b7a8262d,,,2025-09-03T08:15:00+00:00,23412.5,0.25,2025-09-03,,aeb8bad860db92863af8c5db289eb426dcf765061783264e1a527cd39dac9553,"{""Call Resistance"": null, ""Put Support"": null, ""HVL"": null, ""1D Min"": null, ""1D Max"": null, ""Call Resistance 0DTE"": null, ""Put Support 0DTE"": null, ""HVL 0DTE"": null, ""Gamma Wall 0DTE"": null, ""GEX 1"": null, ""GEX 2"": null, ""GEX 3"": null, ""GEX 4"": null, ""GEX 5"": null, ""GEX 6"": null, ""GEX 7"": null, ""GEX 8"": null, ""GEX 9"": null, ""GEX 10"": null}",unknown,,,,42008487,False,False,before_0600,outside_cash,,,,,,,,,,,all_19,,,,,not_applicable_outside_hours,london
c1f7557c-e146-5714-bee0-a857f7417558,,,2025-09-03T08:16:00+00:00,23417.5,0.25,2025-09-03,,aeb8bad860db92863af8c5db289eb426dcf765061783264e1a527cd39dac9553,"{""Call Resistance"": null, ""Put Support"": null, ""HVL"": null, ""1D Min"": null, ""1D Max"": null, ""Call Resistance 0DTE"": null, ""Put Support 0DTE"": null, ""HVL 0DTE"": null, ""Gamma Wall 0DTE"": null, ""GEX 1"": null, ""GEX 2"": null, ""GEX 3"": null, ""GEX 4"": null, ""GEX 5"": null, ""GEX 6"": null, ""GEX 7"": null, ""GEX 8"": null, ""GEX 9"": null, ""GEX 10"": null}",unknown,,,,42008487,False,False,before_0600,outside_cash,,,,,,,,,,,all_19,,,,,not_applicable_outside_hours,london
bef156d9-7f73-5735-97a3-b9afa792c501,,,2026-04-02T23:58:00+00:00,24211.75,0.25,2026-04-02,,aeb8bad860db92863af8c5db289eb426dcf765061783264e1a527cd39dac9553,"{""Call Resistance"": null, ""Put Support"": null, ""HVL"": null, ""1D Min"": null, ""1D Max"": null, ""Call Resistance 0DTE"": null, ""Put Support 0DTE"": null, ""HVL 0DTE"": null, ""Gamma Wall 0DTE"": null, ""GEX 1"": null, ""GEX 2"": null, ""GEX 3"": null, ""GEX 4"": null, ""GEX 5"": null, ""GEX 6"": null, ""GEX 7"": null, ""GEX 8"": null, ""GEX 9"": null, ""GEX 10"": null}",unknown,,,,42004058,False,False,after_1700,outside_cash,,,,,,,,,,,all_19,,,,,not_applicable_outside_hours,asia
b0146873-08b1-5a76-a004-e343a9a077f9,,,2026-04-03T00:01:00+00:00,24228.75,0.25,2026-04-02,,aeb8bad860db92863af8c5db289eb426dcf765061783264e1a527cd39dac9553,"{""Call Resistance"": null, ""Put Support"": null, ""HVL"": null, ""1D Min"": null, ""1D Max"": null, ""Call Resistance 0DTE"": null, ""Put Support 0DTE"": null, ""HVL 0DTE"": null, ""Gamma Wall 0DTE"": null, ""GEX 1"": null, ""GEX 2"": null, ""GEX 3"": null, ""GEX 4"": null, ""GEX 5"": null, ""GEX 6"": null, ""GEX 7"": null, ""GEX 8"": null, ""GEX 9"": null, ""GEX 10"": null}",unknown,,,,42004058,False,False,after_1700,outside_cash,,,,,,,,,,,all_19,,,,,not_applicable_outside_hours,asia
5db4b8cc-9bef-560f-b78e-2c2cdeae227d,,,2026-04-03T00:02:00+00:00,24248.75,0.25,2026-04-02,,aeb8bad860db92863af8c5db289eb426dcf765061783264e1a527cd39dac9553,"{""Call Resistance"": null, ""Put Support"": null, ""HVL"": null, ""1D Min"": null, ""1D Max"": null, ""Call Resistance 0DTE"": null, ""Put Support 0DTE"": null, ""HVL 0DTE"": null, ""Gamma Wall 0DTE"": null, ""GEX 1"": null, ""GEX 2"": null, ""GEX 3"": null, ""GEX 4"": null, ""GEX 5"": null, ""GEX 6"": null, ""GEX 7"": null, ""GEX 8"": null, ""GEX 9"": null, ""GEX 10"": null}",unknown,,,,42004058,False,False,after_1700,outside_cash,,,,,,,,,,,all_19,,,,,not_applicable_outside_hours,asia
d88d0d15-8040-5ea0-8a41-d82364e8072f,,,2026-04-03T00:03:00+00:00,24237.25,0.25,2026-04-02,,aeb8bad860db92863af8c5db289eb426dcf765061783264e1a527cd39dac9553,"{""Call Resistance"": null, ""Put Support"": null, ""HVL"": null, ""1D Min"": null, ""1D Max"": null, ""Call Resistance 0DTE"": null, ""Put Support 0DTE"": null, ""HVL 0DTE"": null, ""Gamma Wall 0DTE"": null, ""GEX 1"": null, ""GEX 2"": null, ""GEX 3"": null, ""GEX 4"": null, ""GEX 5"": null, ""GEX 6"": null, ""GEX 7"": null, ""GEX 8"": null, ""GEX 9"": null, ""GEX 10"": null}",unknown,,,,42004058,False,False,after_1700,outside_cash,,,,,,,,,,,all_19,,,,,not_applicable_outside_hours,asia
e7183efd-0aff-565e-b787-e682bef847c5,,,2026-04-03T00:29:00+00:00,24238.75,0.25,2026-04-02,,aeb8bad860db92863af8c5db289eb426dcf765061783264e1a527cd39dac9553,"{""Call Resistance"": null, ""Put Support"": null, ""HVL"": null, ""1D Min"": null, ""1D Max"": null, ""Call Resistance 0DTE"": null, ""Put Support 0DTE"": null, ""HVL 0DTE"": null, ""Gamma Wall 0DTE"": null, ""GEX 1"": null, ""GEX 2"": null, ""GEX 3"": null, ""GEX 4"": null, ""GEX 5"": null, ""GEX 6"": null, ""GEX 7"": null, ""GEX 8"": null, ""GEX 9"": null, ""GEX 10"": null}",unknown,,,,42004058,False,False,after_1700,outside_cash,,,,,,,,,,,all_19,,,,,not_applicable_outside_hours,asia
8b698948-68a7-5a45-aeb5-38a653ce2d6e,,,2026-04-03T00:58:00+00:00,24225.25,0.25,2026-04-02,,aeb8bad860db92863af8c5db289eb426dcf765061783264e1a527cd39dac9553,"{""Call Resistance"": null, ""Put Support"": null, ""HVL"": null, ""1D Min"": null, ""1D Max"": null, ""Call Resistance 0DTE"": null, ""Put Support 0DTE"": null, ""HVL 0DTE"": null, ""Gamma Wall 0DTE"": null, ""GEX 1"": null, ""GEX 2"": null, ""GEX 3"": null, ""GEX 4"": null, ""GEX 5"": null, ""GEX 6"": null, ""GEX 7"": null, ""GEX 8"": null, ""GEX 9"": null, ""GEX 10"": null}",unknown,,,,42004058,False,False,after_1700,outside_cash,,,,,,,,,,,all_19,,,,,not_applicable_outside_hours,asia
373b37e4-e51b-5456-879a-6e7ce24f6104,,,2026-04-03T01:08:00+00:00,24226.75,0.25,2026-04-02,,aeb8bad860db92863af8c5db289eb426dcf765061783264e1a527cd39dac9553,"{""Call Resistance"": null, ""Put Support"": null, ""HVL"": null, ""1D Min"": null, ""1D Max"": null, ""Call Resistance 0DTE"": null, ""Put Support 0DTE"": null, ""HVL 0DTE"": null, ""Gamma Wall 0DTE"": null, ""GEX 1"": null, ""GEX 2"": null, ""GEX 3"": null, ""GEX 4"": null, ""GEX 5"": null, ""GEX 6"": null, ""GEX 7"": null, ""GEX 8"": null, ""GEX 9"": null, ""GEX 10"": null}",unknown,,,,42004058,False,False,after_1700,outside_cash,,,,,,,,,,,all_19,,,,,not_applicable_outside_hours,asia
69ab358d-8346-5197-a555-3d3009217300,,,2026-04-03T01:14:00+00:00,24211.75,0.25,2026-04-02,,aeb8bad860db92863af8c5db289eb426dcf765061783264e1a527cd39dac9553,"{""Call Resistance"": null, ""Put Support"": null, ""HVL"": null, ""1D Min"": null, ""1D Max"": null, ""Call Resistance 0DTE"": null, ""Put Support 0DTE"": null, ""HVL 0DTE"": null, ""Gamma Wall 0DTE"": null, ""GEX 1"": null, ""GEX 2"": null, ""GEX 3"": null, ""GEX 4"": null, ""GEX 5"": null, ""GEX 6"": null, ""GEX 7"": null, ""GEX 8"": null, ""GEX 9"": null, ""GEX 10"": null}",unknown,,,,42004058,False,False,after_1700,outside_cash,,,,,,,,,,,all_19,,,,,not_applicable_outside_hours,asia
abde1e8b-39e9-5e2a-a98a-adf25e50fd79,,,2026-04-05T22:51:00+00:00,24073.0,0.25,2026-04-05,,aeb8bad860db92863af8c5db289eb426dcf765061783264e1a527cd39dac9553,"{""Call Resistance"": null, ""Put Support"": null, ""HVL"": null, ""1D Min"": null, ""1D Max"": null, ""Call Resistance 0DTE"": null, ""Put Support 0DTE"": null, ""HVL 0DTE"": null, ""Gamma Wall 0DTE"": null, ""GEX 1"": null, ""GEX 2"": null, ""GEX 3"": null, ""GEX 4"": null, ""GEX 5"": null, ""GEX 6"": null, ""GEX 7"": null, ""GEX 8"": null, ""GEX 9"": null, ""GEX 10"": null}",unknown,,,,42004058,False,False,after_1700,outside_cash,,,,,,,,,,,all_19,,,,,not_applicable_outside_hours,asia
6aac4ff6-662f-5ec5-83f7-fe926b9356a6,,,2026-04-05T22:52:00+00:00,24074.75,0.25,2026-04-05,,aeb8bad860db92863af8c5db289eb426dcf765061783264e1a527cd39dac9553,"{""Call Resistance"": null, ""Put Support"": null, ""HVL"": null, ""1D Min"": null, ""1D Max"": null, ""Call Resistance 0DTE"": null, ""Put Support 0DTE"": null, ""HVL 0DTE"": null, ""Gamma Wall 0DTE"": null, ""GEX 1"": null, ""GEX 2"": null, ""GEX 3"": null, ""GEX 4"": null, ""GEX 5"": null, ""GEX 6"": null, ""GEX 7"": null, ""GEX 8"": null, ""GEX 9"": null, ""GEX 10"": null}",unknown,,,,42004058,False,False,after_1700,outside_cash,,,,,,,,,,,all_19,,,,,not_applicable_outside_hours,asia
7b66e846-0206-55d6-a445-ab8cadfe81ef,,,2026-04-05T23:03:00+00:00,24066.25,0.25,2026-04-05,,aeb8bad860db92863af8c5db289eb426dcf765061783264e1a527cd39dac9553,"{""Call Resistance"": null, ""Put Support"": null, ""HVL"": null, ""1D Min"": null, ""1D Max"": null, ""Call Resistance 0DTE"": null, ""Put Support 0DTE"": null, ""HVL 0DTE"": null, ""Gamma Wall 0DTE"": null, ""GEX 1"": null, ""GEX 2"": null, ""GEX 3"": null, ""GEX 4"": null, ""GEX 5"": null, ""GEX 6"": null, ""GEX 7"": null, ""GEX 8"": null, ""GEX 9"": null, ""GEX 10"": null}",unknown,,,,42004058,False,False,after_1700,outside_cash,,,,,,,,,,,all_19,,,,,not_applicable_outside_hours,asia
526e6b54-34f1-51f2-a511-5b2ea1005d06,,,2026-04-05T23:56:00+00:00,24080.0,0.25,2026-04-05,,aeb8bad860db92863af8c5db289eb426dcf765061783264e1a527cd39dac9553,"{""Call Resistance"": null, ""Put Support"": null, ""HVL"": null, ""1D Min"": null, ""1D Max"": null, ""Call Resistance 0DTE"": null, ""Put Support 0DTE"": null, ""HVL 0DTE"": null, ""Gamma Wall 0DTE"": null, ""GEX 1"": null, ""GEX 2"": null, ""GEX 3"": null, ""GEX 4"": null, ""GEX 5"": null, ""GEX 6"": null, ""GEX 7"": null, ""GEX 8"": null, ""GEX 9"": null, ""GEX 10"": null}",unknown,,,,42004058,False,False,after_1700,outside_cash,,,,,,,,,,,all_19,,,,,not_applicable_outside_hours,asia
bb01a421-b0a6-5ece-8696-ee1230047e04,,,2026-04-05T23:58:00+00:00,24087.0,0.25,2026-04-05,,aeb8bad860db92863af8c5db289eb426dcf765061783264e1a527cd39dac9553,"{""Call Resistance"": null, ""Put Support"": null, ""HVL"": null, ""1D Min"": null, ""1D Max"": null, ""Call Resistance 0DTE"": null, ""Put Support 0DTE"": null, ""HVL 0DTE"": null, ""Gamma Wall 0DTE"": null, ""GEX 1"": null, ""GEX 2"": null, ""GEX 3"": null, ""GEX 4"": null, ""GEX 5"": null, ""GEX 6"": null, ""GEX 7"": null, ""GEX 8"": null, ""GEX 9"": null, ""GEX 10"": null}",unknown,,,,42004058,False,False,after_1700,outside_cash,,,,,,,,,,,all_19,,,,,not_applicable_outside_hours,asia
7400fdf5-8dff-520b-85d8-94e51396ca15,,,2026-04-06T00:02:00+00:00,24153.0,0.25,2026-04-05,,aeb8bad860db92863af8c5db289eb426dcf765061783264e1a527cd39dac9553,"{""Call Resistance"": null, ""Put Support"": null, ""HVL"": null, ""1D Min"": null, ""1D Max"": null, ""Call Resistance 0DTE"": null, ""Put Support 0DTE"": null, ""HVL 0DTE"": null, ""Gamma Wall 0DTE"": null, ""GEX 1"": null, ""GEX 2"": null, ""GEX 3"": null, ""GEX 4"": null, ""GEX 5"": null, ""GEX 6"": null, ""GEX 7"": null, ""GEX 8"": null, ""GEX 9"": null, ""GEX 10"": null}",unknown,,,,42004058,False,False,after_1700,outside_cash,,,,,,,,,,,all_19,,,,,not_applicable_outside_hours,asia
64e3376b-4c3d-5559-b322-2f3302034a46,,,2026-04-06T03:48:00+00:00,24205.75,0.25,2026-04-05,,aeb8bad860db92863af8c5db289eb426dcf765061783264e1a527cd39dac9553,"{""Call Resistance"": null, ""Put Support"": null, ""HVL"": null, ""1D Min"": null, ""1D Max"": null, ""Call Resistance 0DTE"": null, ""Put Support 0DTE"": null, ""HVL 0DTE"": null, ""Gamma Wall 0DTE"": null, ""GEX 1"": null, ""GEX 2"": null, ""GEX 3"": null, ""GEX 4"": null, ""GEX 5"": null, ""GEX 6"": null, ""GEX 7"": null, ""GEX 8"": null, ""GEX 9"": null, ""GEX 10"": null}",unknown,,,,42004058,False,False,after_1700,outside_cash,,,,,,,,,,,all_19,,,,,not_applicable_outside_hours,asia
b5a02b18-526d-55aa-8cad-ad8f20edb1cd,,,2026-04-06T04:02:00+00:00,24227.0,0.25,2026-04-05,,aeb8bad860db92863af8c5db289eb426dcf765061783264e1a527cd39dac9553,"{""Call Resistance"": null, ""Put Support"": null, ""HVL"": null, ""1D Min"": null, ""1D Max"": null, ""Call Resistance 0DTE"": null, ""Put Support 0DTE"": null, ""HVL 0DTE"": null, ""Gamma Wall 0DTE"": null, ""GEX 1"": null, ""GEX 2"": null, ""GEX 3"": null, ""GEX 4"": null, ""GEX 5"": null, ""GEX 6"": null, ""GEX 7"": null, ""GEX 8"": null, ""GEX 9"": null, ""GEX 10"": null}",unknown,,,,42004058,False,False,after_1700,outside_cash,,,,,,,,,,,all_19,,,,,not_applicable_outside_hours,asia
75dcd429-3de7-57b5-9f78-c301b62bfdf6,,,2026-04-06T04:03:00+00:00,24224.75,0.25,2026-04-05,,aeb8bad860db92863af8c5db289eb426dcf765061783264e1a527cd39dac9553,"{""Call Resistance"": null, ""Put Support"": null, ""HVL"": null, ""1D Min"": null, ""1D Max"": null, ""Call Resistance 0DTE"": null, ""Put Support 0DTE"": null, ""HVL 0DTE"": null, ""Gamma Wall 0DTE"": null, ""GEX 1"": null, ""GEX 2"": null, ""GEX 3"": null, ""GEX 4"": null, ""GEX 5"": null, ""GEX 6"": null, ""GEX 7"": null, ""GEX 8"": null, ""GEX 9"": null, ""GEX 10"": null}",unknown,,,,42004058,False,False,after_1700,outside_cash,,,,,,,,,,,all_19,,,,,not_applicable_outside_hours,asia
2f89b9d8-c62e-5637-816f-af4ecd87be33,,,2026-04-06T04:13:00+00:00,24227.75,0.25,2026-04-05,,aeb8bad860db92863af8c5db289eb426dcf765061783264e1a527cd39dac9553,"{""Call Resistance"": null, ""Put Support"": null, ""HVL"": null, ""1D Min"": null, ""1D Max"": null, ""Call Resistance 0DTE"": null, ""Put Support 0DTE"": null, ""HVL 0DTE"": null, ""Gamma Wall 0DTE"": null, ""GEX 1"": null, ""GEX 2"": null, ""GEX 3"": null, ""GEX 4"": null, ""GEX 5"": null, ""GEX 6"": null, ""GEX 7"": null, ""GEX 8"": null, ""GEX 9"": null, ""GEX 10"": null}",unknown,,,,42004058,False,False,after_1700,outside_cash,,,,,,,,,,,all_19,,,,,not_applicable_outside_hours,asia
706d5ce5-8160-54d9-a82d-79fc37f28ad6,,,2026-04-06T04:14:00+00:00,24227.5,0.25,2026-04-05,,aeb8bad860db92863af8c5db289eb426dcf765061783264e1a527cd39dac9553,"{""Call Resistance"": null, ""Put Support"": null, ""HVL"": null, ""1D Min"": null, ""1D Max"": null, ""Call Resistance 0DTE"": null, ""Put Support 0DTE"": null, ""HVL 0DTE"": null, ""Gamma Wall 0DTE"": null, ""GEX 1"": null, ""GEX 2"": null, ""GEX 3"": null, ""GEX 4"": null, ""GEX 5"": null, ""GEX 6"": null, ""GEX 7"": null, ""GEX 8"": null, ""GEX 9"": null, ""GEX 10"": null}",unknown,,,,42004058,False,False,after_1700,outside_cash,,,,,,,,,,,all_19,,,,,not_applicable_outside_hours,asia
6924b5ae-e732-5997-a924-c4fbe4dd39d0,,,2026-04-06T04:36:00+00:00,24246.75,0.25,2026-04-05,,aeb8bad860db92863af8c5db289eb426dcf765061783264e1a527cd39dac9553,"{""Call Resistance"": null, ""Put Support"": null, ""HVL"": null, ""1D Min"": null, ""1D Max"": null, ""Call Resistance 0DTE"": null, ""Put Support 0DTE"": null, ""HVL 0DTE"": null, ""Gamma Wall 0DTE"": null, ""GEX 1"": null, ""GEX 2"": null, ""GEX 3"": null, ""GEX 4"": null, ""GEX 5"": null, ""GEX 6"": null, ""GEX 7"": null, ""GEX 8"": null, ""GEX 9"": null, ""GEX 10"": null}",unknown,,,,42004058,False,False,after_1700,outside_cash,,,,,,,,,,,all_19,,,,,not_applicable_outside_hours,asia
f056b48a-87c2-5192-864b-6d37114184b1,,,2026-04-06T04:50:00+00:00,24254.5,0.25,2026-04-05,,aeb8bad860db92863af8c5db289eb426dcf765061783264e1a527cd39dac9553,"{""Call Resistance"": null, ""Put Support"": null, ""HVL"": null, ""1D Min"": null, ""1D Max"": null, ""Call Resistance 0DTE"": null, ""Put Support 0DTE"": null, ""HVL 0DTE"": null, ""Gamma Wall 0DTE"": null, ""GEX 1"": null, ""GEX 2"": null, ""GEX 3"": null, ""GEX 4"": null, ""GEX 5"": null, ""GEX 6"": null, ""GEX 7"": null, ""GEX 8"": null, ""GEX 9"": null, ""GEX 10"": null}",unknown,,,,42004058,False,False,after_1700,outside_cash,,,,,,,,,,,all_19,,,,,not_applicable_outside_hours,asia
a4d902fd-505e-546f-9bf8-8386d39e3b82,,,2026-04-06T10:18:00+00:00,24350.75,0.25,2026-04-06,,aeb8bad860db92863af8c5db289eb426dcf765061783264e1a527cd39dac9553,"{""Call Resistance"": null, ""Put Support"": null, ""HVL"": null, ""1D Min"": null, ""1D Max"": null, ""Call Resistance 0DTE"": null, ""Put Support 0DTE"": null, ""HVL 0DTE"": null, ""Gamma Wall 0DTE"": null, ""GEX 1"": null, ""GEX 2"": null, ""GEX 3"": null, ""GEX 4"": null, ""GEX 5"": null, ""GEX 6"": null, ""GEX 7"": null, ""GEX 8"": null, ""GEX 9"": null, ""GEX 10"": null}",unknown,,,,42004058,False,False,before_0600,outside_cash,,,,,,,,,,,all_19,,,,,not_applicable_outside_hours,london
cc452af4-253f-5ad5-a124-6fec779542f9,,,2026-04-07T02:46:00+00:00,24207.75,0.25,2026-04-06,,aeb8bad860db92863af8c5db289eb426dcf765061783264e1a527cd39dac9553,"{""Call Resistance"": null, ""Put Support"": null, ""HVL"": null, ""1D Min"": null, ""1D Max"": null, ""Call Resistance 0DTE"": null, ""Put Support 0DTE"": null, ""HVL 0DTE"": null, ""Gamma Wall 0DTE"": null, ""GEX 1"": null, ""GEX 2"": null, ""GEX 3"": null, ""GEX 4"": null, ""GEX 5"": null, ""GEX 6"": null, ""GEX 7"": null, ""GEX 8"": null, ""GEX 9"": null, ""GEX 10"": null}",unknown,,,,42004058,False,False,after_1700,outside_cash,,,,,,,,,,,all_19,,,,,not_applicable_outside_hours,asia
cce6b0bf-9e09-52c6-9a96-7ce2487bd892,,,2026-04-07T02:46:00+00:00,24207.75,0.25,2026-04-06,,aeb8bad860db92863af8c5db289eb426dcf765061783264e1a527cd39dac9553,"{""Call Resistance"": null, ""Put Support"": null, ""HVL"": null, ""1D Min"": null, ""1D Max"": null, ""Call Resistance 0DTE"": null, ""Put Support 0DTE"": null, ""HVL 0DTE"": null, ""Gamma Wall 0DTE"": null, ""GEX 1"": null, ""GEX 2"": null, ""GEX 3"": null, ""GEX 4"": null, ""GEX 5"": null, ""GEX 6"": null, ""GEX 7"": null, ""GEX 8"": null, ""GEX 9"": null, ""GEX 10"": null}",unknown,,,,42004058,False,False,after_1700,outside_cash,,,,,,,,,,,all_19,,,,,not_applicable_outside_hours,asia
466a6d75-4ae9-509d-8be8-2597baa6470c,,,2026-04-07T02:49:00+00:00,24219.0,0.25,2026-04-06,,aeb8bad860db92863af8c5db289eb426dcf765061783264e1a527cd39dac9553,"{""Call Resistance"": null, ""Put Support"": null, ""HVL"": null, ""1D Min"": null, ""1D Max"": null, ""Call Resistance 0DTE"": null, ""Put Support 0DTE"": null, ""HVL 0DTE"": null, ""Gamma Wall 0DTE"": null, ""GEX 1"": null, ""GEX 2"": null, ""GEX 3"": null, ""GEX 4"": null, ""GEX 5"": null, ""GEX 6"": null, ""GEX 7"": null, ""GEX 8"": null, ""GEX 9"": null, ""GEX 10"": null}",unknown,,,,42004058,False,False,after_1700,outside_cash,,,,,,,,,,,all_19,,,,,not_applicable_outside_hours,asia
46c28de2-84ab-5ca0-b344-f9895a4f1b9f,,,2026-04-07T02:59:00+00:00,24210.25,0.25,2026-04-06,,aeb8bad860db92863af8c5db289eb426dcf765061783264e1a527cd39dac9553,"{""Call Resistance"": null, ""Put Support"": null, ""HVL"": null, ""1D Min"": null, ""1D Max"": null, ""Call Resistance 0DTE"": null, ""Put Support 0DTE"": null, ""HVL 0DTE"": null, ""Gamma Wall 0DTE"": null, ""GEX 1"": null, ""GEX 2"": null, ""GEX 3"": null, ""GEX 4"": null, ""GEX 5"": null, ""GEX 6"": null, ""GEX 7"": null, ""GEX 8"": null, ""GEX 9"": null, ""GEX 10"": null}",unknown,,,,42004058,False,False,after_1700,outside_cash,,,,,,,,,,,all_19,,,,,not_applicable_outside_hours,asia
42924ab8-6a61-5053-9be1-13f5ef7cd5a0,,,2026-04-07T03:24:00+00:00,24215.75,0.25,2026-04-06,,aeb8bad860db92863af8c5db289eb426dcf765061783264e1a527cd39dac9553,"{""Call Resistance"": null, ""Put Support"": null, ""HVL"": null, ""1D Min"": null, ""1D Max"": null, ""Call Resistance 0DTE"": null, ""Put Support 0DTE"": null, ""HVL 0DTE"": null, ""Gamma Wall 0DTE"": null, ""GEX 1"": null, ""GEX 2"": null, ""GEX 3"": null, ""GEX 4"": null, ""GEX 5"": null, ""GEX 6"": null, ""GEX 7"": null, ""GEX 8"": null, ""GEX 9"": null, ""GEX 10"": null}",unknown,,,,42004058,False,False,after_1700,outside_cash,,,,,,,,,,,all_19,,,,,not_applicable_outside_hours,asia
57fba367-c291-5dee-b6be-7deada8b0fb8,,,2026-04-07T03:32:00+00:00,24226.5,0.25,2026-04-06,,aeb8bad860db92863af8c5db289eb426dcf765061783264e1a527cd39dac9553,"{""Call Resistance"": null, ""Put Support"": null, ""HVL"": null, ""1D Min"": null, ""1D Max"": null, ""Call Resistance 0DTE"": null, ""Put Support 0DTE"": null, ""HVL 0DTE"": null, ""Gamma Wall 0DTE"": null, ""GEX 1"": null, ""GEX 2"": null, ""GEX 3"": null, ""GEX 4"": null, ""GEX 5"": null, ""GEX 6"": null, ""GEX 7"": null, ""GEX 8"": null, ""GEX 9"": null, ""GEX 10"": null}",unknown,,,,42004058,False,False,after_1700,outside_cash,,,,,,,,,,,all_19,,,,,not_applicable_outside_hours,asia
3027e277-cb2d-52e3-aea0-8f7fe9dc2e57,,,2026-04-07T03:33:00+00:00,24226.0,0.25,2026-04-06,,aeb8bad860db92863af8c5db289eb426dcf765061783264e1a527cd39dac9553,"{""Call Resistance"": null, ""Put Support"": null, ""HVL"": null, ""1D Min"": null, ""1D Max"": null, ""Call Resistance 0DTE"": null, ""Put Support 0DTE"": null, ""HVL 0DTE"": null, ""Gamma Wall 0DTE"": null, ""GEX 1"": null, ""GEX 2"": null, ""GEX 3"": null, ""GEX 4"": null, ""GEX 5"": null, ""GEX 6"": null, ""GEX 7"": null, ""GEX 8"": null, ""GEX 9"": null, ""GEX 10"": null}",unknown,,,,42004058,False,False,after_1700,outside_cash,,,,,,,,,,,all_19,,,,,not_applicable_outside_hours,asia
485b3cf1-fde7-57a8-bbaf-116322a7fdff,,,2026-04-07T03:52:00+00:00,24223.0,0.25,2026-04-06,,aeb8bad860db92863af8c5db289eb426dcf765061783264e1a527cd39dac9553,"{""Call Resistance"": null, ""Put Support"": null, ""HVL"": null, ""1D Min"": null, ""1D Max"": null, ""Call Resistance 0DTE"": null, ""Put Support 0DTE"": null, ""HVL 0DTE"": null, ""Gamma Wall 0DTE"": null, ""GEX 1"": null, ""GEX 2"": null, ""GEX 3"": null, ""GEX 4"": null, ""GEX 5"": null, ""GEX 6"": null, ""GEX 7"": null, ""GEX 8"": null, ""GEX 9"": null, ""GEX 10"": null}",unknown,,,,42004058,False,False,after_1700,outside_cash,,,,,,,,,,,all_19,,,,,not_applicable_outside_hours,asia
9a8a76a0-c775-5280-9ae4-cdb395376591,,,2026-04-08T20:41:00+00:00,25040.5,0.25,2026-04-08,2026-04-07,aeb8bad860db92863af8c5db289eb426dcf765061783264e1a527cd39dac9553,"{""Call Resistance"": 24750.0, ""Put Support"": 23500.0, ""HVL"": 24175.0, ""1D Min"": 24030.01, ""1D Max"": 24768.49, ""Call Resistance 0DTE"": 24500.0, ""Put Support 0DTE"": 23500.0, ""HVL 0DTE"": 24175.0, ""Gamma Wall 0DTE"": 24500.0, ""GEX 1"": 24600.0, ""GEX 2"": 24250.0, ""GEX 3"": 24400.0, ""GEX 4"": 24050.0, ""GEX 5"": 24300.0, ""GEX 6"": 24800.0, ""GEX 7"": 24900.0, ""GEX 8"": 25000.0, ""GEX 9"": 24000.0, ""GEX 10"": 25100.0}",positive,1771445.7353983917,0.5846153846153846,369.2400000000016,42004058,False,True,,outside_cash,above,GEX 10,25100.0,59.5,0.16114180478821294,GEX 8,25000.0,40.5,0.1096847578810525,False,all_19,1.759695590943552,1.759695590943552,False,False,evaluated,asia
818238e2-8f1a-5c03-8521-e141489113f3,,,2026-04-08T22:02:00+00:00,25050.5,0.25,2026-04-08,,aeb8bad860db92863af8c5db289eb426dcf765061783264e1a527cd39dac9553,"{""Call Resistance"": null, ""Put Support"": null, ""HVL"": null, ""1D Min"": null, ""1D Max"": null, ""Call Resistance 0DTE"": null, ""Put Support 0DTE"": null, ""HVL 0DTE"": null, ""Gamma Wall 0DTE"": null, ""GEX 1"": null, ""GEX 2"": null, ""GEX 3"": null, ""GEX 4"": null, ""GEX 5"": null, ""GEX 6"": null, ""GEX 7"": null, ""GEX 8"": null, ""GEX 9"": null, ""GEX 10"": null}",unknown,,,,42004058,False,False,after_1700,outside_cash,,,,,,,,,,,all_19,,,,,not_applicable_outside_hours,asia
aca72e5e-bed9-5ea5-8eda-be0f0f56de9b,,,2026-04-09T06:29:00+00:00,25034.25,0.25,2026-04-09,,aeb8bad860db92863af8c5db289eb426dcf765061783264e1a527cd39dac9553,"{""Call Resistance"": null, ""Put Support"": null, ""HVL"": null, ""1D Min"": null, ""1D Max"": null, ""Call Resistance 0DTE"": null, ""Put Support 0DTE"": null, ""HVL 0DTE"": null, ""Gamma Wall 0DTE"": null, ""GEX 1"": null, ""GEX 2"": null, ""GEX 3"": null, ""GEX 4"": null, ""GEX 5"": null, ""GEX 6"": null, ""GEX 7"": null, ""GEX 8"": null, ""GEX 9"": null, ""GEX 10"": null}",unknown,,,,42004058,False,False,before_0600,outside_cash,,,,,,,,,,,all_19,,,,,not_applicable_outside_hours,london
f688dc9a-4250-5c32-97da-28ba0967c0ed,,,2026-04-09T10:22:00+00:00,25020.25,0.25,2026-04-09,,aeb8bad860db92863af8c5db289eb426dcf765061783264e1a527cd39dac9553,"{""Call Resistance"": null, ""Put Support"": null, ""HVL"": null, ""1D Min"": null, ""1D Max"": null, ""Call Resistance 0DTE"": null, ""Put Support 0DTE"": null, ""HVL 0DTE"": null, ""Gamma Wall 0DTE"": null, ""GEX 1"": null, ""GEX 2"": null, ""GEX 3"": null, ""GEX 4"": null, ""GEX 5"": null, ""GEX 6"": null, ""GEX 7"": null, ""GEX 8"": null, ""GEX 9"": null, ""GEX 10"": null}",unknown,,,,42004058,False,False,before_0600,outside_cash,,,,,,,,,,,all_19,,,,,not_applicable_outside_hours,london
c1f077a9-eba9-5bd4-be96-f4fb0f466720,,,2026-04-09T10:22:00+00:00,25020.25,0.25,2026-04-09,,aeb8bad860db92863af8c5db289eb426dcf765061783264e1a527cd39dac9553,"{""Call Resistance"": null, ""Put Support"": null, ""HVL"": null, ""1D Min"": null, ""1D Max"": null, ""Call Resistance 0DTE"": null, ""Put Support 0DTE"": null, ""HVL 0DTE"": null, ""Gamma Wall 0DTE"": null, ""GEX 1"": null, ""GEX 2"": null, ""GEX 3"": null, ""GEX 4"": null, ""GEX 5"": null, ""GEX 6"": null, ""GEX 7"": null, ""GEX 8"": null, ""GEX 9"": null, ""GEX 10"": null}",unknown,,,,42004058,False,False,before_0600,outside_cash,,,,,,,,,,,all_19,,,,,not_applicable_outside_hours,london
751ab993-9788-526d-86f4-6c2358f6d8f1,,,2026-04-09T10:23:00+00:00,25019.5,0.25,2026-04-09,,aeb8bad860db92863af8c5db289eb426dcf765061783264e1a527cd39dac9553,"{""Call Resistance"": null, ""Put Support"": null, ""HVL"": null, ""1D Min"": null, ""1D Max"": null, ""Call Resistance 0DTE"": null, ""Put Support 0DTE"": null, ""HVL 0DTE"": null, ""Gamma Wall 0DTE"": null, ""GEX 1"": null, ""GEX 2"": null, ""GEX 3"": null, ""GEX 4"": null, ""GEX 5"": null, ""GEX 6"": null, ""GEX 7"": null, ""GEX 8"": null, ""GEX 9"": null, ""GEX 10"": null}",unknown,,,,42004058,False,False,before_0600,outside_cash,,,,,,,,,,,all_19,,,,,not_applicable_outside_hours,london
ae52cdb4-840e-54c2-8ec7-3f3d26011bf7,,,2026-04-09T10:44:00+00:00,25017.0,0.25,2026-04-09,,aeb8bad860db92863af8c5db289eb426dcf765061783264e1a527cd39dac9553,"{""Call Resistance"": null, ""Put Support"": null, ""HVL"": null, ""1D Min"": null, ""1D Max"": null, ""Call Resistance 0DTE"": null, ""Put Support 0DTE"": null, ""HVL 0DTE"": null, ""Gamma Wall 0DTE"": null, ""GEX 1"": null, ""GEX 2"": null, ""GEX 3"": null, ""GEX 4"": null, ""GEX 5"": null, ""GEX 6"": null, ""GEX 7"": null, ""GEX 8"": null, ""GEX 9"": null, ""GEX 10"": null}",unknown,,,,42004058,False,False,before_0600,outside_cash,,,,,,,,,,,all_19,,,,,not_applicable_outside_hours,london
5aca0184-e5f8-54cc-9089-d29c351d16d6,,,2026-04-09T10:45:00+00:00,25018.5,0.25,2026-04-09,,aeb8bad860db92863af8c5db289eb426dcf765061783264e1a527cd39dac9553,"{""Call Resistance"": null, ""Put Support"": null, ""HVL"": null, ""1D Min"": null, ""1D Max"": null, ""Call Resistance 0DTE"": null, ""Put Support 0DTE"": null, ""HVL 0DTE"": null, ""Gamma Wall 0DTE"": null, ""GEX 1"": null, ""GEX 2"": null, ""GEX 3"": null, ""GEX 4"": null, ""GEX 5"": null, ""GEX 6"": null, ""GEX 7"": null, ""GEX 8"": null, ""GEX 9"": null, ""GEX 10"": null}",unknown,,,,42004058,False,False,before_0600,outside_cash,,,,,,,,,,,all_19,,,,,not_applicable_outside_hours,london
0e5d0955-6433-534b-b33f-ae6c3050eb92,,,2026-04-09T10:49:00+00:00,25019.75,0.25,2026-04-09,,aeb8bad860db92863af8c5db289eb426dcf765061783264e1a527cd39dac9553,"{""Call Resistance"": null, ""Put Support"": null, ""HVL"": null, ""1D Min"": null, ""1D Max"": null, ""Call Resistance 0DTE"": null, ""Put Support 0DTE"": null, ""HVL 0DTE"": null, ""Gamma Wall 0DTE"": null, ""GEX 1"": null, ""GEX 2"": null, ""GEX 3"": null, ""GEX 4"": null, ""GEX 5"": null, ""GEX 6"": null, ""GEX 7"": null, ""GEX 8"": null, ""GEX 9"": null, ""GEX 10"": null}",unknown,,,,42004058,False,False,before_0600,outside_cash,,,,,,,,,,,all_19,,,,,not_applicable_outside_hours,london
a874854b-d321-5205-bcbc-d4a7ef103411,,,2026-04-09T10:50:00+00:00,25023.5,0.25,2026-04-09,,aeb8bad860db92863af8c5db289eb426dcf765061783264e1a527cd39dac9553,"{""Call Resistance"": null, ""Put Support"": null, ""HVL"": null, ""1D Min"": null, ""1D Max"": null, ""Call Resistance 0DTE"": null, ""Put Support 0DTE"": null, ""HVL 0DTE"": null, ""Gamma Wall 0DTE"": null, ""GEX 1"": null, ""GEX 2"": null, ""GEX 3"": null, ""GEX 4"": null, ""GEX 5"": null, ""GEX 6"": null, ""GEX 7"": null, ""GEX 8"": null, ""GEX 9"": null, ""GEX 10"": null}",unknown,,,,42004058,False,False,before_0600,outside_cash,,,,,,,,,,,all_19,,,,,not_applicable_outside_hours,london
79a76c50-a95a-5725-901a-14087f121823,,,2026-04-09T12:43:00+00:00,25046.0,0.25,2026-04-09,2026-04-08,aeb8bad860db92863af8c5db289eb426dcf765061783264e1a527cd39dac9553,"{""Call Resistance"": 25500.0, ""Put Support"": 25020.0, ""HVL"": 24390.0, ""1D Min"": 24705.58, ""1D Max"": 25372.42, ""Call Resistance 0DTE"": 25100.0, ""Put Support 0DTE"": 25020.0, ""HVL 0DTE"": 25020.0, ""Gamma Wall 0DTE"": 25100.0, ""GEX 1"": 24750.0, ""GEX 2"": 25000.0, ""GEX 3"": 25300.0, ""GEX 4"": 25200.0, ""GEX 5"": 25250.0, ""GEX 6"": 25400.0, ""GEX 7"": 25600.0, ""GEX 8"": 24500.0, ""GEX 9"": 24400.0, ""GEX 10"": 24600.0}",positive,2969212.468414947,0.7807692307692308,333.41999999999825,42004058,False,True,,outside_cash,above,Call Resistance 0DTE|Gamma Wall 0DTE,25100.0,54.0,0.16195789094835428,Put Support|Put Support 0DTE|HVL 0DTE,25020.0,26.0,0.07797972527142984,False,all_19,-0.06748245456181429,0.06748245456181429,False,False,evaluated,ny
7e97931a-0875-5a4e-9268-ee88bb2c7750,,,2026-04-09T13:06:00+00:00,25042.75,0.25,2026-04-09,2026-04-08,aeb8bad860db92863af8c5db289eb426dcf765061783264e1a527cd39dac9553,"{""Call Resistance"": 25500.0, ""Put Support"": 25020.0, ""HVL"": 24390.0, ""1D Min"": 24705.58, ""1D Max"": 25372.42, ""Call Resistance 0DTE"": 25100.0, ""Put Support 0DTE"": 25020.0, ""HVL 0DTE"": 25020.0, ""Gamma Wall 0DTE"": 25100.0, ""GEX 1"": 24750.0, ""GEX 2"": 25000.0, ""GEX 3"": 25300.0, ""GEX 4"": 25200.0, ""GEX 5"": 25250.0, ""GEX 6"": 25400.0, ""GEX 7"": 25600.0, ""GEX 8"": 24500.0, ""GEX 9"": 24400.0, ""GEX 10"": 24600.0}",positive,2969212.468414947,0.7807692307692308,333.41999999999825,42004058,False,True,,outside_cash,above,Call Resistance 0DTE|Gamma Wall 0DTE,25100.0,57.25,0.171705356607283,Put Support|Put Support 0DTE|HVL 0DTE,25020.0,22.75,0.06823225961250111,False,all_19,-0.04198908283846222,0.04198908283846222,False,False,evaluated,ny
b3433807-f82e-5537-a31c-93dbaf114b3e,,,2026-04-09T13:13:00+00:00,25045.5,0.25,2026-04-09,2026-04-08,aeb8bad860db92863af8c5db289eb426dcf765061783264e1a527cd39dac9553,"{""Call Resistance"": 25500.0, ""Put Support"": 25020.0, ""HVL"": 24390.0, ""1D Min"": 24705.58, ""1D Max"": 25372.42, ""Call Resistance 0DTE"": 25100.0, ""Put Support 0DTE"": 25020.0, ""HVL 0DTE"": 25020.0, ""Gamma Wall 0DTE"": 25100.0, ""GEX 1"": 24750.0, ""GEX 2"": 25000.0, ""GEX 3"": 25300.0, ""GEX 4"": 25200.0, ""GEX 5"": 25250.0, ""GEX 6"": 25400.0, ""GEX 7"": 25600.0, ""GEX 8"": 24500.0, ""GEX 9"": 24400.0, ""GEX 10"": 24600.0}",positive,2969212.468414947,0.7807692307692308,333.41999999999825,42004058,False,True,,outside_cash,above,Call Resistance 0DTE|Gamma Wall 0DTE,25100.0,54.5,0.16345750104972792,Put Support|Put Support 0DTE|HVL 0DTE,25020.0,25.5,0.07648011517005619,False,all_19,-0.049487133345330475,0.049487133345330475,False,False,evaluated,ny
3b270335-7bb7-5b0c-a686-a6c6cde9518b,,,2026-04-09T13:27:00+00:00,25052.25,0.25,2026-04-09,2026-04-08,aeb8bad860db92863af8c5db289eb426dcf765061783264e1a527cd39dac9553,"{""Call Resistance"": 25500.0, ""Put Support"": 25020.0, ""HVL"": 24390.0, ""1D Min"": 24705.58, ""1D Max"": 25372.42, ""Call Resistance 0DTE"": 25100.0, ""Put Support 0DTE"": 25020.0, ""HVL 0DTE"": 25020.0, ""Gamma Wall 0DTE"": 25100.0, ""GEX 1"": 24750.0, ""GEX 2"": 25000.0, ""GEX 3"": 25300.0, ""GEX 4"": 25200.0, ""GEX 5"": 25250.0, ""GEX 6"": 25400.0, ""GEX 7"": 25600.0, ""GEX 8"": 24500.0, ""GEX 9"": 24400.0, ""GEX 10"": 24600.0}",positive,2969212.468414947,0.7807692307692308,333.41999999999825,42004058,False,True,,outside_cash,above,Call Resistance 0DTE|Gamma Wall 0DTE,25100.0,47.75,0.14321276468118363,Put Support|Put Support 0DTE|HVL 0DTE,25020.0,32.25,0.09672485153860047,False,all_19,-0.014246295963049683,0.014246295963049683,False,False,evaluated,ny
4b3cc333-d7a3-59d0-999b-07218a91deae,,,2026-04-09T13:30:00+00:00,25080.5,0.25,2026-04-09,2026-04-08,aeb8bad860db92863af8c5db289eb426dcf765061783264e1a527cd39dac9553,"{""Call Resistance"": 25500.0, ""Put Support"": 25020.0, ""HVL"": 24390.0, ""1D Min"": 24705.58, ""1D Max"": 25372.42, ""Call Resistance 0DTE"": 25100.0, ""Put Support 0DTE"": 25020.0, ""HVL 0DTE"": 25020.0, ""Gamma Wall 0DTE"": 25100.0, ""GEX 1"": 24750.0, ""GEX 2"": 25000.0, ""GEX 3"": 25300.0, ""GEX 4"": 25200.0, ""GEX 5"": 25250.0, ""GEX 6"": 25400.0, ""GEX 7"": 25600.0, ""GEX 8"": 24500.0, ""GEX 9"": 24400.0, ""GEX 10"": 24600.0}",positive,2969212.468414947,0.7807692307692308,333.41999999999825,42004058,False,True,,s1_0830_1000,above,Call Resistance 0DTE|Gamma Wall 0DTE,25100.0,19.5,0.05848479395357238,Put Support|Put Support 0DTE|HVL 0DTE,25020.0,60.5,0.18145282226621173,False,all_19,0.036740447483654445,0.036740447483654445,False,False,evaluated,ny
fd781708-6d78-5c32-b7a6-3a1e172d615a,,,2026-04-09T13:38:00+00:00,25049.5,0.25,2026-04-09,2026-04-08,aeb8bad860db92863af8c5db289eb426dcf765061783264e1a527cd39dac9553,"{""Call Resistance"": 25500.0, ""Put Support"": 25020.0, ""HVL"": 24390.0, ""1D Min"": 24705.58, ""1D Max"": 25372.42, ""Call Resistance 0DTE"": 25100.0, ""Put Support 0DTE"": 25020.0, ""HVL 0DTE"": 25020.0, ""Gamma Wall 0DTE"": 25100.0, ""GEX 1"": 24750.0, ""GEX 2"": 25000.0, ""GEX 3"": 25300.0, ""GEX 4"": 25200.0, ""GEX 5"": 25250.0, ""GEX 6"": 25400.0, ""GEX 7"": 25600.0, ""GEX 8"": 24500.0, ""GEX 9"": 24400.0, ""GEX 10"": 24600.0}",positive,2969212.468414947,0.7807692307692308,333.41999999999825,42004058,False,True,,s1_0830_1000,above,Call Resistance 0DTE|Gamma Wall 0DTE,25100.0,50.5,0.1514606202387387,Put Support|Put Support 0DTE|HVL 0DTE,25020.0,29.5,0.08847699598104539,False,all_19,-0.008247855557555079,0.008247855557555079,False,False,evaluated,ny
14e8f411-ccbb-5316-b63c-517dd6b12f08,,,2026-04-09T13:43:00+00:00,25085.25,0.25,2026-04-09,2026-04-08,aeb8bad860db92863af8c5db289eb426dcf765061783264e1a527cd39dac9553,"{""Call Resistance"": 25500.0, ""Put Support"": 25020.0, ""HVL"": 24390.0, ""1D Min"": 24705.58, ""1D Max"": 25372.42, ""Call Resistance 0DTE"": 25100.0, ""Put Support 0DTE"": 25020.0, ""HVL 0DTE"": 25020.0, ""Gamma Wall 0DTE"": 25100.0, ""GEX 1"": 24750.0, ""GEX 2"": 25000.0, ""GEX 3"": 25300.0, ""GEX 4"": 25200.0, ""GEX 5"": 25250.0, ""GEX 6"": 25400.0, ""GEX 7"": 25600.0, ""GEX 8"": 24500.0, ""GEX 9"": 24400.0, ""GEX 10"": 24600.0}",positive,2969212.468414947,0.7807692307692308,333.41999999999825,42004058,False,True,,s1_0830_1000,above,Call Resistance 0DTE|Gamma Wall 0DTE,25100.0,14.75,0.04423849799052269,Put Support|Put Support 0DTE|HVL 0DTE,25020.0,65.25,0.19569911822926142,False,all_19,0.048737328294643646,0.048737328294643646,False,False,evaluated,ny
5891bc60-e30f-5b9a-8a11-60294ea7bd19,,,2026-04-09T13:44:00+00:00,25102.0,0.25,2026-04-09,2026-04-08,aeb8bad860db92863af8c5db289eb426dcf765061783264e1a527cd39dac9553,"{""Call Resistance"": 25500.0, ""Put Support"": 25020.0, ""HVL"": 24390.0, ""1D Min"": 24705.58, ""1D Max"": 25372.42, ""Call Resistance 0DTE"": 25100.0, ""Put Support 0DTE"": 25020.0, ""HVL 0DTE"": 25020.0, ""Gamma Wall 0DTE"": 25100.0, ""GEX 1"": 24750.0, ""GEX 2"": 25000.0, ""GEX 3"": 25300.0, ""GEX 4"": 25200.0, ""GEX 5"": 25250.0, ""GEX 6"": 25400.0, ""GEX 7"": 25600.0, ""GEX 8"": 24500.0, ""GEX 9"": 24400.0, ""GEX 10"": 24600.0}",positive,2969212.468414947,0.7807692307692308,333.41999999999825,42004058,False,True,,s1_0830_1000,above,GEX 4,25200.0,98.0,0.29392357986923556,Call Resistance 0DTE|Gamma Wall 0DTE,25100.0,2.0,0.005998440405494603,False,all_19,0.07947933537280348,0.07947933537280348,False,False,evaluated,ny
9a665e35-f2ca-5c05-9cdc-af532045787a,,,2026-04-09T13:45:00+00:00,25100.0,0.25,2026-04-09,2026-04-08,aeb8bad860db92863af8c5db289eb426dcf765061783264e1a527cd39dac9553,"{""Call Resistance"": 25500.0, ""Put Support"": 25020.0, ""HVL"": 24390.0, ""1D Min"": 24705.58, ""1D Max"": 25372.42, ""Call Resistance 0DTE"": 25100.0, ""Put Support 0DTE"": 25020.0, ""HVL 0DTE"": 25020.0, ""Gamma Wall 0DTE"": 25100.0, ""GEX 1"": 24750.0, ""GEX 2"": 25000.0, ""GEX 3"": 25300.0, ""GEX 4"": 25200.0, ""GEX 5"": 25250.0, ""GEX 6"": 25400.0, ""GEX 7"": 25600.0, ""GEX 8"": 24500.0, ""GEX 9"": 24400.0, ""GEX 10"": 24600.0}",positive,2969212.468414947,0.7807692307692308,333.41999999999825,42004058,False,True,,s1_0830_1000,above,GEX 4,25200.0,100.0,0.29992202027473014,Put Support|Put Support 0DTE|HVL 0DTE,25020.0,80.0,0.2399376162197841,False,all_19,0.13121588387019445,0.13121588387019445,False,False,evaluated,ny
c7bb6384-d9c0-5c28-8157-61d0696d19c4,c3891be3-a109-5b06-aecd-ac717556c8d8,5c1bc8f7-6805-56b8-b1df-2ae8c6784e8c,2026-04-09T16:53:00+00:00,25204.5,0.25,2026-04-09,2026-04-08,aeb8bad860db92863af8c5db289eb426dcf765061783264e1a527cd39dac9553,"{""Call Resistance"": 25500.0, ""Put Support"": 25020.0, ""HVL"": 24390.0, ""1D Min"": 24705.58, ""1D Max"": 25372.42, ""Call Resistance 0DTE"": 25100.0, ""Put Support 0DTE"": 25020.0, ""HVL 0DTE"": 25020.0, ""Gamma Wall 0DTE"": 25100.0, ""GEX 1"": 24750.0, ""GEX 2"": 25000.0, ""GEX 3"": 25300.0, ""GEX 4"": 25200.0, ""GEX 5"": 25250.0, ""GEX 6"": 25400.0, ""GEX 7"": 25600.0, ""GEX 8"": 24500.0, ""GEX 9"": 24400.0, ""GEX 10"": 24600.0}",positive,2969212.468414947,0.7807692307692308,333.41999999999825,42004058,False,True,,s2_1000_1200,above,GEX 5,25250.0,45.5,0.13646451922500222,GEX 4,25200.0,4.5,0.013496490912362857,False,all_19,0.42363985363805634,0.42363985363805634,False,False,evaluated,ny
4f17e8b9-8143-5888-a968-535caf1a077f,,,2026-04-09T16:57:00+00:00,25194.5,0.25,2026-04-09,2026-04-08,aeb8bad860db92863af8c5db289eb426dcf765061783264e1a527cd39dac9553,"{""Call Resistance"": 25500.0, ""Put Support"": 25020.0, ""HVL"": 24390.0, ""1D Min"": 24705.58, ""1D Max"": 25372.42, ""Call Resistance 0DTE"": 25100.0, ""Put Support 0DTE"": 25020.0, ""HVL 0DTE"": 25020.0, ""Gamma Wall 0DTE"": 25100.0, ""GEX 1"": 24750.0, ""GEX 2"": 25000.0, ""GEX 3"": 25300.0, ""GEX 4"": 25200.0, ""GEX 5"": 25250.0, ""GEX 6"": 25400.0, ""GEX 7"": 25600.0, ""GEX 8"": 24500.0, ""GEX 9"": 24400.0, ""GEX 10"": 24600.0}",positive,2969212.468414947,0.7807692307692308,333.41999999999825,42004058,False,True,,s2_1000_1200,above,GEX 4,25200.0,5.5,0.016495711115110157,Call Resistance 0DTE|Gamma Wall 0DTE,25100.0,94.5,0.28342630915961997,False,all_19,0.41539199808050126,0.41539199808050126,False,False,evaluated,ny
7965e254-bc75-5a5c-8484-ec12cb2c2027,,,2026-04-09T17:05:00+00:00,25208.25,0.25,2026-04-09,2026-04-08,aeb8bad860db92863af8c5db289eb426dcf765061783264e1a527cd39dac9553,"{""Call Resistance"": 25500.0, ""Put Support"": 25020.0, ""HVL"": 24390.0, ""1D Min"": 24705.58, ""1D Max"": 25372.42, ""Call Resistance 0DTE"": 25100.0, ""Put Support 0DTE"": 25020.0, ""HVL 0DTE"": 25020.0, ""Gamma Wall 0DTE"": 25100.0, ""GEX 1"": 24750.0, ""GEX 2"": 25000.0, ""GEX 3"": 25300.0, ""GEX 4"": 25200.0, ""GEX 5"": 25250.0, ""GEX 6"": 25400.0, ""GEX 7"": 25600.0, ""GEX 8"": 24500.0, ""GEX 9"": 24400.0, ""GEX 10"": 24600.0}",positive,2969212.468414947,0.7807692307692308,333.41999999999825,42004058,False,True,,s3_1200_1330,above,GEX 5,25250.0,41.75,0.12521744346469985,GEX 4,25200.0,8.25,0.024743566672665238,False,all_19,0.4401355647531665,0.4401355647531665,False,False,evaluated,ny
9069f2b4-9927-53a0-89e6-e90b29df761f,,,2026-04-09T17:08:00+00:00,25221.5,0.25,2026-04-09,2026-04-08,aeb8bad860db92863af8c5db289eb426dcf765061783264e1a527cd39dac9553,"{""Call Resistance"": 25500.0, ""Put Support"": 25020.0, ""HVL"": 24390.0, ""1D Min"": 24705.58, ""1D Max"": 25372.42, ""Call Resistance 0DTE"": 25100.0, ""Put Support 0DTE"": 25020.0, ""HVL 0DTE"": 25020.0, ""Gamma Wall 0DTE"": 25100.0, ""GEX 1"": 24750.0, ""GEX 2"": 25000.0, ""GEX 3"": 25300.0, ""GEX 4"": 25200.0, ""GEX 5"": 25250.0, ""GEX 6"": 25400.0, ""GEX 7"": 25600.0, ""GEX 8"": 24500.0, ""GEX 9"": 24400.0, ""GEX 10"": 24600.0}",positive,2969212.468414947,0.7807692307692308,333.41999999999825,42004058,False,True,,s3_1200_1330,above,GEX 5,25250.0,28.5,0.08547777577829808,GEX 4,25200.0,21.5,0.06448323435906698,False,all_19,0.485123867794376,0.485123867794376,False,False,evaluated,ny
0cc893ba-9837-51a2-b791-4ea7f91ce84d,,,2026-04-09T17:13:00+00:00,25233.25,0.25,2026-04-09,2026-04-08,aeb8bad860db92863af8c5db289eb426dcf765061783264e1a527cd39dac9553,"{""Call Resistance"": 25500.0, ""Put Support"": 25020.0, ""HVL"": 24390.0, ""1D Min"": 24705.58, ""1D Max"": 25372.42, ""Call Resistance 0DTE"": 25100.0, ""Put Support 0DTE"": 25020.0, ""HVL 0DTE"": 25020.0, ""Gamma Wall 0DTE"": 25100.0, ""GEX 1"": 24750.0, ""GEX 2"": 25000.0, ""GEX 3"": 25300.0, ""GEX 4"": 25200.0, ""GEX 5"": 25250.0, ""GEX 6"": 25400.0, ""GEX 7"": 25600.0, ""GEX 8"": 24500.0, ""GEX 9"": 24400.0, ""GEX 10"": 24600.0}",positive,2969212.468414947,0.7807692307692308,333.41999999999825,42004058,False,True,,s3_1200_1330,above,GEX 5,25250.0,16.75,0.0502369383960173,GEX 4,25200.0,33.25,0.09972407174134777,False,all_19,0.532361585987646,0.532361585987646,False,False,evaluated,ny
bb75c102-c4b3-5979-b9fe-208f70613f03,,,2026-04-09T17:17:00+00:00,25237.0,0.25,2026-04-09,2026-04-08,aeb8bad860db92863af8c5db289eb426dcf765061783264e1a527cd39dac9553,"{""Call Resistance"": 25500.0, ""Put Support"": 25020.0, ""HVL"": 24390.0, ""1D Min"": 24705.58, ""1D Max"": 25372.42, ""Call Resistance 0DTE"": 25100.0, ""Put Support 0DTE"": 25020.0, ""HVL 0DTE"": 25020.0, ""Gamma Wall 0DTE"": 25100.0, ""GEX 1"": 24750.0, ""GEX 2"": 25000.0, ""GEX 3"": 25300.0, ""GEX 4"": 25200.0, ""GEX 5"": 25250.0, ""GEX 6"": 25400.0, ""GEX 7"": 25600.0, ""GEX 8"": 24500.0, ""GEX 9"": 24400.0, ""GEX 10"": 24600.0}",positive,2969212.468414947,0.7807692307692308,333.41999999999825,42004058,False,True,,s3_1200_1330,above,GEX 5,25250.0,13.0,0.03898986263571492,GEX 4,25200.0,37.0,0.11097114750165016,False,all_19,0.5361106112410802,0.5361106112410802,False,False,evaluated,ny
