{
  "selected_features": [
    "pl_total_bid_vol",
    "pl_total_ask_vol",
    "pl_total_vol",
    "pl_near_bid_vol",
    "pl_near_ask_vol",
    "pl_near_vol",
    "pl_trade_count",
    "pl_total_trade_vol",
    "pl_max_trade_size",
    "pl_mean_trade_size",
    "pl_buy_vol",
    "pl_sell_vol",
    "pl_buy_count",
    "pl_sell_count",
    "pl_bid_ask_ratio",
    "pl_close_bid_ratio",
    "pl_close_ask_ratio",
    "pl_spread",
    "pl_spread_ticks",
    "pl_bid_top3_concentration",
    "pl_ask_top3_concentration",
    "pl_bid_depth_slope",
    "pl_ask_depth_slope",
    "pl_bid_vol_trend",
    "pl_ask_vol_trend",
    "pl_imbalance_volatility",
    "pl_spread_max",
    "pl_extremum_type",
    "pl_prominence",
    "pl_width",
    "ms_rsi_20",
    "ms_rsi_40",
    "ms_rsi_80",
    "ms_rsi_120",
    "ms_rsi_160",
    "ms_rsi_200",
    "ms_macd_12_26",
    "ms_macd_20_50",
    "ms_macd_40_100",
    "ms_price_velocity_10",
    "ms_price_velocity_20",
    "ms_price_velocity_50",
    "ms_volume_momentum",
    "ms_uptick_fraction",
    "ms_downtick_fraction",
    "ms_volatility"
  ],
  "feature_importances": {
    "pl_total_bid_vol": 1.7074532130755762,
    "pl_total_ask_vol": 0.8936155297865601,
    "pl_total_vol": 2.3384006737362895,
    "pl_near_bid_vol": 1.557333310372082,
    "pl_near_ask_vol": 0.9143574842944747,
    "pl_near_vol": 3.1562760998352384,
    "pl_trade_count": 8.669172238632596e-05,
    "pl_total_trade_vol": 0.5842852520289465,
    "pl_max_trade_size": 0.5696114631670265,
    "pl_mean_trade_size": 0.5280671909155714,
    "pl_buy_vol": 0.6723040978601055,
    "pl_sell_vol": 0.37258193418325325,
    "pl_buy_count": 0.5681803140609947,
    "pl_sell_count": 0.738400725212327,
    "pl_bid_ask_ratio": 1.148707401333424,
    "pl_close_bid_ratio": 0.6208311717821553,
    "pl_close_ask_ratio": 0.6755905955326756,
    "pl_spread": 0.359001418975266,
    "pl_spread_ticks": 0.6649784397251195,
    "pl_bid_top3_concentration": 1.1877444491573514,
    "pl_ask_top3_concentration": 0.6735558371608602,
    "pl_bid_depth_slope": 0.910282878509968,
    "pl_ask_depth_slope": 1.1766437543333095,
    "pl_bid_vol_trend": 1.3448324859887122,
    "pl_ask_vol_trend": 1.3392529953185284,
    "pl_imbalance_volatility": 1.25318450203749,
    "pl_spread_max": 2.6678398523523166,
    "pl_extremum_type": 0.13991799928273435,
    "pl_prominence": 50.53513160376032,
    "pl_width": 7.387510501448977,
    "ms_rsi_20": 0.7440388914819923,
    "ms_rsi_40": 0.8725216482732968,
    "ms_rsi_80": 0.4763301842250053,
    "ms_rsi_120": 0.8885011790561725,
    "ms_rsi_160": 0.9217962062700377,
    "ms_rsi_200": 1.1355635093676684,
    "ms_macd_12_26": 0.43630645075658847,
    "ms_macd_20_50": 0.6695306621341243,
    "ms_macd_40_100": 1.3210054371612796,
    "ms_price_velocity_10": 0.6026989577998108,
    "ms_price_velocity_20": 0.539485371630389,
    "ms_price_velocity_50": 0.9370175529136282,
    "ms_volume_momentum": 1.0105728147874338,
    "ms_uptick_fraction": 0.5973671451199547,
    "ms_downtick_fraction": 0.7556626438347321,
    "ms_volatility": 1.4056414782378543
  },
  "train_metrics": {
    "train_accuracy": 0.7945804603962707,
    "n_train_samples": 64249.0,
    "n_selected_features": 46.0
  },
  "config": {
    "model_type": "catboost",
    "iterations": 500,
    "depth": 6,
    "learning_rate": 0.03,
    "loss_function": "Logloss",
    "auto_class_weights": "Balanced",
    "rfecv_enabled": false,
    "rfecv_min_features": 5,
    "early_stopping_rounds": 50
  }
}